# Blender 4.4.1
# www.blender.org
mtllib clear.mtl
o テキスト
v -0.741000 0.346000 -0.170000
v -0.743000 0.346000 -0.170000
v -0.754209 0.364799 -0.170000
v -0.765338 0.381727 -0.170000
v -0.776391 0.396828 -0.170000
v -0.787371 0.410148 -0.170000
v -0.798281 0.421732 -0.170000
v -0.809125 0.431625 -0.170000
v -0.819907 0.439872 -0.170000
v -0.830630 0.446519 -0.170000
v -0.841297 0.451609 -0.170000
v -0.851912 0.455190 -0.170000
v -0.862479 0.457305 -0.170000
v -0.873000 0.458000 -0.170000
v -0.881961 0.457645 -0.170000
v -0.890857 0.456579 -0.170000
v -0.899703 0.454797 -0.170000
v -0.908519 0.452296 -0.170000
v -0.917320 0.449074 -0.170000
v -0.926125 0.445125 -0.170000
v -0.934951 0.440447 -0.170000
v -0.943815 0.435037 -0.170000
v -0.952735 0.428891 -0.170000
v -0.961727 0.422005 -0.170000
v -0.970810 0.414376 -0.170000
v -0.980000 0.406000 -0.170000
v -0.933000 0.329000 -0.170000
v -0.926096 0.335328 -0.170000
v -0.918935 0.341287 -0.170000
v -0.911594 0.346844 -0.170000
v -0.904148 0.351963 -0.170000
v -0.896675 0.356610 -0.170000
v -0.889250 0.360750 -0.170000
v -0.881950 0.364348 -0.170000
v -0.874852 0.367370 -0.170000
v -0.868031 0.369781 -0.170000
v -0.861565 0.371546 -0.170000
v -0.855529 0.372631 -0.170000
v -0.850000 0.373000 -0.170000
v -0.835041 0.371755 -0.170000
v -0.820746 0.368125 -0.170000
v -0.807235 0.362266 -0.170000
v -0.794630 0.354333 -0.170000
v -0.783053 0.344484 -0.170000
v -0.772625 0.332875 -0.170000
v -0.763468 0.319661 -0.170000
v -0.755704 0.305000 -0.170000
v -0.749453 0.289047 -0.170000
v -0.744838 0.271958 -0.170000
v -0.741980 0.253891 -0.170000
v -0.741000 0.235000 -0.170000
v -0.741000 -0.000000 -0.170000
v -0.652000 -0.000000 -0.170000
v -0.652000 0.449000 -0.170000
v -0.741000 0.449000 -0.170000
v -0.557230 0.019639 -0.170000
v -0.548338 0.014032 -0.170000
v -0.540203 0.009141 -0.170000
v -0.532704 0.004926 -0.170000
v -0.525718 0.001350 -0.170000
v -0.519125 -0.001625 -0.170000
v -0.512803 -0.004038 -0.170000
v -0.506630 -0.005926 -0.170000
v -0.500485 -0.007328 -0.170000
v -0.494246 -0.008282 -0.170000
v -0.487791 -0.008827 -0.170000
v -0.481000 -0.009000 -0.170000
v -0.471622 -0.008706 -0.170000
v -0.462977 -0.007815 -0.170000
v -0.455047 -0.006313 -0.170000
v -0.447815 -0.004185 -0.170000
v -0.441263 -0.001419 -0.170000
v -0.435375 0.002000 -0.170000
v -0.430133 0.006086 -0.170000
v -0.425519 0.010852 -0.170000
v -0.421516 0.016312 -0.170000
v -0.418107 0.022481 -0.170000
v -0.415274 0.029373 -0.170000
v -0.413000 0.037000 -0.170000
v -0.403210 0.029583 -0.170000
v -0.393343 0.022829 -0.170000
v -0.383406 0.016734 -0.170000
v -0.373408 0.011296 -0.170000
v -0.363353 0.006511 -0.170000
v -0.353250 0.002375 -0.170000
v -0.343106 -0.001115 -0.170000
v -0.332926 -0.003963 -0.170000
v -0.322719 -0.006172 -0.170000
v -0.312491 -0.007745 -0.170000
v -0.302249 -0.008687 -0.170000
v -0.292000 -0.009000 -0.170000
v -0.275971 -0.007943 -0.170000
v -0.260935 -0.004880 -0.170000
v -0.246969 0.000031 -0.170000
v -0.234148 0.006630 -0.170000
v -0.222550 0.014756 -0.170000
v -0.212250 0.024250 -0.170000
v -0.203325 0.034953 -0.170000
v -0.195852 0.046704 -0.170000
v -0.189907 0.059344 -0.170000
v -0.185565 0.072713 -0.170000
v -0.182904 0.086652 -0.170000
v -0.182000 0.101000 -0.170000
v -0.183636 0.121994 -0.170000
v -0.188334 0.140616 -0.170000
v -0.195782 0.157078 -0.170000
v -0.205667 0.171593 -0.170000
v -0.217677 0.184371 -0.170000
v -0.231500 0.195625 -0.170000
v -0.246823 0.205567 -0.170000
v -0.263334 0.214407 -0.170000
v -0.280719 0.222359 -0.170000
v -0.298667 0.229634 -0.170000
v -0.316865 0.236444 -0.170000
v -0.335000 0.243000 -0.170000
v -0.414000 0.271000 -0.170000
v -0.414000 0.295000 -0.170000
v -0.413438 0.308318 -0.170000
v -0.411750 0.320296 -0.170000
v -0.408938 0.330969 -0.170000
v -0.405000 0.340370 -0.170000
v -0.399938 0.348536 -0.170000
v -0.393750 0.355500 -0.170000
v -0.386438 0.361297 -0.170000
v -0.378000 0.365963 -0.170000
v -0.368438 0.369531 -0.170000
v -0.357750 0.372037 -0.170000
v -0.345938 0.373515 -0.170000
v -0.333000 0.374000 -0.170000
v -0.320734 0.373518 -0.170000
v -0.308454 0.372060 -0.170000
v -0.296188 0.369609 -0.170000
v -0.283963 0.366148 -0.170000
v -0.271808 0.361659 -0.170000
v -0.259750 0.356125 -0.170000
v -0.247817 0.349528 -0.170000
v -0.236037 0.341852 -0.170000
v -0.224438 0.333078 -0.170000
v -0.213046 0.323190 -0.170000
v -0.201891 0.312170 -0.170000
v -0.191000 0.300000 -0.170000
v -0.191000 0.397000 -0.170000
v -0.200043 0.406813 -0.170000
v -0.209676 0.415755 -0.170000
v -0.219907 0.423828 -0.170000
v -0.230741 0.431037 -0.170000
v -0.242187 0.437385 -0.170000
v -0.254250 0.442875 -0.170000
v -0.266939 0.447511 -0.170000
v -0.280260 0.451296 -0.170000
v -0.294219 0.454234 -0.170000
v -0.308824 0.456329 -0.170000
v -0.324082 0.457583 -0.170000
v -0.340000 0.458000 -0.170000
v -0.362323 0.457036 -0.170000
v -0.383671 0.454120 -0.170000
v -0.403859 0.449219 -0.170000
v -0.422704 0.442296 -0.170000
v -0.440020 0.433318 -0.170000
v -0.455625 0.422250 -0.170000
v -0.469334 0.409057 -0.170000
v -0.480963 0.393704 -0.170000
v -0.490328 0.376156 -0.170000
v -0.497245 0.356380 -0.170000
v -0.501531 0.334339 -0.170000
v -0.503000 0.310000 -0.170000
v -0.503000 0.079000 -0.170000
v -0.503125 0.074976 -0.170000
v -0.503496 0.071394 -0.170000
v -0.504110 0.068234 -0.170000
v -0.504963 0.065481 -0.170000
v -0.506053 0.063117 -0.170000
v -0.507375 0.061125 -0.170000
v -0.508927 0.059487 -0.170000
v -0.510704 0.058185 -0.170000
v -0.512703 0.057203 -0.170000
v -0.514922 0.056523 -0.170000
v -0.517355 0.056128 -0.170000
v -0.520000 0.056000 -0.170000
v -0.522434 0.056186 -0.170000
v -0.525218 0.056736 -0.170000
v -0.528328 0.057641 -0.170000
v -0.531741 0.058889 -0.170000
v -0.535431 0.060470 -0.170000
v -0.539375 0.062375 -0.170000
v -0.543548 0.064592 -0.170000
v -0.547926 0.067111 -0.170000
v -0.552484 0.069922 -0.170000
v -0.557199 0.073014 -0.170000
v -0.562046 0.076377 -0.170000
v -0.567000 0.080000 -0.170000
v -0.567000 0.026000 -0.170000
v -0.395241 0.215484 -0.170000
v -0.377093 0.208875 -0.170000
v -0.359750 0.202078 -0.170000
v -0.343408 0.195000 -0.170000
v -0.328259 0.187547 -0.170000
v -0.314500 0.179625 -0.170000
v -0.302324 0.171141 -0.170000
v -0.291926 0.162000 -0.170000
v -0.283500 0.152109 -0.170000
v -0.277241 0.141375 -0.170000
v -0.273343 0.129703 -0.170000
v -0.272000 0.117000 -0.170000
v -0.272553 0.107988 -0.170000
v -0.274171 0.099486 -0.170000
v -0.276797 0.091547 -0.170000
v -0.280370 0.084222 -0.170000
v -0.284833 0.077564 -0.170000
v -0.290125 0.071625 -0.170000
v -0.296188 0.066457 -0.170000
v -0.302963 0.062111 -0.170000
v -0.310391 0.058641 -0.170000
v -0.318412 0.056097 -0.170000
v -0.326968 0.054533 -0.170000
v -0.336000 0.054000 -0.170000
v -0.342959 0.054289 -0.170000
v -0.349834 0.055144 -0.170000
v -0.356626 0.056547 -0.170000
v -0.363334 0.058481 -0.170000
v -0.369959 0.060930 -0.170000
v -0.376500 0.063875 -0.170000
v -0.382959 0.067299 -0.170000
v -0.389334 0.071185 -0.170000
v -0.395625 0.075516 -0.170000
v -0.401834 0.080273 -0.170000
v -0.407959 0.085440 -0.170000
v -0.414000 0.091000 -0.170000
v -0.414000 0.222000 -0.170000
v -0.101586 0.035395 -0.170000
v -0.088269 0.027574 -0.170000
v -0.074938 0.020531 -0.170000
v -0.061482 0.014259 -0.170000
v -0.047790 0.008751 -0.170000
v -0.033750 0.004000 -0.170000
v -0.019253 -0.000001 -0.170000
v -0.004185 -0.003259 -0.170000
v 0.011562 -0.005781 -0.170000
v 0.028102 -0.007574 -0.170000
v 0.045544 -0.008645 -0.170000
v 0.064000 -0.009000 -0.170000
v 0.097699 -0.006665 -0.170000
v 0.128759 0.000093 -0.170000
v 0.157125 0.010906 -0.170000
v 0.182741 0.025407 -0.170000
v 0.205551 0.043228 -0.170000
v 0.225500 0.064000 -0.170000
v 0.242532 0.087355 -0.170000
v 0.256592 0.112926 -0.170000
v 0.267625 0.140344 -0.170000
v 0.275574 0.169241 -0.170000
v 0.280384 0.199249 -0.170000
v 0.282000 0.230000 -0.170000
v 0.280236 0.263056 -0.170000
v 0.275055 0.294111 -0.170000
v 0.266625 0.323000 -0.170000
v 0.255111 0.349556 -0.170000
v 0.240680 0.373611 -0.170000
v 0.223500 0.395000 -0.170000
v 0.203736 0.413556 -0.170000
v 0.181555 0.429111 -0.170000
v 0.157125 0.441500 -0.170000
v 0.130611 0.450556 -0.170000
v 0.102180 0.456111 -0.170000
v 0.072000 0.458000 -0.170000
v 0.043165 0.456310 -0.170000
v 0.016236 0.451232 -0.170000
v -0.008672 0.442750 -0.170000
v -0.031445 0.430852 -0.170000
v -0.051967 0.415523 -0.170000
v -0.070125 0.396750 -0.170000
v -0.085804 0.374519 -0.170000
v -0.098889 0.348815 -0.170000
v -0.109266 0.319625 -0.170000
v -0.116820 0.286935 -0.170000
v -0.121436 0.250731 -0.170000
v -0.123000 0.211000 -0.170000
v 0.193000 0.211000 -0.170000
v 0.188730 0.189648 -0.170000
v 0.182926 0.170097 -0.170000
v 0.175594 0.152359 -0.170000
v 0.166741 0.136444 -0.170000
v 0.156374 0.122363 -0.170000
v 0.144500 0.110125 -0.170000
v 0.131126 0.099741 -0.170000
v 0.116259 0.091222 -0.170000
v 0.099906 0.084578 -0.170000
v 0.082074 0.079819 -0.170000
v 0.062770 0.076957 -0.170000
v 0.042000 0.076000 -0.170000
v 0.028560 0.076413 -0.170000
v 0.015231 0.077639 -0.170000
v 0.002000 0.079656 -0.170000
v -0.011148 0.082444 -0.170000
v -0.024227 0.085983 -0.170000
v -0.037250 0.090250 -0.170000
v -0.050232 0.095226 -0.170000
v -0.063185 0.100889 -0.170000
v -0.076125 0.107219 -0.170000
v -0.089065 0.114194 -0.170000
v -0.102019 0.121795 -0.170000
v -0.115000 0.130000 -0.170000
v -0.115000 0.044000 -0.170000
v -0.033507 0.286469 -0.170000
v -0.030556 0.301833 -0.170000
v -0.026188 0.316031 -0.170000
v -0.020445 0.329000 -0.170000
v -0.013368 0.340677 -0.170000
v -0.005000 0.351000 -0.170000
v 0.004618 0.359906 -0.170000
v 0.015444 0.367333 -0.170000
v 0.027437 0.373219 -0.170000
v 0.040555 0.377500 -0.170000
v 0.054757 0.380115 -0.170000
v 0.070000 0.381000 -0.170000
v 0.086436 0.380172 -0.170000
v 0.101741 0.377708 -0.170000
v 0.115906 0.373641 -0.170000
v 0.128926 0.368000 -0.170000
v 0.140793 0.360818 -0.170000
v 0.151500 0.352125 -0.170000
v 0.161040 0.341953 -0.170000
v 0.169407 0.330333 -0.170000
v 0.176594 0.317297 -0.170000
v 0.182592 0.302875 -0.170000
v 0.187397 0.287099 -0.170000
v 0.191000 0.270000 -0.170000
v -0.035000 0.270000 -0.170000
v 0.477000 -0.000000 -0.170000
v 0.477000 0.682000 -0.170000
v 0.388000 0.682000 -0.170000
v 0.388000 -0.000000 -0.170000
v 0.599409 0.340008 -0.170000
v 0.611185 0.347065 -0.170000
v 0.622406 0.353219 -0.170000
v 0.633148 0.358519 -0.170000
v 0.643487 0.363013 -0.170000
v 0.653500 0.366750 -0.170000
v 0.663263 0.369779 -0.170000
v 0.672852 0.372148 -0.170000
v 0.682344 0.373906 -0.170000
v 0.691815 0.375102 -0.170000
v 0.701341 0.375784 -0.170000
v 0.711000 0.376000 -0.170000
v 0.730711 0.374747 -0.170000
v 0.749273 0.371060 -0.170000
v 0.766578 0.365047 -0.170000
v 0.782518 0.356815 -0.170000
v 0.796987 0.346472 -0.170000
v 0.809875 0.334125 -0.170000
v 0.821076 0.319883 -0.170000
v 0.830481 0.303852 -0.170000
v 0.837984 0.286141 -0.170000
v 0.843477 0.266856 -0.170000
v 0.846851 0.246107 -0.170000
v 0.848000 0.224000 -0.170000
v 0.846766 0.201532 -0.170000
v 0.843130 0.180671 -0.170000
v 0.837188 0.161484 -0.170000
v 0.829037 0.144037 -0.170000
v 0.818775 0.128395 -0.170000
v 0.806500 0.114625 -0.170000
v 0.792308 0.102792 -0.170000
v 0.776296 0.092963 -0.170000
v 0.758562 0.085203 -0.170000
v 0.739204 0.079579 -0.170000
v 0.718317 0.076156 -0.170000
v 0.696000 0.075000 -0.170000
v 0.686535 0.075208 -0.170000
v 0.677116 0.075833 -0.170000
v 0.667703 0.076875 -0.170000
v 0.658259 0.078333 -0.170000
v 0.648746 0.080208 -0.170000
v 0.639125 0.082500 -0.170000
v 0.629358 0.085208 -0.170000
v 0.619407 0.088333 -0.170000
v 0.609234 0.091875 -0.170000
v 0.598801 0.095833 -0.170000
v 0.588069 0.100208 -0.170000
v 0.577000 0.105000 -0.170000
v 0.577000 0.017000 -0.170000
v 0.585041 0.013547 -0.170000
v 0.594079 0.010213 -0.170000
v 0.603984 0.007031 -0.170000
v 0.614630 0.004037 -0.170000
v 0.625886 0.001265 -0.170000
v 0.637625 -0.001250 -0.170000
v 0.649718 -0.003473 -0.170000
v 0.662037 -0.005370 -0.170000
v 0.674453 -0.006906 -0.170000
v 0.686838 -0.008046 -0.170000
v 0.699063 -0.008756 -0.170000
v 0.711000 -0.009000 -0.170000
v 0.743635 -0.007094 -0.170000
v 0.774417 -0.001500 -0.170000
v 0.803156 0.007594 -0.170000
v 0.829667 0.020000 -0.170000
v 0.853760 0.035531 -0.170000
v 0.875250 0.054000 -0.170000
v 0.893948 0.075219 -0.170000
v 0.909667 0.099000 -0.170000
v 0.922219 0.125156 -0.170000
v 0.931417 0.153500 -0.170000
v 0.937073 0.183844 -0.170000
v 0.939000 0.216000 -0.170000
v 0.937229 0.251852 -0.170000
v 0.932000 0.285315 -0.170000
v 0.923437 0.316250 -0.170000
v 0.911667 0.344519 -0.170000
v 0.896812 0.369981 -0.170000
v 0.879000 0.392500 -0.170000
v 0.858354 0.411935 -0.170000
v 0.835000 0.428148 -0.170000
v 0.809062 0.441000 -0.170000
v 0.780667 0.450352 -0.170000
v 0.749937 0.456065 -0.170000
v 0.717000 0.458000 -0.170000
v 0.704340 0.457753 -0.170000
v 0.692301 0.457023 -0.170000
v 0.680797 0.455828 -0.170000
v 0.669741 0.454185 -0.170000
v 0.659046 0.452112 -0.170000
v 0.648625 0.449625 -0.170000
v 0.638392 0.446743 -0.170000
v 0.628259 0.443482 -0.170000
v 0.618141 0.439859 -0.170000
v 0.607949 0.435894 -0.170000
v 0.597598 0.431601 -0.170000
v 0.587000 0.427000 -0.170000
v 0.587000 0.332000 -0.170000
v -0.741000 0.346000 0.170000
v -0.743000 0.346000 0.170000
v -0.754209 0.364799 0.170000
v -0.765338 0.381727 0.170000
v -0.776391 0.396828 0.170000
v -0.787371 0.410148 0.170000
v -0.798281 0.421732 0.170000
v -0.809125 0.431625 0.170000
v -0.819907 0.439872 0.170000
v -0.830630 0.446519 0.170000
v -0.841297 0.451609 0.170000
v -0.851912 0.455190 0.170000
v -0.862479 0.457305 0.170000
v -0.873000 0.458000 0.170000
v -0.881961 0.457645 0.170000
v -0.890857 0.456579 0.170000
v -0.899703 0.454797 0.170000
v -0.908519 0.452296 0.170000
v -0.917320 0.449074 0.170000
v -0.926125 0.445125 0.170000
v -0.934951 0.440447 0.170000
v -0.943815 0.435037 0.170000
v -0.952735 0.428891 0.170000
v -0.961727 0.422005 0.170000
v -0.970810 0.414376 0.170000
v -0.980000 0.406000 0.170000
v -0.933000 0.329000 0.170000
v -0.926096 0.335328 0.170000
v -0.918935 0.341287 0.170000
v -0.911594 0.346844 0.170000
v -0.904148 0.351963 0.170000
v -0.896675 0.356610 0.170000
v -0.889250 0.360750 0.170000
v -0.881950 0.364348 0.170000
v -0.874852 0.367370 0.170000
v -0.868031 0.369781 0.170000
v -0.861565 0.371546 0.170000
v -0.855529 0.372631 0.170000
v -0.850000 0.373000 0.170000
v -0.835041 0.371755 0.170000
v -0.820746 0.368125 0.170000
v -0.807235 0.362266 0.170000
v -0.794630 0.354333 0.170000
v -0.783053 0.344484 0.170000
v -0.772625 0.332875 0.170000
v -0.763468 0.319661 0.170000
v -0.755704 0.305000 0.170000
v -0.749453 0.289047 0.170000
v -0.744838 0.271958 0.170000
v -0.741980 0.253891 0.170000
v -0.741000 0.235000 0.170000
v -0.741000 0.000000 0.170000
v -0.652000 0.000000 0.170000
v -0.652000 0.449000 0.170000
v -0.741000 0.449000 0.170000
v -0.557230 0.019639 0.170000
v -0.548338 0.014032 0.170000
v -0.540203 0.009141 0.170000
v -0.532704 0.004926 0.170000
v -0.525718 0.001350 0.170000
v -0.519125 -0.001625 0.170000
v -0.512803 -0.004038 0.170000
v -0.506630 -0.005926 0.170000
v -0.500485 -0.007328 0.170000
v -0.494246 -0.008282 0.170000
v -0.487791 -0.008827 0.170000
v -0.481000 -0.009000 0.170000
v -0.471622 -0.008706 0.170000
v -0.462977 -0.007815 0.170000
v -0.455047 -0.006312 0.170000
v -0.447815 -0.004185 0.170000
v -0.441263 -0.001419 0.170000
v -0.435375 0.002000 0.170000
v -0.430133 0.006086 0.170000
v -0.425519 0.010852 0.170000
v -0.421516 0.016313 0.170000
v -0.418107 0.022481 0.170000
v -0.415274 0.029373 0.170000
v -0.413000 0.037000 0.170000
v -0.403210 0.029583 0.170000
v -0.393343 0.022829 0.170000
v -0.383406 0.016734 0.170000
v -0.373408 0.011296 0.170000
v -0.363353 0.006511 0.170000
v -0.353250 0.002375 0.170000
v -0.343106 -0.001115 0.170000
v -0.332926 -0.003963 0.170000
v -0.322719 -0.006172 0.170000
v -0.312491 -0.007745 0.170000
v -0.302249 -0.008687 0.170000
v -0.292000 -0.009000 0.170000
v -0.275971 -0.007943 0.170000
v -0.260935 -0.004880 0.170000
v -0.246969 0.000031 0.170000
v -0.234148 0.006630 0.170000
v -0.222550 0.014756 0.170000
v -0.212250 0.024250 0.170000
v -0.203325 0.034953 0.170000
v -0.195852 0.046704 0.170000
v -0.189907 0.059344 0.170000
v -0.185565 0.072713 0.170000
v -0.182904 0.086652 0.170000
v -0.182000 0.101000 0.170000
v -0.183636 0.121994 0.170000
v -0.188334 0.140616 0.170000
v -0.195782 0.157078 0.170000
v -0.205667 0.171593 0.170000
v -0.217677 0.184371 0.170000
v -0.231500 0.195625 0.170000
v -0.246823 0.205567 0.170000
v -0.263334 0.214407 0.170000
v -0.280719 0.222359 0.170000
v -0.298667 0.229634 0.170000
v -0.316865 0.236444 0.170000
v -0.335000 0.243000 0.170000
v -0.414000 0.271000 0.170000
v -0.414000 0.295000 0.170000
v -0.413438 0.308318 0.170000
v -0.411750 0.320296 0.170000
v -0.408938 0.330969 0.170000
v -0.405000 0.340370 0.170000
v -0.399938 0.348536 0.170000
v -0.393750 0.355500 0.170000
v -0.386438 0.361297 0.170000
v -0.378000 0.365963 0.170000
v -0.368438 0.369531 0.170000
v -0.357750 0.372037 0.170000
v -0.345938 0.373515 0.170000
v -0.333000 0.374000 0.170000
v -0.320734 0.373518 0.170000
v -0.308454 0.372060 0.170000
v -0.296188 0.369609 0.170000
v -0.283963 0.366148 0.170000
v -0.271808 0.361659 0.170000
v -0.259750 0.356125 0.170000
v -0.247817 0.349528 0.170000
v -0.236037 0.341852 0.170000
v -0.224438 0.333078 0.170000
v -0.213046 0.323190 0.170000
v -0.201891 0.312170 0.170000
v -0.191000 0.300000 0.170000
v -0.191000 0.397000 0.170000
v -0.200043 0.406813 0.170000
v -0.209676 0.415755 0.170000
v -0.219907 0.423828 0.170000
v -0.230741 0.431037 0.170000
v -0.242187 0.437385 0.170000
v -0.254250 0.442875 0.170000
v -0.266939 0.447511 0.170000
v -0.280260 0.451296 0.170000
v -0.294219 0.454234 0.170000
v -0.308824 0.456329 0.170000
v -0.324082 0.457583 0.170000
v -0.340000 0.458000 0.170000
v -0.362323 0.457036 0.170000
v -0.383671 0.454120 0.170000
v -0.403859 0.449219 0.170000
v -0.422704 0.442296 0.170000
v -0.440020 0.433318 0.170000
v -0.455625 0.422250 0.170000
v -0.469334 0.409057 0.170000
v -0.480963 0.393704 0.170000
v -0.490328 0.376156 0.170000
v -0.497245 0.356380 0.170000
v -0.501531 0.334339 0.170000
v -0.503000 0.310000 0.170000
v -0.503000 0.079000 0.170000
v -0.503125 0.074976 0.170000
v -0.503496 0.071394 0.170000
v -0.504110 0.068234 0.170000
v -0.504963 0.065481 0.170000
v -0.506053 0.063117 0.170000
v -0.507375 0.061125 0.170000
v -0.508927 0.059487 0.170000
v -0.510704 0.058185 0.170000
v -0.512703 0.057203 0.170000
v -0.514922 0.056523 0.170000
v -0.517355 0.056128 0.170000
v -0.520000 0.056000 0.170000
v -0.522434 0.056186 0.170000
v -0.525218 0.056736 0.170000
v -0.528328 0.057641 0.170000
v -0.531741 0.058889 0.170000
v -0.535431 0.060470 0.170000
v -0.539375 0.062375 0.170000
v -0.543548 0.064592 0.170000
v -0.547926 0.067111 0.170000
v -0.552484 0.069922 0.170000
v -0.557199 0.073014 0.170000
v -0.562046 0.076377 0.170000
v -0.567000 0.080000 0.170000
v -0.567000 0.026000 0.170000
v -0.395241 0.215484 0.170000
v -0.377093 0.208875 0.170000
v -0.359750 0.202078 0.170000
v -0.343408 0.195000 0.170000
v -0.328259 0.187547 0.170000
v -0.314500 0.179625 0.170000
v -0.302324 0.171141 0.170000
v -0.291926 0.162000 0.170000
v -0.283500 0.152109 0.170000
v -0.277241 0.141375 0.170000
v -0.273343 0.129703 0.170000
v -0.272000 0.117000 0.170000
v -0.272553 0.107988 0.170000
v -0.274171 0.099486 0.170000
v -0.276797 0.091547 0.170000
v -0.280370 0.084222 0.170000
v -0.284833 0.077564 0.170000
v -0.290125 0.071625 0.170000
v -0.296188 0.066457 0.170000
v -0.302963 0.062111 0.170000
v -0.310391 0.058641 0.170000
v -0.318412 0.056097 0.170000
v -0.326968 0.054533 0.170000
v -0.336000 0.054000 0.170000
v -0.342959 0.054289 0.170000
v -0.349834 0.055144 0.170000
v -0.356626 0.056547 0.170000
v -0.363334 0.058481 0.170000
v -0.369959 0.060930 0.170000
v -0.376500 0.063875 0.170000
v -0.382959 0.067299 0.170000
v -0.389334 0.071185 0.170000
v -0.395625 0.075516 0.170000
v -0.401834 0.080273 0.170000
v -0.407959 0.085440 0.170000
v -0.414000 0.091000 0.170000
v -0.414000 0.222000 0.170000
v -0.101586 0.035395 0.170000
v -0.088269 0.027574 0.170000
v -0.074938 0.020531 0.170000
v -0.061482 0.014259 0.170000
v -0.047790 0.008751 0.170000
v -0.033750 0.004000 0.170000
v -0.019253 -0.000001 0.170000
v -0.004185 -0.003259 0.170000
v 0.011562 -0.005781 0.170000
v 0.028102 -0.007574 0.170000
v 0.045544 -0.008645 0.170000
v 0.064000 -0.009000 0.170000
v 0.097699 -0.006665 0.170000
v 0.128759 0.000093 0.170000
v 0.157125 0.010906 0.170000
v 0.182741 0.025407 0.170000
v 0.205551 0.043228 0.170000
v 0.225500 0.064000 0.170000
v 0.242532 0.087355 0.170000
v 0.256592 0.112926 0.170000
v 0.267625 0.140344 0.170000
v 0.275574 0.169241 0.170000
v 0.280384 0.199249 0.170000
v 0.282000 0.230000 0.170000
v 0.280236 0.263056 0.170000
v 0.275055 0.294111 0.170000
v 0.266625 0.323000 0.170000
v 0.255111 0.349556 0.170000
v 0.240680 0.373611 0.170000
v 0.223500 0.395000 0.170000
v 0.203736 0.413556 0.170000
v 0.181555 0.429111 0.170000
v 0.157125 0.441500 0.170000
v 0.130611 0.450556 0.170000
v 0.102180 0.456111 0.170000
v 0.072000 0.458000 0.170000
v 0.043165 0.456310 0.170000
v 0.016236 0.451232 0.170000
v -0.008672 0.442750 0.170000
v -0.031445 0.430852 0.170000
v -0.051967 0.415523 0.170000
v -0.070125 0.396750 0.170000
v -0.085804 0.374519 0.170000
v -0.098889 0.348815 0.170000
v -0.109266 0.319625 0.170000
v -0.116820 0.286935 0.170000
v -0.121436 0.250731 0.170000
v -0.123000 0.211000 0.170000
v 0.193000 0.211000 0.170000
v 0.188730 0.189648 0.170000
v 0.182926 0.170097 0.170000
v 0.175594 0.152359 0.170000
v 0.166741 0.136444 0.170000
v 0.156374 0.122363 0.170000
v 0.144500 0.110125 0.170000
v 0.131126 0.099741 0.170000
v 0.116259 0.091222 0.170000
v 0.099906 0.084578 0.170000
v 0.082074 0.079819 0.170000
v 0.062770 0.076957 0.170000
v 0.042000 0.076000 0.170000
v 0.028560 0.076413 0.170000
v 0.015231 0.077639 0.170000
v 0.002000 0.079656 0.170000
v -0.011148 0.082444 0.170000
v -0.024227 0.085983 0.170000
v -0.037250 0.090250 0.170000
v -0.050232 0.095226 0.170000
v -0.063185 0.100889 0.170000
v -0.076125 0.107219 0.170000
v -0.089065 0.114194 0.170000
v -0.102019 0.121795 0.170000
v -0.115000 0.130000 0.170000
v -0.115000 0.044000 0.170000
v -0.033507 0.286469 0.170000
v -0.030556 0.301833 0.170000
v -0.026188 0.316031 0.170000
v -0.020445 0.329000 0.170000
v -0.013368 0.340677 0.170000
v -0.005000 0.351000 0.170000
v 0.004618 0.359906 0.170000
v 0.015444 0.367333 0.170000
v 0.027437 0.373219 0.170000
v 0.040555 0.377500 0.170000
v 0.054757 0.380115 0.170000
v 0.070000 0.381000 0.170000
v 0.086436 0.380172 0.170000
v 0.101741 0.377708 0.170000
v 0.115906 0.373641 0.170000
v 0.128926 0.368000 0.170000
v 0.140793 0.360818 0.170000
v 0.151500 0.352125 0.170000
v 0.161040 0.341953 0.170000
v 0.169407 0.330333 0.170000
v 0.176594 0.317297 0.170000
v 0.182592 0.302875 0.170000
v 0.187397 0.287099 0.170000
v 0.191000 0.270000 0.170000
v -0.035000 0.270000 0.170000
v 0.477000 0.000000 0.170000
v 0.477000 0.682000 0.170000
v 0.388000 0.682000 0.170000
v 0.388000 0.000000 0.170000
v 0.599409 0.340008 0.170000
v 0.611185 0.347065 0.170000
v 0.622406 0.353219 0.170000
v 0.633148 0.358519 0.170000
v 0.643487 0.363013 0.170000
v 0.653500 0.366750 0.170000
v 0.663263 0.369779 0.170000
v 0.672852 0.372148 0.170000
v 0.682344 0.373906 0.170000
v 0.691815 0.375102 0.170000
v 0.701341 0.375784 0.170000
v 0.711000 0.376000 0.170000
v 0.730711 0.374747 0.170000
v 0.749273 0.371060 0.170000
v 0.766578 0.365047 0.170000
v 0.782518 0.356815 0.170000
v 0.796987 0.346472 0.170000
v 0.809875 0.334125 0.170000
v 0.821076 0.319883 0.170000
v 0.830481 0.303852 0.170000
v 0.837984 0.286141 0.170000
v 0.843477 0.266856 0.170000
v 0.846851 0.246107 0.170000
v 0.848000 0.224000 0.170000
v 0.846766 0.201532 0.170000
v 0.843130 0.180671 0.170000
v 0.837188 0.161484 0.170000
v 0.829037 0.144037 0.170000
v 0.818775 0.128395 0.170000
v 0.806500 0.114625 0.170000
v 0.792308 0.102792 0.170000
v 0.776296 0.092963 0.170000
v 0.758562 0.085203 0.170000
v 0.739204 0.079579 0.170000
v 0.718317 0.076156 0.170000
v 0.696000 0.075000 0.170000
v 0.686535 0.075208 0.170000
v 0.677116 0.075833 0.170000
v 0.667703 0.076875 0.170000
v 0.658259 0.078333 0.170000
v 0.648746 0.080208 0.170000
v 0.639125 0.082500 0.170000
v 0.629358 0.085208 0.170000
v 0.619407 0.088333 0.170000
v 0.609234 0.091875 0.170000
v 0.598801 0.095833 0.170000
v 0.588069 0.100208 0.170000
v 0.577000 0.105000 0.170000
v 0.577000 0.017000 0.170000
v 0.585041 0.013547 0.170000
v 0.594079 0.010213 0.170000
v 0.603984 0.007031 0.170000
v 0.614630 0.004037 0.170000
v 0.625886 0.001265 0.170000
v 0.637625 -0.001250 0.170000
v 0.649718 -0.003473 0.170000
v 0.662037 -0.005370 0.170000
v 0.674453 -0.006906 0.170000
v 0.686838 -0.008046 0.170000
v 0.699063 -0.008756 0.170000
v 0.711000 -0.009000 0.170000
v 0.743635 -0.007094 0.170000
v 0.774417 -0.001500 0.170000
v 0.803156 0.007594 0.170000
v 0.829667 0.020000 0.170000
v 0.853760 0.035531 0.170000
v 0.875250 0.054000 0.170000
v 0.893948 0.075219 0.170000
v 0.909667 0.099000 0.170000
v 0.922219 0.125156 0.170000
v 0.931417 0.153500 0.170000
v 0.937073 0.183844 0.170000
v 0.939000 0.216000 0.170000
v 0.937229 0.251852 0.170000
v 0.932000 0.285315 0.170000
v 0.923437 0.316250 0.170000
v 0.911667 0.344519 0.170000
v 0.896812 0.369981 0.170000
v 0.879000 0.392500 0.170000
v 0.858354 0.411935 0.170000
v 0.835000 0.428148 0.170000
v 0.809062 0.441000 0.170000
v 0.780667 0.450352 0.170000
v 0.749937 0.456065 0.170000
v 0.717000 0.458000 0.170000
v 0.704340 0.457753 0.170000
v 0.692301 0.457023 0.170000
v 0.680797 0.455828 0.170000
v 0.669741 0.454185 0.170000
v 0.659046 0.452112 0.170000
v 0.648625 0.449625 0.170000
v 0.638392 0.446743 0.170000
v 0.628259 0.443482 0.170000
v 0.618141 0.439859 0.170000
v 0.607949 0.435894 0.170000
v 0.597598 0.431601 0.170000
v 0.587000 0.427000 0.170000
v 0.587000 0.332000 0.170000
v 0.599409 0.340008 0.170000
v 0.599409 0.340008 -0.170000
v 0.611185 0.347065 0.170000
v 0.611185 0.347065 -0.170000
v 0.622406 0.353219 0.170000
v 0.622406 0.353219 -0.170000
v 0.633148 0.358519 0.170000
v 0.633148 0.358519 -0.170000
v 0.643487 0.363013 0.170000
v 0.643487 0.363013 -0.170000
v 0.653500 0.366750 0.170000
v 0.653500 0.366750 -0.170000
v 0.663263 0.369779 0.170000
v 0.663263 0.369779 -0.170000
v 0.672852 0.372148 0.170000
v 0.672852 0.372148 -0.170000
v 0.682344 0.373906 0.170000
v 0.682344 0.373906 -0.170000
v 0.691815 0.375102 0.170000
v 0.691815 0.375102 -0.170000
v 0.701341 0.375784 0.170000
v 0.701341 0.375784 -0.170000
v 0.711000 0.376000 0.170000
v 0.711000 0.376000 -0.170000
v 0.730711 0.374747 0.170000
v 0.730711 0.374747 -0.170000
v 0.749273 0.371060 0.170000
v 0.749273 0.371060 -0.170000
v 0.766578 0.365047 0.170000
v 0.766578 0.365047 -0.170000
v 0.782518 0.356815 0.170000
v 0.782518 0.356815 -0.170000
v 0.796987 0.346472 0.170000
v 0.796987 0.346472 -0.170000
v 0.809875 0.334125 0.170000
v 0.809875 0.334125 -0.170000
v 0.821076 0.319883 0.170000
v 0.821076 0.319883 -0.170000
v 0.830481 0.303852 0.170000
v 0.830481 0.303852 -0.170000
v 0.837984 0.286141 0.170000
v 0.837984 0.286141 -0.170000
v 0.843477 0.266856 0.170000
v 0.843477 0.266856 -0.170000
v 0.846851 0.246107 0.170000
v 0.846851 0.246107 -0.170000
v 0.848000 0.224000 0.170000
v 0.848000 0.224000 -0.170000
v 0.846766 0.201532 0.170000
v 0.846766 0.201532 -0.170000
v 0.843130 0.180671 0.170000
v 0.843130 0.180671 -0.170000
v 0.837188 0.161484 0.170000
v 0.837188 0.161484 -0.170000
v 0.829037 0.144037 0.170000
v 0.829037 0.144037 -0.170000
v 0.818775 0.128395 0.170000
v 0.818775 0.128395 -0.170000
v 0.806500 0.114625 0.170000
v 0.806500 0.114625 -0.170000
v 0.792308 0.102792 0.170000
v 0.792308 0.102792 -0.170000
v 0.776296 0.092963 0.170000
v 0.776296 0.092963 -0.170000
v 0.758562 0.085203 0.170000
v 0.758562 0.085203 -0.170000
v 0.739204 0.079579 0.170000
v 0.739204 0.079579 -0.170000
v 0.718317 0.076156 0.170000
v 0.718317 0.076156 -0.170000
v 0.696000 0.075000 0.170000
v 0.696000 0.075000 -0.170000
v 0.686535 0.075208 0.170000
v 0.686535 0.075208 -0.170000
v 0.677116 0.075833 0.170000
v 0.677116 0.075833 -0.170000
v 0.667703 0.076875 0.170000
v 0.667703 0.076875 -0.170000
v 0.658259 0.078333 0.170000
v 0.658259 0.078333 -0.170000
v 0.648746 0.080208 0.170000
v 0.648746 0.080208 -0.170000
v 0.639125 0.082500 0.170000
v 0.639125 0.082500 -0.170000
v 0.629358 0.085208 0.170000
v 0.629358 0.085208 -0.170000
v 0.619407 0.088333 0.170000
v 0.619407 0.088333 -0.170000
v 0.609234 0.091875 0.170000
v 0.609234 0.091875 -0.170000
v 0.598801 0.095833 0.170000
v 0.598801 0.095833 -0.170000
v 0.588069 0.100208 0.170000
v 0.588069 0.100208 -0.170000
v 0.577000 0.105000 0.170000
v 0.577000 0.105000 -0.170000
v 0.577000 0.017000 0.170000
v 0.577000 0.017000 -0.170000
v 0.585041 0.013547 0.170000
v 0.585041 0.013547 -0.170000
v 0.594079 0.010213 0.170000
v 0.594079 0.010213 -0.170000
v 0.603984 0.007031 0.170000
v 0.603984 0.007031 -0.170000
v 0.614630 0.004037 0.170000
v 0.614630 0.004037 -0.170000
v 0.625886 0.001265 0.170000
v 0.625886 0.001265 -0.170000
v 0.637625 -0.001250 0.170000
v 0.637625 -0.001250 -0.170000
v 0.649718 -0.003473 0.170000
v 0.649718 -0.003473 -0.170000
v 0.662037 -0.005370 0.170000
v 0.662037 -0.005370 -0.170000
v 0.674453 -0.006906 0.170000
v 0.674453 -0.006906 -0.170000
v 0.686838 -0.008046 0.170000
v 0.686838 -0.008046 -0.170000
v 0.699063 -0.008756 0.170000
v 0.699063 -0.008756 -0.170000
v 0.711000 -0.009000 0.170000
v 0.711000 -0.009000 -0.170000
v 0.743635 -0.007094 0.170000
v 0.743635 -0.007094 -0.170000
v 0.774417 -0.001500 0.170000
v 0.774417 -0.001500 -0.170000
v 0.803156 0.007594 0.170000
v 0.803156 0.007594 -0.170000
v 0.829667 0.020000 0.170000
v 0.829667 0.020000 -0.170000
v 0.853760 0.035531 0.170000
v 0.853760 0.035531 -0.170000
v 0.875250 0.054000 0.170000
v 0.875250 0.054000 -0.170000
v 0.893948 0.075219 0.170000
v 0.893948 0.075219 -0.170000
v 0.909667 0.099000 0.170000
v 0.909667 0.099000 -0.170000
v 0.922219 0.125156 0.170000
v 0.922219 0.125156 -0.170000
v 0.931417 0.153500 0.170000
v 0.931417 0.153500 -0.170000
v 0.937073 0.183844 0.170000
v 0.937073 0.183844 -0.170000
v 0.939000 0.216000 0.170000
v 0.939000 0.216000 -0.170000
v 0.937229 0.251852 0.170000
v 0.937229 0.251852 -0.170000
v 0.932000 0.285315 0.170000
v 0.932000 0.285315 -0.170000
v 0.923437 0.316250 0.170000
v 0.923437 0.316250 -0.170000
v 0.911667 0.344519 0.170000
v 0.911667 0.344519 -0.170000
v 0.896812 0.369981 0.170000
v 0.896812 0.369981 -0.170000
v 0.879000 0.392500 0.170000
v 0.879000 0.392500 -0.170000
v 0.858354 0.411935 0.170000
v 0.858354 0.411935 -0.170000
v 0.835000 0.428148 0.170000
v 0.835000 0.428148 -0.170000
v 0.809062 0.441000 0.170000
v 0.809062 0.441000 -0.170000
v 0.780667 0.450352 0.170000
v 0.780667 0.450352 -0.170000
v 0.749937 0.456065 0.170000
v 0.749937 0.456065 -0.170000
v 0.717000 0.458000 0.170000
v 0.717000 0.458000 -0.170000
v 0.704340 0.457753 0.170000
v 0.704340 0.457753 -0.170000
v 0.692301 0.457023 0.170000
v 0.692301 0.457023 -0.170000
v 0.680797 0.455828 0.170000
v 0.680797 0.455828 -0.170000
v 0.669741 0.454185 0.170000
v 0.669741 0.454185 -0.170000
v 0.659046 0.452112 0.170000
v 0.659046 0.452112 -0.170000
v 0.648625 0.449625 0.170000
v 0.648625 0.449625 -0.170000
v 0.638392 0.446743 0.170000
v 0.638392 0.446743 -0.170000
v 0.628259 0.443482 0.170000
v 0.628259 0.443482 -0.170000
v 0.618141 0.439859 0.170000
v 0.618141 0.439859 -0.170000
v 0.607949 0.435894 0.170000
v 0.607949 0.435894 -0.170000
v 0.597598 0.431601 0.170000
v 0.597598 0.431601 -0.170000
v 0.587000 0.427000 0.170000
v 0.587000 0.427000 -0.170000
v 0.587000 0.332000 0.170000
v 0.587000 0.332000 -0.170000
v 0.477000 0.000000 0.170000
v 0.477000 -0.000000 -0.170000
v 0.477000 0.682000 0.170000
v 0.477000 0.682000 -0.170000
v 0.388000 0.682000 0.170000
v 0.388000 0.682000 -0.170000
v 0.388000 0.000000 0.170000
v 0.388000 -0.000000 -0.170000
v -0.101586 0.035395 0.170000
v -0.101586 0.035395 -0.170000
v -0.088269 0.027574 0.170000
v -0.088269 0.027574 -0.170000
v -0.074938 0.020531 0.170000
v -0.074938 0.020531 -0.170000
v -0.061482 0.014259 0.170000
v -0.061482 0.014259 -0.170000
v -0.047790 0.008751 0.170000
v -0.047790 0.008751 -0.170000
v -0.033750 0.004000 0.170000
v -0.033750 0.004000 -0.170000
v -0.019253 -0.000001 0.170000
v -0.019253 -0.000001 -0.170000
v -0.004185 -0.003259 0.170000
v -0.004185 -0.003259 -0.170000
v 0.011562 -0.005781 0.170000
v 0.011562 -0.005781 -0.170000
v 0.028102 -0.007574 0.170000
v 0.028102 -0.007574 -0.170000
v 0.045544 -0.008645 0.170000
v 0.045544 -0.008645 -0.170000
v 0.064000 -0.009000 0.170000
v 0.064000 -0.009000 -0.170000
v 0.097699 -0.006665 0.170000
v 0.097699 -0.006665 -0.170000
v 0.128759 0.000093 0.170000
v 0.128759 0.000093 -0.170000
v 0.157125 0.010906 0.170000
v 0.157125 0.010906 -0.170000
v 0.182741 0.025407 0.170000
v 0.182741 0.025407 -0.170000
v 0.205551 0.043228 0.170000
v 0.205551 0.043228 -0.170000
v 0.225500 0.064000 0.170000
v 0.225500 0.064000 -0.170000
v 0.242532 0.087355 0.170000
v 0.242532 0.087355 -0.170000
v 0.256592 0.112926 0.170000
v 0.256592 0.112926 -0.170000
v 0.267625 0.140344 0.170000
v 0.267625 0.140344 -0.170000
v 0.275574 0.169241 0.170000
v 0.275574 0.169241 -0.170000
v 0.280384 0.199249 0.170000
v 0.280384 0.199249 -0.170000
v 0.282000 0.230000 0.170000
v 0.282000 0.230000 -0.170000
v 0.280236 0.263056 0.170000
v 0.280236 0.263056 -0.170000
v 0.275055 0.294111 0.170000
v 0.275055 0.294111 -0.170000
v 0.266625 0.323000 0.170000
v 0.266625 0.323000 -0.170000
v 0.255111 0.349556 0.170000
v 0.255111 0.349556 -0.170000
v 0.240680 0.373611 0.170000
v 0.240680 0.373611 -0.170000
v 0.223500 0.395000 0.170000
v 0.223500 0.395000 -0.170000
v 0.203736 0.413556 0.170000
v 0.203736 0.413556 -0.170000
v 0.181555 0.429111 0.170000
v 0.181555 0.429111 -0.170000
v 0.157125 0.441500 0.170000
v 0.157125 0.441500 -0.170000
v 0.130611 0.450556 0.170000
v 0.130611 0.450556 -0.170000
v 0.102180 0.456111 0.170000
v 0.102180 0.456111 -0.170000
v 0.072000 0.458000 0.170000
v 0.072000 0.458000 -0.170000
v 0.043165 0.456310 0.170000
v 0.043165 0.456310 -0.170000
v 0.016236 0.451232 0.170000
v 0.016236 0.451232 -0.170000
v -0.008672 0.442750 0.170000
v -0.008672 0.442750 -0.170000
v -0.031445 0.430852 0.170000
v -0.031445 0.430852 -0.170000
v -0.051967 0.415523 0.170000
v -0.051967 0.415523 -0.170000
v -0.070125 0.396750 0.170000
v -0.070125 0.396750 -0.170000
v -0.085804 0.374519 0.170000
v -0.085804 0.374519 -0.170000
v -0.098889 0.348815 0.170000
v -0.098889 0.348815 -0.170000
v -0.109266 0.319625 0.170000
v -0.109266 0.319625 -0.170000
v -0.116820 0.286935 0.170000
v -0.116820 0.286935 -0.170000
v -0.121436 0.250731 0.170000
v -0.121436 0.250731 -0.170000
v -0.123000 0.211000 0.170000
v -0.123000 0.211000 -0.170000
v 0.193000 0.211000 0.170000
v 0.193000 0.211000 -0.170000
v 0.188730 0.189648 0.170000
v 0.188730 0.189648 -0.170000
v 0.182926 0.170097 0.170000
v 0.182926 0.170097 -0.170000
v 0.175594 0.152359 0.170000
v 0.175594 0.152359 -0.170000
v 0.166741 0.136444 0.170000
v 0.166741 0.136444 -0.170000
v 0.156374 0.122363 0.170000
v 0.156374 0.122363 -0.170000
v 0.144500 0.110125 0.170000
v 0.144500 0.110125 -0.170000
v 0.131126 0.099741 0.170000
v 0.131126 0.099741 -0.170000
v 0.116259 0.091222 0.170000
v 0.116259 0.091222 -0.170000
v 0.099906 0.084578 0.170000
v 0.099906 0.084578 -0.170000
v 0.082074 0.079819 0.170000
v 0.082074 0.079819 -0.170000
v 0.062770 0.076957 0.170000
v 0.062770 0.076957 -0.170000
v 0.042000 0.076000 0.170000
v 0.042000 0.076000 -0.170000
v 0.028560 0.076413 0.170000
v 0.028560 0.076413 -0.170000
v 0.015231 0.077639 0.170000
v 0.015231 0.077639 -0.170000
v 0.002000 0.079656 0.170000
v 0.002000 0.079656 -0.170000
v -0.011148 0.082444 0.170000
v -0.011148 0.082444 -0.170000
v -0.024227 0.085983 0.170000
v -0.024227 0.085983 -0.170000
v -0.037250 0.090250 0.170000
v -0.037250 0.090250 -0.170000
v -0.050232 0.095226 0.170000
v -0.050232 0.095226 -0.170000
v -0.063185 0.100889 0.170000
v -0.063185 0.100889 -0.170000
v -0.076125 0.107219 0.170000
v -0.076125 0.107219 -0.170000
v -0.089065 0.114194 0.170000
v -0.089065 0.114194 -0.170000
v -0.102019 0.121795 0.170000
v -0.102019 0.121795 -0.170000
v -0.115000 0.130000 0.170000
v -0.115000 0.130000 -0.170000
v -0.115000 0.044000 0.170000
v -0.115000 0.044000 -0.170000
v -0.033507 0.286469 0.170000
v -0.033507 0.286469 -0.170000
v -0.030556 0.301833 0.170000
v -0.030556 0.301833 -0.170000
v -0.026188 0.316031 0.170000
v -0.026188 0.316031 -0.170000
v -0.020445 0.329000 0.170000
v -0.020445 0.329000 -0.170000
v -0.013368 0.340677 0.170000
v -0.013368 0.340677 -0.170000
v -0.005000 0.351000 0.170000
v -0.005000 0.351000 -0.170000
v 0.004618 0.359906 0.170000
v 0.004618 0.359906 -0.170000
v 0.015444 0.367333 0.170000
v 0.015444 0.367333 -0.170000
v 0.027437 0.373219 0.170000
v 0.027437 0.373219 -0.170000
v 0.040555 0.377500 0.170000
v 0.040555 0.377500 -0.170000
v 0.054757 0.380115 0.170000
v 0.054757 0.380115 -0.170000
v 0.070000 0.381000 0.170000
v 0.070000 0.381000 -0.170000
v 0.086436 0.380172 0.170000
v 0.086436 0.380172 -0.170000
v 0.101741 0.377708 0.170000
v 0.101741 0.377708 -0.170000
v 0.115906 0.373641 0.170000
v 0.115906 0.373641 -0.170000
v 0.128926 0.368000 0.170000
v 0.128926 0.368000 -0.170000
v 0.140793 0.360818 0.170000
v 0.140793 0.360818 -0.170000
v 0.151500 0.352125 0.170000
v 0.151500 0.352125 -0.170000
v 0.161040 0.341953 0.170000
v 0.161040 0.341953 -0.170000
v 0.169407 0.330333 0.170000
v 0.169407 0.330333 -0.170000
v 0.176594 0.317297 0.170000
v 0.176594 0.317297 -0.170000
v 0.182592 0.302875 0.170000
v 0.182592 0.302875 -0.170000
v 0.187397 0.287099 0.170000
v 0.187397 0.287099 -0.170000
v 0.191000 0.270000 0.170000
v 0.191000 0.270000 -0.170000
v -0.035000 0.270000 0.170000
v -0.035000 0.270000 -0.170000
v -0.557230 0.019639 0.170000
v -0.557230 0.019639 -0.170000
v -0.548338 0.014032 0.170000
v -0.548338 0.014032 -0.170000
v -0.540203 0.009141 0.170000
v -0.540203 0.009141 -0.170000
v -0.532704 0.004926 0.170000
v -0.532704 0.004926 -0.170000
v -0.525718 0.001350 0.170000
v -0.525718 0.001350 -0.170000
v -0.519125 -0.001625 0.170000
v -0.519125 -0.001625 -0.170000
v -0.512803 -0.004038 0.170000
v -0.512803 -0.004038 -0.170000
v -0.506630 -0.005926 0.170000
v -0.506630 -0.005926 -0.170000
v -0.500485 -0.007328 0.170000
v -0.500485 -0.007328 -0.170000
v -0.494246 -0.008282 0.170000
v -0.494246 -0.008282 -0.170000
v -0.487791 -0.008827 0.170000
v -0.487791 -0.008827 -0.170000
v -0.481000 -0.009000 0.170000
v -0.481000 -0.009000 -0.170000
v -0.471622 -0.008706 0.170000
v -0.471622 -0.008706 -0.170000
v -0.462977 -0.007815 0.170000
v -0.462977 -0.007815 -0.170000
v -0.455047 -0.006312 0.170000
v -0.455047 -0.006313 -0.170000
v -0.447815 -0.004185 0.170000
v -0.447815 -0.004185 -0.170000
v -0.441263 -0.001419 0.170000
v -0.441263 -0.001419 -0.170000
v -0.435375 0.002000 0.170000
v -0.435375 0.002000 -0.170000
v -0.430133 0.006086 0.170000
v -0.430133 0.006086 -0.170000
v -0.425519 0.010852 0.170000
v -0.425519 0.010852 -0.170000
v -0.421516 0.016313 0.170000
v -0.421516 0.016312 -0.170000
v -0.418107 0.022481 0.170000
v -0.418107 0.022481 -0.170000
v -0.415274 0.029373 0.170000
v -0.415274 0.029373 -0.170000
v -0.413000 0.037000 0.170000
v -0.413000 0.037000 -0.170000
v -0.403210 0.029583 0.170000
v -0.403210 0.029583 -0.170000
v -0.393343 0.022829 0.170000
v -0.393343 0.022829 -0.170000
v -0.383406 0.016734 0.170000
v -0.383406 0.016734 -0.170000
v -0.373408 0.011296 0.170000
v -0.373408 0.011296 -0.170000
v -0.363353 0.006511 0.170000
v -0.363353 0.006511 -0.170000
v -0.353250 0.002375 0.170000
v -0.353250 0.002375 -0.170000
v -0.343106 -0.001115 0.170000
v -0.343106 -0.001115 -0.170000
v -0.332926 -0.003963 0.170000
v -0.332926 -0.003963 -0.170000
v -0.322719 -0.006172 0.170000
v -0.322719 -0.006172 -0.170000
v -0.312491 -0.007745 0.170000
v -0.312491 -0.007745 -0.170000
v -0.302249 -0.008687 0.170000
v -0.302249 -0.008687 -0.170000
v -0.292000 -0.009000 0.170000
v -0.292000 -0.009000 -0.170000
v -0.275971 -0.007943 0.170000
v -0.275971 -0.007943 -0.170000
v -0.260935 -0.004880 0.170000
v -0.260935 -0.004880 -0.170000
v -0.246969 0.000031 0.170000
v -0.246969 0.000031 -0.170000
v -0.234148 0.006630 0.170000
v -0.234148 0.006630 -0.170000
v -0.222550 0.014756 0.170000
v -0.222550 0.014756 -0.170000
v -0.212250 0.024250 0.170000
v -0.212250 0.024250 -0.170000
v -0.203325 0.034953 0.170000
v -0.203325 0.034953 -0.170000
v -0.195852 0.046704 0.170000
v -0.195852 0.046704 -0.170000
v -0.189907 0.059344 0.170000
v -0.189907 0.059344 -0.170000
v -0.185565 0.072713 0.170000
v -0.185565 0.072713 -0.170000
v -0.182904 0.086652 0.170000
v -0.182904 0.086652 -0.170000
v -0.182000 0.101000 0.170000
v -0.182000 0.101000 -0.170000
v -0.183636 0.121994 0.170000
v -0.183636 0.121994 -0.170000
v -0.188334 0.140616 0.170000
v -0.188334 0.140616 -0.170000
v -0.195782 0.157078 0.170000
v -0.195782 0.157078 -0.170000
v -0.205667 0.171593 0.170000
v -0.205667 0.171593 -0.170000
v -0.217677 0.184371 0.170000
v -0.217677 0.184371 -0.170000
v -0.231500 0.195625 0.170000
v -0.231500 0.195625 -0.170000
v -0.246823 0.205567 0.170000
v -0.246823 0.205567 -0.170000
v -0.263334 0.214407 0.170000
v -0.263334 0.214407 -0.170000
v -0.280719 0.222359 0.170000
v -0.280719 0.222359 -0.170000
v -0.298667 0.229634 0.170000
v -0.298667 0.229634 -0.170000
v -0.316865 0.236444 0.170000
v -0.316865 0.236444 -0.170000
v -0.335000 0.243000 0.170000
v -0.335000 0.243000 -0.170000
v -0.414000 0.271000 0.170000
v -0.414000 0.271000 -0.170000
v -0.414000 0.295000 0.170000
v -0.414000 0.295000 -0.170000
v -0.413438 0.308318 0.170000
v -0.413438 0.308318 -0.170000
v -0.411750 0.320296 0.170000
v -0.411750 0.320296 -0.170000
v -0.408938 0.330969 0.170000
v -0.408938 0.330969 -0.170000
v -0.405000 0.340370 0.170000
v -0.405000 0.340370 -0.170000
v -0.399938 0.348536 0.170000
v -0.399938 0.348536 -0.170000
v -0.393750 0.355500 0.170000
v -0.393750 0.355500 -0.170000
v -0.386438 0.361297 0.170000
v -0.386438 0.361297 -0.170000
v -0.378000 0.365963 0.170000
v -0.378000 0.365963 -0.170000
v -0.368438 0.369531 0.170000
v -0.368438 0.369531 -0.170000
v -0.357750 0.372037 0.170000
v -0.357750 0.372037 -0.170000
v -0.345938 0.373515 0.170000
v -0.345938 0.373515 -0.170000
v -0.333000 0.374000 0.170000
v -0.333000 0.374000 -0.170000
v -0.320734 0.373518 0.170000
v -0.320734 0.373518 -0.170000
v -0.308454 0.372060 0.170000
v -0.308454 0.372060 -0.170000
v -0.296188 0.369609 0.170000
v -0.296188 0.369609 -0.170000
v -0.283963 0.366148 0.170000
v -0.283963 0.366148 -0.170000
v -0.271808 0.361659 0.170000
v -0.271808 0.361659 -0.170000
v -0.259750 0.356125 0.170000
v -0.259750 0.356125 -0.170000
v -0.247817 0.349528 0.170000
v -0.247817 0.349528 -0.170000
v -0.236037 0.341852 0.170000
v -0.236037 0.341852 -0.170000
v -0.224438 0.333078 0.170000
v -0.224438 0.333078 -0.170000
v -0.213046 0.323190 0.170000
v -0.213046 0.323190 -0.170000
v -0.201891 0.312170 0.170000
v -0.201891 0.312170 -0.170000
v -0.191000 0.300000 0.170000
v -0.191000 0.300000 -0.170000
v -0.191000 0.397000 0.170000
v -0.191000 0.397000 -0.170000
v -0.200043 0.406813 0.170000
v -0.200043 0.406813 -0.170000
v -0.209676 0.415755 0.170000
v -0.209676 0.415755 -0.170000
v -0.219907 0.423828 0.170000
v -0.219907 0.423828 -0.170000
v -0.230741 0.431037 0.170000
v -0.230741 0.431037 -0.170000
v -0.242187 0.437385 0.170000
v -0.242187 0.437385 -0.170000
v -0.254250 0.442875 0.170000
v -0.254250 0.442875 -0.170000
v -0.266939 0.447511 0.170000
v -0.266939 0.447511 -0.170000
v -0.280260 0.451296 0.170000
v -0.280260 0.451296 -0.170000
v -0.294219 0.454234 0.170000
v -0.294219 0.454234 -0.170000
v -0.308824 0.456329 0.170000
v -0.308824 0.456329 -0.170000
v -0.324082 0.457583 0.170000
v -0.324082 0.457583 -0.170000
v -0.340000 0.458000 0.170000
v -0.340000 0.458000 -0.170000
v -0.362323 0.457036 0.170000
v -0.362323 0.457036 -0.170000
v -0.383671 0.454120 0.170000
v -0.383671 0.454120 -0.170000
v -0.403859 0.449219 0.170000
v -0.403859 0.449219 -0.170000
v -0.422704 0.442296 0.170000
v -0.422704 0.442296 -0.170000
v -0.440020 0.433318 0.170000
v -0.440020 0.433318 -0.170000
v -0.455625 0.422250 0.170000
v -0.455625 0.422250 -0.170000
v -0.469334 0.409057 0.170000
v -0.469334 0.409057 -0.170000
v -0.480963 0.393704 0.170000
v -0.480963 0.393704 -0.170000
v -0.490328 0.376156 0.170000
v -0.490328 0.376156 -0.170000
v -0.497245 0.356380 0.170000
v -0.497245 0.356380 -0.170000
v -0.501531 0.334339 0.170000
v -0.501531 0.334339 -0.170000
v -0.503000 0.310000 0.170000
v -0.503000 0.310000 -0.170000
v -0.503000 0.079000 0.170000
v -0.503000 0.079000 -0.170000
v -0.503125 0.074976 0.170000
v -0.503125 0.074976 -0.170000
v -0.503496 0.071394 0.170000
v -0.503496 0.071394 -0.170000
v -0.504110 0.068234 0.170000
v -0.504110 0.068234 -0.170000
v -0.504963 0.065481 0.170000
v -0.504963 0.065481 -0.170000
v -0.506053 0.063117 0.170000
v -0.506053 0.063117 -0.170000
v -0.507375 0.061125 0.170000
v -0.507375 0.061125 -0.170000
v -0.508927 0.059487 0.170000
v -0.508927 0.059487 -0.170000
v -0.510704 0.058185 0.170000
v -0.510704 0.058185 -0.170000
v -0.512703 0.057203 0.170000
v -0.512703 0.057203 -0.170000
v -0.514922 0.056523 0.170000
v -0.514922 0.056523 -0.170000
v -0.517355 0.056128 0.170000
v -0.517355 0.056128 -0.170000
v -0.520000 0.056000 0.170000
v -0.520000 0.056000 -0.170000
v -0.522434 0.056186 0.170000
v -0.522434 0.056186 -0.170000
v -0.525218 0.056736 0.170000
v -0.525218 0.056736 -0.170000
v -0.528328 0.057641 0.170000
v -0.528328 0.057641 -0.170000
v -0.531741 0.058889 0.170000
v -0.531741 0.058889 -0.170000
v -0.535431 0.060470 0.170000
v -0.535431 0.060470 -0.170000
v -0.539375 0.062375 0.170000
v -0.539375 0.062375 -0.170000
v -0.543548 0.064592 0.170000
v -0.543548 0.064592 -0.170000
v -0.547926 0.067111 0.170000
v -0.547926 0.067111 -0.170000
v -0.552484 0.069922 0.170000
v -0.552484 0.069922 -0.170000
v -0.557199 0.073014 0.170000
v -0.557199 0.073014 -0.170000
v -0.562046 0.076377 0.170000
v -0.562046 0.076377 -0.170000
v -0.567000 0.080000 0.170000
v -0.567000 0.080000 -0.170000
v -0.567000 0.026000 0.170000
v -0.567000 0.026000 -0.170000
v -0.395241 0.215484 0.170000
v -0.395241 0.215484 -0.170000
v -0.377093 0.208875 0.170000
v -0.377093 0.208875 -0.170000
v -0.359750 0.202078 0.170000
v -0.359750 0.202078 -0.170000
v -0.343408 0.195000 0.170000
v -0.343408 0.195000 -0.170000
v -0.328259 0.187547 0.170000
v -0.328259 0.187547 -0.170000
v -0.314500 0.179625 0.170000
v -0.314500 0.179625 -0.170000
v -0.302324 0.171141 0.170000
v -0.302324 0.171141 -0.170000
v -0.291926 0.162000 0.170000
v -0.291926 0.162000 -0.170000
v -0.283500 0.152109 0.170000
v -0.283500 0.152109 -0.170000
v -0.277241 0.141375 0.170000
v -0.277241 0.141375 -0.170000
v -0.273343 0.129703 0.170000
v -0.273343 0.129703 -0.170000
v -0.272000 0.117000 0.170000
v -0.272000 0.117000 -0.170000
v -0.272553 0.107988 0.170000
v -0.272553 0.107988 -0.170000
v -0.274171 0.099486 0.170000
v -0.274171 0.099486 -0.170000
v -0.276797 0.091547 0.170000
v -0.276797 0.091547 -0.170000
v -0.280370 0.084222 0.170000
v -0.280370 0.084222 -0.170000
v -0.284833 0.077564 0.170000
v -0.284833 0.077564 -0.170000
v -0.290125 0.071625 0.170000
v -0.290125 0.071625 -0.170000
v -0.296188 0.066457 0.170000
v -0.296188 0.066457 -0.170000
v -0.302963 0.062111 0.170000
v -0.302963 0.062111 -0.170000
v -0.310391 0.058641 0.170000
v -0.310391 0.058641 -0.170000
v -0.318412 0.056097 0.170000
v -0.318412 0.056097 -0.170000
v -0.326968 0.054533 0.170000
v -0.326968 0.054533 -0.170000
v -0.336000 0.054000 0.170000
v -0.336000 0.054000 -0.170000
v -0.342959 0.054289 0.170000
v -0.342959 0.054289 -0.170000
v -0.349834 0.055144 0.170000
v -0.349834 0.055144 -0.170000
v -0.356626 0.056547 0.170000
v -0.356626 0.056547 -0.170000
v -0.363334 0.058481 0.170000
v -0.363334 0.058481 -0.170000
v -0.369959 0.060930 0.170000
v -0.369959 0.060930 -0.170000
v -0.376500 0.063875 0.170000
v -0.376500 0.063875 -0.170000
v -0.382959 0.067299 0.170000
v -0.382959 0.067299 -0.170000
v -0.389334 0.071185 0.170000
v -0.389334 0.071185 -0.170000
v -0.395625 0.075516 0.170000
v -0.395625 0.075516 -0.170000
v -0.401834 0.080273 0.170000
v -0.401834 0.080273 -0.170000
v -0.407959 0.085440 0.170000
v -0.407959 0.085440 -0.170000
v -0.414000 0.091000 0.170000
v -0.414000 0.091000 -0.170000
v -0.414000 0.222000 0.170000
v -0.414000 0.222000 -0.170000
v -0.741000 0.346000 0.170000
v -0.741000 0.346000 -0.170000
v -0.743000 0.346000 0.170000
v -0.743000 0.346000 -0.170000
v -0.754209 0.364799 0.170000
v -0.754209 0.364799 -0.170000
v -0.765338 0.381727 0.170000
v -0.765338 0.381727 -0.170000
v -0.776391 0.396828 0.170000
v -0.776391 0.396828 -0.170000
v -0.787371 0.410148 0.170000
v -0.787371 0.410148 -0.170000
v -0.798281 0.421732 0.170000
v -0.798281 0.421732 -0.170000
v -0.809125 0.431625 0.170000
v -0.809125 0.431625 -0.170000
v -0.819907 0.439872 0.170000
v -0.819907 0.439872 -0.170000
v -0.830630 0.446519 0.170000
v -0.830630 0.446519 -0.170000
v -0.841297 0.451609 0.170000
v -0.841297 0.451609 -0.170000
v -0.851912 0.455190 0.170000
v -0.851912 0.455190 -0.170000
v -0.862479 0.457305 0.170000
v -0.862479 0.457305 -0.170000
v -0.873000 0.458000 0.170000
v -0.873000 0.458000 -0.170000
v -0.881961 0.457645 0.170000
v -0.881961 0.457645 -0.170000
v -0.890857 0.456579 0.170000
v -0.890857 0.456579 -0.170000
v -0.899703 0.454797 0.170000
v -0.899703 0.454797 -0.170000
v -0.908519 0.452296 0.170000
v -0.908519 0.452296 -0.170000
v -0.917320 0.449074 0.170000
v -0.917320 0.449074 -0.170000
v -0.926125 0.445125 0.170000
v -0.926125 0.445125 -0.170000
v -0.934951 0.440447 0.170000
v -0.934951 0.440447 -0.170000
v -0.943815 0.435037 0.170000
v -0.943815 0.435037 -0.170000
v -0.952735 0.428891 0.170000
v -0.952735 0.428891 -0.170000
v -0.961727 0.422005 0.170000
v -0.961727 0.422005 -0.170000
v -0.970810 0.414376 0.170000
v -0.970810 0.414376 -0.170000
v -0.980000 0.406000 0.170000
v -0.980000 0.406000 -0.170000
v -0.933000 0.329000 0.170000
v -0.933000 0.329000 -0.170000
v -0.926096 0.335328 0.170000
v -0.926096 0.335328 -0.170000
v -0.918935 0.341287 0.170000
v -0.918935 0.341287 -0.170000
v -0.911594 0.346844 0.170000
v -0.911594 0.346844 -0.170000
v -0.904148 0.351963 0.170000
v -0.904148 0.351963 -0.170000
v -0.896675 0.356610 0.170000
v -0.896675 0.356610 -0.170000
v -0.889250 0.360750 0.170000
v -0.889250 0.360750 -0.170000
v -0.881950 0.364348 0.170000
v -0.881950 0.364348 -0.170000
v -0.874852 0.367370 0.170000
v -0.874852 0.367370 -0.170000
v -0.868031 0.369781 0.170000
v -0.868031 0.369781 -0.170000
v -0.861565 0.371546 0.170000
v -0.861565 0.371546 -0.170000
v -0.855529 0.372631 0.170000
v -0.855529 0.372631 -0.170000
v -0.850000 0.373000 0.170000
v -0.850000 0.373000 -0.170000
v -0.835041 0.371755 0.170000
v -0.835041 0.371755 -0.170000
v -0.820746 0.368125 0.170000
v -0.820746 0.368125 -0.170000
v -0.807235 0.362266 0.170000
v -0.807235 0.362266 -0.170000
v -0.794630 0.354333 0.170000
v -0.794630 0.354333 -0.170000
v -0.783053 0.344484 0.170000
v -0.783053 0.344484 -0.170000
v -0.772625 0.332875 0.170000
v -0.772625 0.332875 -0.170000
v -0.763468 0.319661 0.170000
v -0.763468 0.319661 -0.170000
v -0.755704 0.305000 0.170000
v -0.755704 0.305000 -0.170000
v -0.749453 0.289047 0.170000
v -0.749453 0.289047 -0.170000
v -0.744838 0.271958 0.170000
v -0.744838 0.271958 -0.170000
v -0.741980 0.253891 0.170000
v -0.741980 0.253891 -0.170000
v -0.741000 0.235000 0.170000
v -0.741000 0.235000 -0.170000
v -0.741000 0.000000 0.170000
v -0.741000 -0.000000 -0.170000
v -0.652000 0.000000 0.170000
v -0.652000 -0.000000 -0.170000
v -0.652000 0.449000 0.170000
v -0.652000 0.449000 -0.170000
v -0.741000 0.449000 0.170000
v -0.741000 0.449000 -0.170000
vn -0.0000 -0.0000 -1.0000
vn -0.0000 -0.0000 1.0000
vn 0.5282 -0.8491 -0.0000
vn 0.4975 -0.8675 -0.0000
vn 0.4618 -0.8870 -0.0000
vn 0.4207 -0.9072 -0.0000
vn 0.3743 -0.9273 -0.0000
vn 0.3231 -0.9464 -0.0000
vn 0.2682 -0.9634 -0.0000
vn 0.2111 -0.9775 -0.0000
vn 0.1537 -0.9881 -0.0000
vn 0.0983 -0.9952 -0.0000
vn 0.0469 -0.9989 -0.0000
vn -0.0205 -0.9998 -0.0000
vn -0.1294 -0.9916 -0.0000
vn -0.2622 -0.9650 -0.0000
vn -0.3945 -0.9189 -0.0000
vn -0.5216 -0.8532 -0.0000
vn -0.6383 -0.7698 -0.0000
vn -0.7407 -0.6718 -0.0000
vn -0.8262 -0.5634 -0.0000
vn -0.8935 -0.4490 -0.0000
vn -0.9431 -0.3326 -0.0000
vn -0.9760 -0.2176 -0.0000
vn -0.9943 -0.1064 -0.0000
vn -1.0000 0.0015 -0.0000
vn -0.9935 0.1135 -0.0000
vn -0.9722 0.2343 -0.0000
vn -0.9328 0.3604 -0.0000
vn -0.8733 0.4871 -0.0000
vn -0.7935 0.6086 -0.0000
vn -0.6953 0.7187 -0.0000
vn -0.5833 0.8123 -0.0000
vn -0.4631 0.8863 -0.0000
vn -0.3407 0.9402 -0.0000
vn -0.2208 0.9753 -0.0000
vn -0.1069 0.9943 -0.0000
vn -0.0149 0.9999 -0.0000
vn 0.0441 0.9990 -0.0000
vn 0.0881 0.9961 -0.0000
vn 0.1313 0.9913 -0.0000
vn 0.1730 0.9849 -0.0000
vn 0.2126 0.9771 -0.0000
vn 0.2495 0.9684 -0.0000
vn 0.2835 0.9590 -0.0000
vn 0.3142 0.9493 -0.0000
vn 0.3418 0.9398 -0.0000
vn 0.3661 0.9306 -0.0000
vn 0.3874 0.9219 -0.0000
vn -0.5490 0.8358 -0.0000
vn -0.8350 -0.5502 -0.0000
vn -0.3705 -0.9288 -0.0000
vn -0.3261 -0.9454 -0.0000
vn -0.2883 -0.9575 -0.0000
vn -0.2550 -0.9669 -0.0000
vn -0.2243 -0.9745 -0.0000
vn -0.1952 -0.9808 -0.0000
vn -0.1665 -0.9860 -0.0000
vn -0.1375 -0.9905 -0.0000
vn -0.1072 -0.9942 -0.0000
vn -0.0748 -0.9972 -0.0000
vn -0.0392 -0.9992 -0.0000
vn 0.0189 -0.9998 -0.0000
vn 0.1188 -0.9929 -0.0000
vn 0.2407 -0.9706 -0.0000
vn 0.3636 -0.9316 -0.0000
vn 0.4839 -0.8751 -0.0000
vn 0.5982 -0.8013 -0.0000
vn 0.7027 -0.7115 -0.0000
vn 0.7941 -0.6077 -0.0000
vn 0.8699 -0.4932 -0.0000
vn 0.9284 -0.3715 -0.0000
vn 0.9691 -0.2465 -0.0000
vn 0.9926 -0.1218 -0.0000
vn 1.0000 -0.0053 -0.0000
vn 0.9948 0.1020 -0.0000
vn 0.9775 0.2109 -0.0000
vn 0.9453 0.3262 -0.0000
vn 0.8955 0.4451 -0.0000
vn 0.8261 0.5635 -0.0000
vn 0.7368 0.6761 -0.0000
vn 0.6296 0.7769 -0.0000
vn 0.5085 0.8611 -0.0000
vn 0.3793 0.9253 -0.0000
vn 0.2484 0.9687 -0.0000
vn 0.1210 0.9927 -0.0000
vn 0.0196 0.9998 -0.0000
vn -0.0400 0.9992 -0.0000
vn -0.0819 0.9966 -0.0000
vn -0.1252 0.9921 -0.0000
vn -0.1687 0.9857 -0.0000
vn -0.2113 0.9774 -0.0000
vn -0.2517 0.9678 -0.0000
vn -0.2888 0.9574 -0.0000
vn -0.3217 0.9468 -0.0000
vn -0.3499 0.9368 -0.0000
vn -0.3729 0.9279 -0.0000
vn -0.3907 0.9205 -0.0000
vn -0.8361 0.5485 -0.0000
vn -0.4784 -0.8781 -0.0000
vn 0.7071 -0.7071 -0.0000
vn 0.7071 0.7071 -0.0000
vn -0.7071 0.7071 -0.0000
vn -0.7071 -0.7071 -0.0000
vn -0.5233 -0.8522 -0.0000
vn -0.4869 -0.8735 -0.0000
vn -0.4449 -0.8956 -0.0000
vn -0.3980 -0.9174 -0.0000
vn -0.3470 -0.9379 -0.0000
vn -0.2934 -0.9560 -0.0000
vn -0.2388 -0.9711 -0.0000
vn -0.1848 -0.9828 -0.0000
vn -0.1330 -0.9911 -0.0000
vn -0.0845 -0.9964 -0.0000
vn -0.0403 -0.9992 -0.0000
vn 0.0250 -0.9997 -0.0000
vn 0.1412 -0.9900 -0.0000
vn 0.2852 -0.9585 -0.0000
vn 0.4256 -0.9049 -0.0000
vn 0.5557 -0.8314 -0.0000
vn 0.6701 -0.7422 -0.0000
vn 0.7664 -0.6424 -0.0000
vn 0.8438 -0.5366 -0.0000
vn 0.9036 -0.4283 -0.0000
vn 0.9475 -0.3198 -0.0000
vn 0.9773 -0.2121 -0.0000
vn 0.9944 -0.1055 -0.0000
vn 1.0000 0.0004 -0.0000
vn 0.9940 0.1091 -0.0000
vn 0.9749 0.2227 -0.0000
vn 0.9406 0.3396 -0.0000
vn 0.8894 0.4571 -0.0000
vn 0.8205 0.5717 -0.0000
vn 0.7339 0.6793 -0.0000
vn 0.6309 0.7758 -0.0000
vn 0.5145 0.8575 -0.0000
vn 0.3887 0.9214 -0.0000
vn 0.2581 0.9661 -0.0000
vn 0.1274 0.9919 -0.0000
vn 0.0020 1.0000 -0.0000
vn -0.1222 0.9925 -0.0000
vn -0.2545 0.9671 -0.0000
vn -0.3939 0.9192 -0.0000
vn -0.5325 0.8465 -0.0000
vn -0.6607 0.7506 -0.0000
vn -0.7703 0.6377 -0.0000
vn -0.8564 0.5163 -0.0000
vn -0.9186 0.3951 -0.0000
vn -0.9599 0.2805 -0.0000
vn -0.9844 0.1760 -0.0000
vn -0.9966 0.0830 -0.0000
vn -0.7209 -0.6931 -0.0000
vn -0.7733 -0.6340 -0.0000
vn -0.9706 0.2406 -0.0000
vn -0.9427 0.3338 -0.0000
vn -0.9005 0.4348 -0.0000
vn -0.8413 0.5406 -0.0000
vn -0.7633 0.6461 -0.0000
vn -0.6671 0.7449 -0.0000
vn -0.5566 0.8308 -0.0000
vn -0.4378 0.8991 -0.0000
vn -0.3177 0.9482 -0.0000
vn -0.2026 0.9793 -0.0000
vn -0.0965 0.9953 -0.0000
vn -0.0076 1.0000 -0.0000
vn 0.0612 0.9981 -0.0000
vn 0.1212 0.9926 -0.0000
vn 0.1792 0.9838 -0.0000
vn 0.2344 0.9721 -0.0000
vn 0.2864 0.9581 -0.0000
vn 0.3347 0.9423 -0.0000
vn 0.4201 0.9075 -0.0000
vn 0.4571 0.8894 -0.0000
vn 0.4904 0.8715 -0.0000
vn 0.5202 0.8540 -0.0000
vn -0.4826 0.8759 -0.0000
vn -0.8775 -0.4796 -0.0000
vn 0.9902 -0.1396 -0.0000
vn 0.9703 -0.2417 -0.0000
vn 0.9367 -0.3501 -0.0000
vn 0.8866 -0.4625 -0.0000
vn 0.8179 -0.5753 -0.0000
vn 0.7300 -0.6835 -0.0000
vn 0.6242 -0.7812 -0.0000
vn 0.5044 -0.8634 -0.0000
vn 0.3763 -0.9265 -0.0000
vn 0.2462 -0.9692 -0.0000
vn 0.1198 -0.9928 -0.0000
vn 0.0038 -1.0000 -0.0000
vn -0.1048 -0.9945 -0.0000
vn -0.2179 -0.9760 -0.0000
vn -0.3375 -0.9413 -0.0000
vn -0.4587 -0.8886 -0.0000
vn -0.5754 -0.8179 -0.0000
vn -0.6814 -0.7319 -0.0000
vn -0.7721 -0.6355 -0.0000
vn -0.8452 -0.5345 -0.0000
vn -0.9009 -0.4341 -0.0000
vn -0.9411 -0.3381 -0.0000
vn -0.9685 -0.2490 -0.0000
vn -0.7766 0.6300 -0.0000
vn 0.7383 0.6744 -0.0000
vn -0.5395 -0.8420 -0.0000
vn -0.5244 -0.8515 -0.0000
vn -0.5027 -0.8645 -0.0000
vn -0.4729 -0.8811 -0.0000
vn -0.4336 -0.9011 -0.0000
vn -0.3841 -0.9233 -0.0000
vn -0.3247 -0.9458 -0.0000
vn -0.2577 -0.9662 -0.0000
vn -0.1870 -0.9824 -0.0000
vn -0.1177 -0.9930 -0.0000
vn -0.0548 -0.9985 -0.0000
vn 0.0029 -1.0000 -0.0000
vn 0.0670 -0.9978 -0.0000
vn 0.1445 -0.9895 -0.0000
vn 0.2345 -0.9721 -0.0000
vn 0.3361 -0.9418 -0.0000
vn 0.4464 -0.8948 -0.0000
vn 0.5597 -0.8287 -0.0000
vn 0.6682 -0.7440 -0.0000
vn 0.7643 -0.6449 -0.0000
vn 0.8426 -0.5385 -0.0000
vn 0.9016 -0.4327 -0.0000
vn 0.9428 -0.3334 -0.0000
vn 0.3111 -0.9504 -0.0000
vn -0.5845 -0.8114 -0.0000
vn -0.5440 -0.8391 -0.0000
vn -0.5005 -0.8658 -0.0000
vn -0.4539 -0.8910 -0.0000
vn -0.4045 -0.9146 -0.0000
vn -0.3522 -0.9359 -0.0000
vn -0.2975 -0.9547 -0.0000
vn -0.2406 -0.9706 -0.0000
vn -0.1819 -0.9833 -0.0000
vn -0.1219 -0.9925 -0.0000
vn -0.0611 -0.9981 -0.0000
vn 0.0176 -0.9998 -0.0000
vn 0.1330 -0.9911 -0.0000
vn 0.2663 -0.9639 -0.0000
vn 0.3956 -0.9184 -0.0000
vn 0.5169 -0.8560 -0.0000
vn 0.6272 -0.7789 -0.0000
vn 0.7244 -0.6893 -0.0000
vn 0.8076 -0.5898 -0.0000
vn 0.8761 -0.4821 -0.0000
vn 0.9298 -0.3680 -0.0000
vn 0.9686 -0.2487 -0.0000
vn 0.9921 -0.1254 -0.0000
vn 1.0000 0.0074 -0.0000
vn 0.9868 0.1617 -0.0000
vn 0.9441 0.3297 -0.0000
vn 0.8721 0.4894 -0.0000
vn 0.7800 0.6258 -0.0000
vn 0.6815 0.7318 -0.0000
vn 0.5887 0.8084 -0.0000
vn 0.5086 0.8610 -0.0000
vn 0.4442 0.8959 -0.0000
vn 0.3959 0.9183 -0.0000
vn 0.3631 0.9318 -0.0000
vn 0.3452 0.9385 -0.0000
vn 0.3370 0.9415 -0.0000
vn 0.8167 0.5770 -0.0000
vn 0.9998 -0.0211 -0.0000
vn 0.9959 -0.0910 -0.0000
vn 0.9803 -0.1975 -0.0000
vn 0.9470 -0.3213 -0.0000
vn 0.8889 -0.4580 -0.0000
vn 0.8017 -0.5978 -0.0000
vn 0.6870 -0.7267 -0.0000
vn 0.5545 -0.8322 -0.0000
vn 0.4179 -0.9085 -0.0000
vn 0.2895 -0.9572 -0.0000
vn 0.1765 -0.9843 -0.0000
vn 0.0809 -0.9967 -0.0000
vn -0.0009 -1.0000 -0.0000
vn -0.0786 -0.9969 -0.0000
vn -0.1570 -0.9876 -0.0000
vn -0.2344 -0.9721 -0.0000
vn -0.3097 -0.9508 -0.0000
vn -0.3821 -0.9241 -0.0000
vn -0.4508 -0.8926 -0.0000
vn -0.5152 -0.8571 -0.0000
vn -0.5750 -0.8182 -0.0000
vn -0.6298 -0.7768 -0.0000
vn -0.6795 -0.7337 -0.0000
vn -0.7243 -0.6895 -0.0000
vn 0.3570 -0.9341 -0.0000
vn 0.9315 0.3638 -0.0000
vn 0.7084 0.7058 -0.0000
vn 0.6504 0.7596 -0.0000
vn 0.5872 0.8094 -0.0000
vn 0.5199 0.8542 -0.0000
vn 0.4500 0.8930 -0.0000
vn 0.3790 0.9254 -0.0000
vn 0.3085 0.9512 -0.0000
vn 0.2398 0.9708 -0.0000
vn 0.1740 0.9847 -0.0000
vn 0.1120 0.9937 -0.0000
vn 0.0541 0.9985 -0.0000
vn -0.0085 1.0000 -0.0000
vn -0.0893 0.9960 -0.0000
vn -0.1859 0.9826 -0.0000
vn -0.2909 0.9568 -0.0000
vn -0.4034 0.9150 -0.0000
vn -0.5207 0.8538 -0.0000
vn -0.6378 0.7702 -0.0000
vn -0.7476 0.6642 -0.0000
vn -0.8423 0.5390 -0.0000
vn -0.9158 0.4017 -0.0000
vn -0.9653 0.2612 -0.0000
vn -0.9921 0.1258 -0.0000
vn -0.9995 0.0301 -0.0000
vn -0.9999 0.0155 -0.0000
vn -0.9978 0.0670 -0.0000
vn -0.9891 0.1470 -0.0000
vn -0.9698 0.2438 -0.0000
vn -0.9337 0.3582 -0.0000
vn -0.8733 0.4872 -0.0000
vn -0.7825 0.6226 -0.0000
vn -0.6611 0.7503 -0.0000
vn -0.5178 0.8555 -0.0000
vn -0.3681 0.9298 -0.0000
vn -0.2272 0.9738 -0.0000
vn -0.1045 0.9945 -0.0000
vn 0.0139 0.9999 -0.0000
vn 0.1353 0.9908 -0.0000
vn 0.2368 0.9716 -0.0000
vn 0.3115 0.9502 -0.0000
vn 0.3689 0.9295 -0.0000
vn 0.4145 0.9101 -0.0000
vn 0.4521 0.8920 -0.0000
vn 0.4840 0.8751 -0.0000
vn 0.5119 0.8591 -0.0000
vn 0.5367 0.8438 -0.0000
vn 0.5593 0.8290 -0.0000
vn 0.5802 0.8144 -0.0000
vn -0.4526 0.8917 -0.0000
vn -0.8791 -0.4767 -0.0000
vn -0.3352 -0.9422 -0.0000
vn -0.3536 -0.9354 -0.0000
vn -0.3812 -0.9245 -0.0000
vn -0.4196 -0.9077 -0.0000
vn -0.4705 -0.8824 -0.0000
vn -0.5358 -0.8443 -0.0000
vn -0.6169 -0.7870 -0.0000
vn -0.7126 -0.7016 -0.0000
vn -0.8158 -0.5784 -0.0000
vn -0.9110 -0.4124 -0.0000
vn -0.9772 -0.2122 -0.0000
vn -0.9998 -0.0220 -0.0000
vn -0.9922 0.1244 -0.0000
vn -0.9680 0.2511 -0.0000
vn -0.9262 0.3771 -0.0000
vn -0.8667 0.4988 -0.0000
vn -0.7905 0.6125 -0.0000
vn -0.6993 0.7148 -0.0000
vn -0.5957 0.8032 -0.0000
vn -0.4827 0.8758 -0.0000
vn -0.3635 0.9316 -0.0000
vn -0.2415 0.9704 -0.0000
vn -0.1196 0.9928 -0.0000
vn -0.0087 1.0000 -0.0000
vn 0.0825 0.9966 -0.0000
vn 0.1630 0.9866 -0.0000
vn 0.2399 0.9708 -0.0000
vn 0.3121 0.9501 -0.0000
vn 0.3788 0.9255 -0.0000
vn 0.4397 0.8981 -0.0000
vn 0.4947 0.8691 -0.0000
vn 0.5439 0.8391 -0.0000
vn 0.5878 0.8090 -0.0000
vn 0.6267 0.7793 -0.0000
vn 0.6611 0.7503 -0.0000
vn 0.9157 0.4018 -0.0000
vn 0.5796 -0.8149 -0.0000
vn 0.4939 0.8695 -0.0000
vn 0.8475 0.5309 -0.0000
vn 0.8215 0.5702 -0.0000
vn 0.7896 0.6136 -0.0000
vn 0.7502 0.6612 -0.0000
vn 0.7015 0.7127 -0.0000
vn 0.6414 0.7672 -0.0000
vn 0.5679 0.8231 -0.0000
vn 0.4795 0.8775 -0.0000
vn 0.3758 0.9267 -0.0000
vn 0.2585 0.9660 -0.0000
vn 0.1314 0.9913 -0.0000
vn 0.0132 0.9999 -0.0000
vn -0.0794 0.9968 -0.0000
vn -0.1584 0.9874 -0.0000
vn -0.2354 0.9719 -0.0000
vn -0.3086 0.9512 -0.0000
vn -0.3767 0.9263 -0.0000
vn -0.4390 0.8985 -0.0000
vn -0.4949 0.8690 -0.0000
vn -0.5444 0.8388 -0.0000
vn -0.5879 0.8089 -0.0000
vn -0.6257 0.7800 -0.0000
vn -0.6585 0.7526 -0.0000
vn -0.9900 0.1414 -0.0000
vn -0.1400 -0.9902 -0.0000
vn 0.6579 -0.7531 -0.0000
vn 0.6218 -0.7832 -0.0000
vn 0.5852 -0.8109 -0.0000
vn 0.5474 -0.8368 -0.0000
vn 0.5077 -0.8615 -0.0000
vn 0.4647 -0.8855 -0.0000
vn 0.4171 -0.9089 -0.0000
vn 0.3627 -0.9319 -0.0000
vn 0.2985 -0.9544 -0.0000
vn 0.2203 -0.9754 -0.0000
vn 0.1219 -0.9925 -0.0000
vn -0.0082 -1.0000 -0.0000
vn -0.1651 -0.9863 -0.0000
vn -0.3230 -0.9464 -0.0000
vn -0.4666 -0.8845 -0.0000
vn -0.5918 -0.8061 -0.0000
vn -0.6975 -0.7166 -0.0000
vn -0.7845 -0.6201 -0.0000
vn -0.8543 -0.5197 -0.0000
vn -0.9089 -0.4171 -0.0000
vn -0.9497 -0.3132 -0.0000
vn -0.9780 -0.2088 -0.0000
vn -0.9946 -0.1042 -0.0000
vn -0.9997 -0.0259 -0.0000
vt 0.222222 0.000000
vt 0.259259 0.000000
vt 0.240741 0.000000
vt 0.277778 0.000000
vt 0.203704 0.000000
vt 0.296296 0.000000
vt 0.185185 0.000000
vt 0.314815 0.000000
vt 0.333333 0.000000
vt 0.166667 0.000000
vt 0.351852 0.000000
vt 0.962963 0.000000
vt 1.000000 0.000000
vt 0.981481 0.000000
vt 0.000000 0.000000
vt 0.148148 0.000000
vt 0.370370 0.000000
vt 0.388889 0.000000
vt 0.129630 0.000000
vt 0.407407 0.000000
vt 0.111111 0.000000
vt 0.425926 0.000000
vt 0.444444 0.000000
vt 0.092593 0.000000
vt 0.462963 0.000000
vt 0.074074 0.000000
vt 0.648148 0.000000
vt 0.629630 0.000000
vt 0.611111 0.000000
vt 0.592593 0.000000
vt 0.574074 0.000000
vt 0.555556 0.000000
vt 0.537037 0.000000
vt 0.518519 0.000000
vt 0.500000 0.000000
vt 0.481481 0.000000
vt 0.055556 0.000000
vt 0.685185 0.000000
vt 0.666667 0.000000
vt 0.037037 0.000000
vt 0.722222 0.000000
vt 0.703704 0.000000
vt 0.740741 0.000000
vt 0.759259 0.000000
vt 0.018519 0.000000
vt 0.777778 0.000000
vt 0.796296 0.000000
vt 0.870370 0.000000
vt 0.851852 0.000000
vt 0.833333 0.000000
vt 0.814815 0.000000
vt 0.888889 0.000000
vt 0.907407 0.000000
vt 0.925926 0.000000
vt 0.944444 0.000000
vt 0.560694 0.000000
vt 0.572254 0.000000
vt 0.566474 0.000000
vt 0.554913 0.000000
vt 0.578035 0.000000
vt 0.549133 0.000000
vt 0.543353 0.000000
vt 0.583815 0.000000
vt 0.537572 0.000000
vt 0.589595 0.000000
vt 0.531792 0.000000
vt 0.526012 0.000000
vt 0.595376 0.000000
vt 0.520231 0.000000
vt 0.601156 0.000000
vt 0.514451 0.000000
vt 0.508671 0.000000
vt 0.606936 0.000000
vt 0.502890 0.000000
vt 0.612717 0.000000
vt 0.497110 0.000000
vt 0.491329 0.000000
vt 0.485549 0.000000
vt 0.479769 0.000000
vt 0.473988 0.000000
vt 0.468208 0.000000
vt 0.462428 0.000000
vt 0.456647 0.000000
vt 0.450867 0.000000
vt 0.445087 0.000000
vt 0.439306 0.000000
vt 0.433526 0.000000
vt 0.427746 0.000000
vt 0.421965 0.000000
vt 0.618497 0.000000
vt 0.416185 0.000000
vt 0.624277 0.000000
vt 0.410405 0.000000
vt 0.404624 0.000000
vt 0.398844 0.000000
vt 0.393064 0.000000
vt 0.387283 0.000000
vt 0.630058 0.000000
vt 0.381503 0.000000
vt 0.375723 0.000000
vt 0.369942 0.000000
vt 0.635838 0.000000
vt 0.364162 0.000000
vt 0.358382 0.000000
vt 0.641618 0.000000
vt 0.352601 0.000000
vt 0.346821 0.000000
vt 0.341040 0.000000
vt 0.335260 0.000000
vt 0.329480 0.000000
vt 0.323699 0.000000
vt 0.317919 0.000000
vt 0.791907 0.000000
vt 0.994220 0.000000
vt 0.797688 0.000000
vt 0.312139 0.000000
vt 0.803468 0.000000
vt 0.306358 0.000000
vt 0.809249 0.000000
vt 0.300578 0.000000
vt 0.815029 0.000000
vt 0.820809 0.000000
vt 0.294798 0.000000
vt 0.826590 0.000000
vt 0.289017 0.000000
vt 0.832370 0.000000
vt 0.838150 0.000000
vt 0.283237 0.000000
vt 0.843931 0.000000
vt 0.849711 0.000000
vt 0.277457 0.000000
vt 0.855491 0.000000
vt 0.271676 0.000000
vt 0.861272 0.000000
vt 0.867052 0.000000
vt 0.265896 0.000000
vt 0.872832 0.000000
vt 0.878613 0.000000
vt 0.988439 0.000000
vt 0.260116 0.000000
vt 0.982659 0.000000
vt 0.884393 0.000000
vt 0.976879 0.000000
vt 0.774566 0.000000
vt 0.786127 0.000000
vt 0.780347 0.000000
vt 0.647399 0.000000
vt 0.890173 0.000000
vt 0.768786 0.000000
vt 0.971098 0.000000
vt 0.653179 0.000000
vt 0.763006 0.000000
vt 0.254335 0.000000
vt 0.895954 0.000000
vt 0.658960 0.000000
vt 0.965318 0.000000
vt 0.757225 0.000000
vt 0.664740 0.000000
vt 0.959538 0.000000
vt 0.751445 0.000000
vt 0.901734 0.000000
vt 0.670520 0.000000
vt 0.745665 0.000000
vt 0.953757 0.000000
vt 0.676301 0.000000
vt 0.739884 0.000000
vt 0.907514 0.000000
vt 0.682081 0.000000
vt 0.947977 0.000000
vt 0.734104 0.000000
vt 0.687861 0.000000
vt 0.248555 0.000000
vt 0.728324 0.000000
vt 0.913295 0.000000
vt 0.942197 0.000000
vt 0.693642 0.000000
vt 0.722543 0.000000
vt 0.699422 0.000000
vt 0.716763 0.000000
vt 0.936416 0.000000
vt 0.705202 0.000000
vt 0.710983 0.000000
vt 0.919075 0.000000
vt 0.930636 0.000000
vt 0.924855 0.000000
vt 0.132948 0.000000
vt 0.242775 0.000000
vt 0.138728 0.000000
vt 0.127168 0.000000
vt 0.236994 0.000000
vt 0.144509 0.000000
vt 0.121387 0.000000
vt 0.231214 0.000000
vt 0.150289 0.000000
vt 0.115607 0.000000
vt 0.005780 0.000000
vt 0.156069 0.000000
vt 0.109827 0.000000
vt 0.225434 0.000000
vt 0.011561 0.000000
vt 0.161850 0.000000
vt 0.104046 0.000000
vt 0.017341 0.000000
vt 0.219653 0.000000
vt 0.167630 0.000000
vt 0.098266 0.000000
vt 0.023121 0.000000
vt 0.173410 0.000000
vt 0.092486 0.000000
vt 0.028902 0.000000
vt 0.213873 0.000000
vt 0.179191 0.000000
vt 0.086705 0.000000
vt 0.034682 0.000000
vt 0.184971 0.000000
vt 0.040462 0.000000
vt 0.080925 0.000000
vt 0.208092 0.000000
vt 0.046243 0.000000
vt 0.190751 0.000000
vt 0.075145 0.000000
vt 0.052023 0.000000
vt 0.196532 0.000000
vt 0.069364 0.000000
vt 0.202312 0.000000
vt 0.057803 0.000000
vt 0.063584 0.000000
vt 0.346939 0.000000
vt 0.367347 0.000000
vt 0.357143 0.000000
vt 0.377551 0.000000
vt 0.336735 0.000000
vt 0.387755 0.000000
vt 0.326531 0.000000
vt 0.397959 0.000000
vt 0.316327 0.000000
vt 0.408163 0.000000
vt 0.306122 0.000000
vt 0.418367 0.000000
vt 0.295918 0.000000
vt 0.428571 0.000000
vt 0.285714 0.000000
vt 0.867347 0.000000
vt 0.877551 0.000000
vt 0.857143 0.000000
vt 0.887755 0.000000
vt 0.846939 0.000000
vt 0.897959 0.000000
vt 0.836735 0.000000
vt 0.438776 0.000000
vt 0.908163 0.000000
vt 0.275510 0.000000
vt 0.826531 0.000000
vt 0.918367 0.000000
vt 0.816327 0.000000
vt 0.928571 0.000000
vt 0.806122 0.000000
vt 0.938776 0.000000
vt 0.795918 0.000000
vt 0.265306 0.000000
vt 0.448980 0.000000
vt 0.948980 0.000000
vt 0.785714 0.000000
vt 0.959184 0.000000
vt 0.775510 0.000000
vt 0.255102 0.000000
vt 0.459184 0.000000
vt 0.969388 0.000000
vt 0.765306 0.000000
vt 0.979592 0.000000
vt 0.755102 0.000000
vt 0.244898 0.000000
vt 0.989796 0.000000
vt 0.469388 0.000000
vt 0.234694 0.000000
vt 0.479592 0.000000
vt 0.224490 0.000000
vt 0.489796 0.000000
vt 0.214286 0.000000
vt 0.510204 0.000000
vt 0.520408 0.000000
vt 0.204082 0.000000
vt 0.530612 0.000000
vt 0.193878 0.000000
vt 0.540816 0.000000
vt 0.724490 0.000000
vt 0.744898 0.000000
vt 0.734694 0.000000
vt 0.551020 0.000000
vt 0.714286 0.000000
vt 0.704082 0.000000
vt 0.183673 0.000000
vt 0.561224 0.000000
vt 0.693878 0.000000
vt 0.683673 0.000000
vt 0.571429 0.000000
vt 0.673469 0.000000
vt 0.581633 0.000000
vt 0.663265 0.000000
vt 0.173469 0.000000
vt 0.653061 0.000000
vt 0.591837 0.000000
vt 0.642857 0.000000
vt 0.602041 0.000000
vt 0.632653 0.000000
vt 0.622449 0.000000
vt 0.612245 0.000000
vt 0.163265 0.000000
vt 0.153061 0.000000
vt 0.010204 0.000000
vt 0.020408 0.000000
vt 0.142857 0.000000
vt 0.030612 0.000000
vt 0.040816 0.000000
vt 0.132653 0.000000
vt 0.051020 0.000000
vt 0.061224 0.000000
vt 0.122449 0.000000
vt 0.071429 0.000000
vt 0.081633 0.000000
vt 0.091837 0.000000
vt 0.112245 0.000000
vt 0.102041 0.000000
vt 0.855670 0.000000
vt 0.876289 0.000000
vt 0.865979 0.000000
vt 0.886598 0.000000
vt 0.896907 0.000000
vt 0.845361 0.000000
vt 0.907216 0.000000
vt 0.917526 0.000000
vt 0.927835 0.000000
vt 0.835052 0.000000
vt 0.938144 0.000000
vt 0.948454 0.000000
vt 0.958763 0.000000
vt 0.824742 0.000000
vt 0.969072 0.000000
vt 0.979381 0.000000
vt 0.989691 0.000000
vt 0.814433 0.000000
vt 0.072165 0.000000
vt 0.061856 0.000000
vt 0.051546 0.000000
vt 0.041237 0.000000
vt 0.030928 0.000000
vt 0.020619 0.000000
vt 0.010309 0.000000
vt 0.804124 0.000000
vt 0.092784 0.000000
vt 0.082474 0.000000
vt 0.793814 0.000000
vt 0.113402 0.000000
vt 0.103093 0.000000
vt 0.123711 0.000000
vt 0.134021 0.000000
vt 0.144330 0.000000
vt 0.783505 0.000000
vt 0.154639 0.000000
vt 0.164948 0.000000
vt 0.175258 0.000000
vt 0.773196 0.000000
vt 0.185567 0.000000
vt 0.195876 0.000000
vt 0.762887 0.000000
vt 0.206186 0.000000
vt 0.216495 0.000000
vt 0.752577 0.000000
vt 0.226804 0.000000
vt 0.742268 0.000000
vt 0.237113 0.000000
vt 0.247423 0.000000
vt 0.731959 0.000000
vt 0.257732 0.000000
vt 0.721649 0.000000
vt 0.268041 0.000000
vt 0.278351 0.000000
vt 0.711340 0.000000
vt 0.288660 0.000000
vt 0.298969 0.000000
vt 0.701031 0.000000
vt 0.309278 0.000000
vt 0.474227 0.000000
vt 0.494845 0.000000
vt 0.484536 0.000000
vt 0.319588 0.000000
vt 0.463918 0.000000
vt 0.690722 0.000000
vt 0.453608 0.000000
vt 0.329897 0.000000
vt 0.443299 0.000000
vt 0.432990 0.000000
vt 0.422680 0.000000
vt 0.340206 0.000000
vt 0.412371 0.000000
vt 0.402062 0.000000
vt 0.350515 0.000000
vt 0.391753 0.000000
vt 0.381443 0.000000
vt 0.360825 0.000000
vt 0.371134 0.000000
vt 0.680412 0.000000
vt 0.670103 0.000000
vt 0.659794 0.000000
vt 0.649485 0.000000
vt 0.505155 0.000000
vt 0.515464 0.000000
vt 0.525773 0.000000
vt 0.639175 0.000000
vt 0.536082 0.000000
vt 0.546392 0.000000
vt 0.556701 0.000000
vt 0.567010 0.000000
vt 0.628866 0.000000
vt 0.577320 0.000000
vt 0.587629 0.000000
vt 0.597938 0.000000
vt 0.618557 0.000000
vt 0.608247 0.000000
vt 0.000000 1.000000
vt 0.010204 1.000000
vt 0.020408 1.000000
vt 0.030612 1.000000
vt 0.040816 1.000000
vt 0.051020 1.000000
vt 0.061224 1.000000
vt 0.071429 1.000000
vt 0.081633 1.000000
vt 0.091837 1.000000
vt 0.102041 1.000000
vt 0.112245 1.000000
vt 0.122449 1.000000
vt 0.132653 1.000000
vt 0.142857 1.000000
vt 0.153061 1.000000
vt 0.163265 1.000000
vt 0.173469 1.000000
vt 0.183673 1.000000
vt 0.193878 1.000000
vt 0.204082 1.000000
vt 0.214286 1.000000
vt 0.224490 1.000000
vt 0.234694 1.000000
vt 0.244898 1.000000
vt 0.255102 1.000000
vt 0.265306 1.000000
vt 0.275510 1.000000
vt 0.285714 1.000000
vt 0.295918 1.000000
vt 0.306122 1.000000
vt 0.316327 1.000000
vt 0.326531 1.000000
vt 0.336735 1.000000
vt 0.346939 1.000000
vt 0.357143 1.000000
vt 0.367347 1.000000
vt 0.377551 1.000000
vt 0.387755 1.000000
vt 0.397959 1.000000
vt 0.408163 1.000000
vt 0.418367 1.000000
vt 0.428571 1.000000
vt 0.438776 1.000000
vt 0.448980 1.000000
vt 0.459184 1.000000
vt 0.469388 1.000000
vt 0.479592 1.000000
vt 0.489796 1.000000
vt 0.500000 1.000000
vt 0.510204 1.000000
vt 0.520408 1.000000
vt 0.530612 1.000000
vt 0.540816 1.000000
vt 0.551020 1.000000
vt 0.561224 1.000000
vt 0.571429 1.000000
vt 0.581633 1.000000
vt 0.591837 1.000000
vt 0.602041 1.000000
vt 0.612245 1.000000
vt 0.622449 1.000000
vt 0.632653 1.000000
vt 0.642857 1.000000
vt 0.653061 1.000000
vt 0.663265 1.000000
vt 0.673469 1.000000
vt 0.683673 1.000000
vt 0.693878 1.000000
vt 0.704082 1.000000
vt 0.714286 1.000000
vt 0.724490 1.000000
vt 0.734694 1.000000
vt 0.744898 1.000000
vt 0.755102 1.000000
vt 0.765306 1.000000
vt 0.775510 1.000000
vt 0.785714 1.000000
vt 0.795918 1.000000
vt 0.806122 1.000000
vt 0.816327 1.000000
vt 0.826531 1.000000
vt 0.836735 1.000000
vt 0.846939 1.000000
vt 0.857143 1.000000
vt 0.867347 1.000000
vt 0.877551 1.000000
vt 0.887755 1.000000
vt 0.897959 1.000000
vt 0.908163 1.000000
vt 0.918367 1.000000
vt 0.928571 1.000000
vt 0.938776 1.000000
vt 0.948980 1.000000
vt 0.959184 1.000000
vt 0.969388 1.000000
vt 0.979592 1.000000
vt 0.989796 1.000000
vt 1.000000 1.000000
vt 0.250000 1.000000
vt 0.250000 0.000000
vt 0.750000 1.000000
vt 0.750000 0.000000
vt 0.013514 1.000000
vt 0.013514 0.000000
vt 0.027027 1.000000
vt 0.027027 0.000000
vt 0.040541 1.000000
vt 0.040541 0.000000
vt 0.054054 1.000000
vt 0.054054 0.000000
vt 0.067568 1.000000
vt 0.067568 0.000000
vt 0.081081 1.000000
vt 0.081081 0.000000
vt 0.094595 1.000000
vt 0.094595 0.000000
vt 0.108108 1.000000
vt 0.108108 0.000000
vt 0.121622 1.000000
vt 0.121622 0.000000
vt 0.135135 1.000000
vt 0.135135 0.000000
vt 0.148649 1.000000
vt 0.148649 0.000000
vt 0.162162 1.000000
vt 0.162162 0.000000
vt 0.175676 1.000000
vt 0.175676 0.000000
vt 0.189189 1.000000
vt 0.189189 0.000000
vt 0.202703 1.000000
vt 0.202703 0.000000
vt 0.216216 1.000000
vt 0.216216 0.000000
vt 0.229730 1.000000
vt 0.229730 0.000000
vt 0.243243 1.000000
vt 0.243243 0.000000
vt 0.256757 1.000000
vt 0.256757 0.000000
vt 0.270270 1.000000
vt 0.270270 0.000000
vt 0.283784 1.000000
vt 0.283784 0.000000
vt 0.297297 1.000000
vt 0.297297 0.000000
vt 0.310811 1.000000
vt 0.310811 0.000000
vt 0.324324 1.000000
vt 0.324324 0.000000
vt 0.337838 1.000000
vt 0.337838 0.000000
vt 0.351351 1.000000
vt 0.351351 0.000000
vt 0.364865 1.000000
vt 0.364865 0.000000
vt 0.378378 1.000000
vt 0.378378 0.000000
vt 0.391892 1.000000
vt 0.391892 0.000000
vt 0.405405 1.000000
vt 0.405405 0.000000
vt 0.418919 1.000000
vt 0.418919 0.000000
vt 0.432432 1.000000
vt 0.432432 0.000000
vt 0.445946 1.000000
vt 0.445946 0.000000
vt 0.459459 1.000000
vt 0.459459 0.000000
vt 0.472973 1.000000
vt 0.472973 0.000000
vt 0.486486 1.000000
vt 0.486486 0.000000
vt 0.513514 1.000000
vt 0.513514 0.000000
vt 0.527027 1.000000
vt 0.527027 0.000000
vt 0.540541 1.000000
vt 0.540541 0.000000
vt 0.554054 1.000000
vt 0.554054 0.000000
vt 0.567568 1.000000
vt 0.567568 0.000000
vt 0.581081 1.000000
vt 0.581081 0.000000
vt 0.594595 1.000000
vt 0.594595 0.000000
vt 0.608108 1.000000
vt 0.608108 0.000000
vt 0.621622 1.000000
vt 0.621622 0.000000
vt 0.635135 1.000000
vt 0.635135 0.000000
vt 0.648649 1.000000
vt 0.648649 0.000000
vt 0.662162 1.000000
vt 0.662162 0.000000
vt 0.675676 1.000000
vt 0.675676 0.000000
vt 0.689189 1.000000
vt 0.689189 0.000000
vt 0.702703 1.000000
vt 0.702703 0.000000
vt 0.716216 1.000000
vt 0.716216 0.000000
vt 0.729730 1.000000
vt 0.729730 0.000000
vt 0.743243 1.000000
vt 0.743243 0.000000
vt 0.756757 1.000000
vt 0.756757 0.000000
vt 0.770270 1.000000
vt 0.770270 0.000000
vt 0.783784 1.000000
vt 0.783784 0.000000
vt 0.797297 1.000000
vt 0.797297 0.000000
vt 0.810811 1.000000
vt 0.810811 0.000000
vt 0.824324 1.000000
vt 0.824324 0.000000
vt 0.837838 1.000000
vt 0.837838 0.000000
vt 0.851351 1.000000
vt 0.851351 0.000000
vt 0.864865 1.000000
vt 0.864865 0.000000
vt 0.878378 1.000000
vt 0.878378 0.000000
vt 0.891892 1.000000
vt 0.891892 0.000000
vt 0.905405 1.000000
vt 0.905405 0.000000
vt 0.918919 1.000000
vt 0.918919 0.000000
vt 0.932432 1.000000
vt 0.932432 0.000000
vt 0.945946 1.000000
vt 0.945946 0.000000
vt 0.959459 1.000000
vt 0.959459 0.000000
vt 0.972973 1.000000
vt 0.972973 0.000000
vt 0.986486 1.000000
vt 0.986486 0.000000
vt 0.040000 1.000000
vt 0.040000 0.000000
vt 0.080000 1.000000
vt 0.080000 0.000000
vt 0.120000 1.000000
vt 0.120000 0.000000
vt 0.160000 1.000000
vt 0.160000 0.000000
vt 0.200000 1.000000
vt 0.200000 0.000000
vt 0.240000 1.000000
vt 0.240000 0.000000
vt 0.280000 1.000000
vt 0.280000 0.000000
vt 0.320000 1.000000
vt 0.320000 0.000000
vt 0.360000 1.000000
vt 0.360000 0.000000
vt 0.400000 1.000000
vt 0.400000 0.000000
vt 0.440000 1.000000
vt 0.440000 0.000000
vt 0.480000 1.000000
vt 0.480000 0.000000
vt 0.520000 1.000000
vt 0.520000 0.000000
vt 0.560000 1.000000
vt 0.560000 0.000000
vt 0.600000 1.000000
vt 0.600000 0.000000
vt 0.640000 1.000000
vt 0.640000 0.000000
vt 0.680000 1.000000
vt 0.680000 0.000000
vt 0.720000 1.000000
vt 0.720000 0.000000
vt 0.760000 1.000000
vt 0.760000 0.000000
vt 0.800000 1.000000
vt 0.800000 0.000000
vt 0.840000 1.000000
vt 0.840000 0.000000
vt 0.880000 1.000000
vt 0.880000 0.000000
vt 0.920000 1.000000
vt 0.920000 0.000000
vt 0.960000 1.000000
vt 0.960000 0.000000
vt 0.007299 1.000000
vt 0.007299 0.000000
vt 0.014599 1.000000
vt 0.014599 0.000000
vt 0.021898 1.000000
vt 0.021898 0.000000
vt 0.029197 1.000000
vt 0.029197 0.000000
vt 0.036496 1.000000
vt 0.036496 0.000000
vt 0.043796 1.000000
vt 0.043796 0.000000
vt 0.051095 1.000000
vt 0.051095 0.000000
vt 0.058394 1.000000
vt 0.058394 0.000000
vt 0.065693 1.000000
vt 0.065693 0.000000
vt 0.072993 1.000000
vt 0.072993 0.000000
vt 0.080292 1.000000
vt 0.080292 0.000000
vt 0.087591 1.000000
vt 0.087591 0.000000
vt 0.094891 1.000000
vt 0.094891 0.000000
vt 0.102190 1.000000
vt 0.102190 0.000000
vt 0.109489 1.000000
vt 0.109489 0.000000
vt 0.116788 1.000000
vt 0.116788 0.000000
vt 0.124088 1.000000
vt 0.124088 0.000000
vt 0.131387 1.000000
vt 0.131387 0.000000
vt 0.138686 1.000000
vt 0.138686 0.000000
vt 0.145985 1.000000
vt 0.145985 0.000000
vt 0.153285 1.000000
vt 0.153285 0.000000
vt 0.160584 1.000000
vt 0.160584 0.000000
vt 0.167883 1.000000
vt 0.167883 0.000000
vt 0.175182 1.000000
vt 0.175182 0.000000
vt 0.182482 1.000000
vt 0.182482 0.000000
vt 0.189781 1.000000
vt 0.189781 0.000000
vt 0.197080 1.000000
vt 0.197080 0.000000
vt 0.204380 1.000000
vt 0.204380 0.000000
vt 0.211679 1.000000
vt 0.211679 0.000000
vt 0.218978 1.000000
vt 0.218978 0.000000
vt 0.226277 1.000000
vt 0.226277 0.000000
vt 0.233577 1.000000
vt 0.233577 0.000000
vt 0.240876 1.000000
vt 0.240876 0.000000
vt 0.248175 1.000000
vt 0.248175 0.000000
vt 0.255474 1.000000
vt 0.255474 0.000000
vt 0.262774 1.000000
vt 0.262774 0.000000
vt 0.270073 1.000000
vt 0.270073 0.000000
vt 0.277372 1.000000
vt 0.277372 0.000000
vt 0.284672 1.000000
vt 0.284672 0.000000
vt 0.291971 1.000000
vt 0.291971 0.000000
vt 0.299270 1.000000
vt 0.299270 0.000000
vt 0.306569 1.000000
vt 0.306569 0.000000
vt 0.313869 1.000000
vt 0.313869 0.000000
vt 0.321168 1.000000
vt 0.321168 0.000000
vt 0.328467 1.000000
vt 0.328467 0.000000
vt 0.335766 1.000000
vt 0.335766 0.000000
vt 0.343066 1.000000
vt 0.343066 0.000000
vt 0.350365 1.000000
vt 0.350365 0.000000
vt 0.357664 1.000000
vt 0.357664 0.000000
vt 0.364964 1.000000
vt 0.364964 0.000000
vt 0.372263 1.000000
vt 0.372263 0.000000
vt 0.379562 1.000000
vt 0.379562 0.000000
vt 0.386861 1.000000
vt 0.386861 0.000000
vt 0.394161 1.000000
vt 0.394161 0.000000
vt 0.401460 1.000000
vt 0.401460 0.000000
vt 0.408759 1.000000
vt 0.408759 0.000000
vt 0.416058 1.000000
vt 0.416058 0.000000
vt 0.423358 1.000000
vt 0.423358 0.000000
vt 0.430657 1.000000
vt 0.430657 0.000000
vt 0.437956 1.000000
vt 0.437956 0.000000
vt 0.445255 1.000000
vt 0.445255 0.000000
vt 0.452555 1.000000
vt 0.452555 0.000000
vt 0.459854 1.000000
vt 0.459854 0.000000
vt 0.467153 1.000000
vt 0.467153 0.000000
vt 0.474453 1.000000
vt 0.474453 0.000000
vt 0.481752 1.000000
vt 0.481752 0.000000
vt 0.489051 1.000000
vt 0.489051 0.000000
vt 0.496350 1.000000
vt 0.496350 0.000000
vt 0.503650 1.000000
vt 0.503650 0.000000
vt 0.510949 1.000000
vt 0.510949 0.000000
vt 0.518248 1.000000
vt 0.518248 0.000000
vt 0.525547 1.000000
vt 0.525547 0.000000
vt 0.532847 1.000000
vt 0.532847 0.000000
vt 0.540146 1.000000
vt 0.540146 0.000000
vt 0.547445 1.000000
vt 0.547445 0.000000
vt 0.554745 1.000000
vt 0.554745 0.000000
vt 0.562044 1.000000
vt 0.562044 0.000000
vt 0.569343 1.000000
vt 0.569343 0.000000
vt 0.576642 1.000000
vt 0.576642 0.000000
vt 0.583942 1.000000
vt 0.583942 0.000000
vt 0.591241 1.000000
vt 0.591241 0.000000
vt 0.598540 1.000000
vt 0.598540 0.000000
vt 0.605839 1.000000
vt 0.605839 0.000000
vt 0.613139 1.000000
vt 0.613139 0.000000
vt 0.620438 1.000000
vt 0.620438 0.000000
vt 0.627737 1.000000
vt 0.627737 0.000000
vt 0.635036 1.000000
vt 0.635036 0.000000
vt 0.642336 1.000000
vt 0.642336 0.000000
vt 0.649635 1.000000
vt 0.649635 0.000000
vt 0.656934 1.000000
vt 0.656934 0.000000
vt 0.664234 1.000000
vt 0.664234 0.000000
vt 0.671533 1.000000
vt 0.671533 0.000000
vt 0.678832 1.000000
vt 0.678832 0.000000
vt 0.686131 1.000000
vt 0.686131 0.000000
vt 0.693431 1.000000
vt 0.693431 0.000000
vt 0.700730 1.000000
vt 0.700730 0.000000
vt 0.708029 1.000000
vt 0.708029 0.000000
vt 0.715328 1.000000
vt 0.715328 0.000000
vt 0.722628 1.000000
vt 0.722628 0.000000
vt 0.729927 1.000000
vt 0.729927 0.000000
vt 0.737226 1.000000
vt 0.737226 0.000000
vt 0.744526 1.000000
vt 0.744526 0.000000
vt 0.751825 1.000000
vt 0.751825 0.000000
vt 0.759124 1.000000
vt 0.759124 0.000000
vt 0.766423 1.000000
vt 0.766423 0.000000
vt 0.773723 1.000000
vt 0.773723 0.000000
vt 0.781022 1.000000
vt 0.781022 0.000000
vt 0.788321 1.000000
vt 0.788321 0.000000
vt 0.795620 1.000000
vt 0.795620 0.000000
vt 0.802920 1.000000
vt 0.802920 0.000000
vt 0.810219 1.000000
vt 0.810219 0.000000
vt 0.817518 1.000000
vt 0.817518 0.000000
vt 0.824818 1.000000
vt 0.824818 0.000000
vt 0.832117 1.000000
vt 0.832117 0.000000
vt 0.839416 1.000000
vt 0.839416 0.000000
vt 0.846715 1.000000
vt 0.846715 0.000000
vt 0.854015 1.000000
vt 0.854015 0.000000
vt 0.861314 1.000000
vt 0.861314 0.000000
vt 0.868613 1.000000
vt 0.868613 0.000000
vt 0.875912 1.000000
vt 0.875912 0.000000
vt 0.883212 1.000000
vt 0.883212 0.000000
vt 0.890511 1.000000
vt 0.890511 0.000000
vt 0.897810 1.000000
vt 0.897810 0.000000
vt 0.905109 1.000000
vt 0.905109 0.000000
vt 0.912409 1.000000
vt 0.912409 0.000000
vt 0.919708 1.000000
vt 0.919708 0.000000
vt 0.927007 1.000000
vt 0.927007 0.000000
vt 0.934307 1.000000
vt 0.934307 0.000000
vt 0.941606 1.000000
vt 0.941606 0.000000
vt 0.948905 1.000000
vt 0.948905 0.000000
vt 0.956204 1.000000
vt 0.956204 0.000000
vt 0.963504 1.000000
vt 0.963504 0.000000
vt 0.970803 1.000000
vt 0.970803 0.000000
vt 0.978102 1.000000
vt 0.978102 0.000000
vt 0.985401 1.000000
vt 0.985401 0.000000
vt 0.992701 1.000000
vt 0.992701 0.000000
vt 0.018182 1.000000
vt 0.018182 0.000000
vt 0.036364 1.000000
vt 0.036364 0.000000
vt 0.054545 1.000000
vt 0.054545 0.000000
vt 0.072727 1.000000
vt 0.072727 0.000000
vt 0.090909 1.000000
vt 0.090909 0.000000
vt 0.109091 1.000000
vt 0.109091 0.000000
vt 0.127273 1.000000
vt 0.127273 0.000000
vt 0.145455 1.000000
vt 0.145455 0.000000
vt 0.163636 1.000000
vt 0.163636 0.000000
vt 0.181818 1.000000
vt 0.181818 0.000000
vt 0.218182 1.000000
vt 0.218182 0.000000
vt 0.236364 1.000000
vt 0.236364 0.000000
vt 0.254545 1.000000
vt 0.254545 0.000000
vt 0.272727 1.000000
vt 0.272727 0.000000
vt 0.290909 1.000000
vt 0.290909 0.000000
vt 0.309091 1.000000
vt 0.309091 0.000000
vt 0.327273 1.000000
vt 0.327273 0.000000
vt 0.345455 1.000000
vt 0.345455 0.000000
vt 0.363636 1.000000
vt 0.363636 0.000000
vt 0.381818 1.000000
vt 0.381818 0.000000
vt 0.418182 1.000000
vt 0.418182 0.000000
vt 0.436364 1.000000
vt 0.436364 0.000000
vt 0.454545 1.000000
vt 0.454545 0.000000
vt 0.472727 1.000000
vt 0.472727 0.000000
vt 0.490909 1.000000
vt 0.490909 0.000000
vt 0.509091 1.000000
vt 0.509091 0.000000
vt 0.527273 1.000000
vt 0.527273 0.000000
vt 0.545455 1.000000
vt 0.545455 0.000000
vt 0.563636 1.000000
vt 0.563636 0.000000
vt 0.581818 1.000000
vt 0.581818 0.000000
vt 0.618182 1.000000
vt 0.618182 0.000000
vt 0.636364 1.000000
vt 0.636364 0.000000
vt 0.654545 1.000000
vt 0.654545 0.000000
vt 0.672727 1.000000
vt 0.672727 0.000000
vt 0.690909 1.000000
vt 0.690909 0.000000
vt 0.709091 1.000000
vt 0.709091 0.000000
vt 0.727273 1.000000
vt 0.727273 0.000000
vt 0.745455 1.000000
vt 0.745455 0.000000
vt 0.763636 1.000000
vt 0.763636 0.000000
vt 0.781818 1.000000
vt 0.781818 0.000000
vt 0.818182 1.000000
vt 0.818182 0.000000
vt 0.836364 1.000000
vt 0.836364 0.000000
vt 0.854545 1.000000
vt 0.854545 0.000000
vt 0.872727 1.000000
vt 0.872727 0.000000
vt 0.890909 1.000000
vt 0.890909 0.000000
vt 0.909091 1.000000
vt 0.909091 0.000000
vt 0.927273 1.000000
vt 0.927273 0.000000
vt 0.945455 1.000000
vt 0.945455 0.000000
vt 0.963636 1.000000
vt 0.963636 0.000000
vt 0.981818 1.000000
vt 0.981818 0.000000
s 0
usemtl マテリアル.004
f 13/1/1 15/2/1 14/3/1
f 13/1/1 16/4/1 15/2/1
f 12/5/1 16/4/1 13/1/1
f 12/5/1 17/6/1 16/4/1
f 11/7/1 17/6/1 12/5/1
f 11/7/1 18/8/1 17/6/1
f 11/7/1 19/9/1 18/8/1
f 10/10/1 19/9/1 11/7/1
f 10/10/1 20/11/1 19/9/1
f 53/12/1 55/13/1 54/14/1
f 53/12/1 1/15/1 55/13/1
f 9/16/1 20/11/1 10/10/1
f 9/16/1 21/17/1 20/11/1
f 9/16/1 22/18/1 21/17/1
f 8/19/1 22/18/1 9/16/1
f 8/19/1 23/20/1 22/18/1
f 7/21/1 23/20/1 8/19/1
f 7/21/1 24/22/1 23/20/1
f 7/21/1 25/23/1 24/22/1
f 6/24/1 25/23/1 7/21/1
f 6/24/1 26/25/1 25/23/1
f 5/26/1 26/25/1 6/24/1
f 5/26/1 36/27/1 26/25/1
f 36/27/1 35/28/1 26/25/1
f 35/28/1 34/29/1 26/25/1
f 34/29/1 33/30/1 26/25/1
f 33/30/1 32/31/1 26/25/1
f 32/31/1 31/32/1 26/25/1
f 31/32/1 30/33/1 26/25/1
f 30/33/1 29/34/1 26/25/1
f 29/34/1 28/35/1 26/25/1
f 28/35/1 27/36/1 26/25/1
f 4/37/1 38/38/1 5/26/1
f 38/38/1 37/39/1 5/26/1
f 37/39/1 36/27/1 5/26/1
f 3/40/1 40/41/1 4/37/1
f 40/41/1 39/42/1 4/37/1
f 39/42/1 38/38/1 4/37/1
f 3/40/1 41/43/1 40/41/1
f 3/40/1 42/44/1 41/43/1
f 2/45/1 42/44/1 3/40/1
f 2/45/1 43/46/1 42/44/1
f 2/45/1 44/47/1 43/46/1
f 53/12/1 2/45/1 1/15/1
f 53/12/1 48/48/1 2/45/1
f 48/48/1 47/49/1 2/45/1
f 47/49/1 46/50/1 2/45/1
f 46/50/1 45/51/1 2/45/1
f 45/51/1 44/47/1 2/45/1
f 53/12/1 49/52/1 48/48/1
f 53/12/1 50/53/1 49/52/1
f 53/12/1 51/54/1 50/53/1
f 53/12/1 52/55/1 51/54/1
f 153/56/1 155/57/1 154/58/1
f 152/59/1 155/57/1 153/56/1
f 152/59/1 156/60/1 155/57/1
f 151/61/1 156/60/1 152/59/1
f 150/62/1 156/60/1 151/61/1
f 150/62/1 157/63/1 156/60/1
f 149/64/1 157/63/1 150/62/1
f 149/64/1 158/65/1 157/63/1
f 148/66/1 158/65/1 149/64/1
f 147/67/1 158/65/1 148/66/1
f 147/67/1 159/68/1 158/65/1
f 146/69/1 159/68/1 147/67/1
f 146/69/1 160/70/1 159/68/1
f 145/71/1 160/70/1 146/69/1
f 144/72/1 160/70/1 145/71/1
f 144/72/1 161/73/1 160/70/1
f 143/74/1 161/73/1 144/72/1
f 143/74/1 162/75/1 161/73/1
f 142/76/1 162/75/1 143/74/1
f 141/77/1 140/78/1 142/76/1
f 140/78/1 139/79/1 142/76/1
f 139/79/1 138/80/1 142/76/1
f 138/80/1 137/81/1 142/76/1
f 137/81/1 136/82/1 142/76/1
f 136/82/1 135/83/1 142/76/1
f 135/83/1 134/84/1 142/76/1
f 134/84/1 133/85/1 142/76/1
f 133/85/1 132/86/1 142/76/1
f 132/86/1 131/87/1 142/76/1
f 131/87/1 162/75/1 142/76/1
f 131/87/1 130/88/1 162/75/1
f 130/88/1 129/89/1 162/75/1
f 129/89/1 163/90/1 162/75/1
f 129/89/1 128/91/1 163/90/1
f 128/91/1 164/92/1 163/90/1
f 127/93/1 164/92/1 128/91/1
f 126/94/1 164/92/1 127/93/1
f 125/95/1 164/92/1 126/94/1
f 124/96/1 164/92/1 125/95/1
f 123/97/1 164/92/1 124/96/1
f 123/97/1 165/98/1 164/92/1
f 122/99/1 165/98/1 123/97/1
f 121/100/1 165/98/1 122/99/1
f 120/101/1 165/98/1 121/100/1
f 120/101/1 166/102/1 165/98/1
f 119/103/1 166/102/1 120/101/1
f 118/104/1 166/102/1 119/103/1
f 118/104/1 167/105/1 166/102/1
f 117/106/1 167/105/1 118/104/1
f 116/107/1 167/105/1 117/106/1
f 115/108/1 229/13/1 116/107/1
f 229/13/1 167/105/1 116/107/1
f 114/109/1 229/13/1 115/108/1
f 113/110/1 229/13/1 114/109/1
f 112/111/1 229/13/1 113/110/1
f 111/112/1 229/13/1 112/111/1
f 111/112/1 193/113/1 229/13/1
f 228/114/1 167/105/1 229/13/1
f 111/112/1 194/115/1 193/113/1
f 110/116/1 194/115/1 111/112/1
f 110/116/1 195/117/1 194/115/1
f 109/118/1 195/117/1 110/116/1
f 109/118/1 196/119/1 195/117/1
f 108/120/1 196/119/1 109/118/1
f 108/120/1 197/121/1 196/119/1
f 108/120/1 198/122/1 197/121/1
f 107/123/1 198/122/1 108/120/1
f 107/123/1 199/124/1 198/122/1
f 106/125/1 199/124/1 107/123/1
f 106/125/1 200/126/1 199/124/1
f 106/125/1 201/127/1 200/126/1
f 105/128/1 201/127/1 106/125/1
f 105/128/1 202/129/1 201/127/1
f 105/128/1 203/130/1 202/129/1
f 104/131/1 203/130/1 105/128/1
f 104/131/1 204/132/1 203/130/1
f 103/133/1 204/132/1 104/131/1
f 103/133/1 205/134/1 204/132/1
f 103/133/1 206/135/1 205/134/1
f 102/136/1 206/135/1 103/133/1
f 102/136/1 207/137/1 206/135/1
f 102/136/1 208/138/1 207/137/1
f 227/139/1 167/105/1 228/114/1
f 101/140/1 208/138/1 102/136/1
f 226/141/1 167/105/1 227/139/1
f 101/140/1 209/142/1 208/138/1
f 225/143/1 167/105/1 226/141/1
f 190/144/1 192/145/1 191/146/1
f 225/143/1 168/147/1 167/105/1
f 101/140/1 210/148/1 209/142/1
f 189/149/1 192/145/1 190/144/1
f 224/150/1 168/147/1 225/143/1
f 224/150/1 169/151/1 168/147/1
f 188/152/1 192/145/1 189/149/1
f 100/153/1 210/148/1 101/140/1
f 100/153/1 211/154/1 210/148/1
f 224/150/1 170/155/1 169/151/1
f 223/156/1 170/155/1 224/150/1
f 187/157/1 192/145/1 188/152/1
f 223/156/1 171/158/1 170/155/1
f 222/159/1 171/158/1 223/156/1
f 186/160/1 192/145/1 187/157/1
f 100/153/1 212/161/1 211/154/1
f 222/159/1 172/162/1 171/158/1
f 185/163/1 192/145/1 186/160/1
f 221/164/1 172/162/1 222/159/1
f 221/164/1 173/165/1 172/162/1
f 184/166/1 192/145/1 185/163/1
f 100/153/1 213/167/1 212/161/1
f 221/164/1 174/168/1 173/165/1
f 220/169/1 174/168/1 221/164/1
f 183/170/1 192/145/1 184/166/1
f 220/169/1 175/171/1 174/168/1
f 99/172/1 213/167/1 100/153/1
f 182/173/1 192/145/1 183/170/1
f 99/172/1 214/174/1 213/167/1
f 219/175/1 175/171/1 220/169/1
f 219/175/1 176/176/1 175/171/1
f 181/177/1 192/145/1 182/173/1
f 219/175/1 177/178/1 176/176/1
f 180/179/1 192/145/1 181/177/1
f 218/180/1 177/178/1 219/175/1
f 218/180/1 178/181/1 177/178/1
f 179/182/1 192/145/1 180/179/1
f 218/180/1 179/182/1 178/181/1
f 99/172/1 215/183/1 214/174/1
f 218/180/1 192/145/1 179/182/1
f 217/184/1 192/145/1 218/180/1
f 99/172/1 216/185/1 215/183/1
f 216/185/1 192/145/1 217/184/1
f 99/172/1 79/186/1 216/185/1
f 79/186/1 192/145/1 216/185/1
f 98/187/1 79/186/1 99/172/1
f 98/187/1 80/188/1 79/186/1
f 78/189/1 192/145/1 79/186/1
f 97/190/1 80/188/1 98/187/1
f 97/190/1 81/191/1 80/188/1
f 77/192/1 192/145/1 78/189/1
f 77/192/1 56/15/1 192/145/1
f 96/193/1 81/191/1 97/190/1
f 96/193/1 82/194/1 81/191/1
f 76/195/1 56/15/1 77/192/1
f 76/195/1 57/196/1 56/15/1
f 96/193/1 83/197/1 82/194/1
f 75/198/1 57/196/1 76/195/1
f 95/199/1 83/197/1 96/193/1
f 75/198/1 58/200/1 57/196/1
f 95/199/1 84/201/1 83/197/1
f 74/202/1 58/200/1 75/198/1
f 74/202/1 59/203/1 58/200/1
f 94/204/1 84/201/1 95/199/1
f 94/204/1 85/205/1 84/201/1
f 73/206/1 59/203/1 74/202/1
f 73/206/1 60/207/1 59/203/1
f 94/204/1 86/208/1 85/205/1
f 72/209/1 60/207/1 73/206/1
f 72/209/1 61/210/1 60/207/1
f 93/211/1 86/208/1 94/204/1
f 93/211/1 87/212/1 86/208/1
f 71/213/1 61/210/1 72/209/1
f 71/213/1 62/214/1 61/210/1
f 93/211/1 88/215/1 87/212/1
f 71/213/1 63/216/1 62/214/1
f 70/217/1 63/216/1 71/213/1
f 92/218/1 88/215/1 93/211/1
f 70/217/1 64/219/1 63/216/1
f 92/218/1 89/220/1 88/215/1
f 69/221/1 64/219/1 70/217/1
f 69/221/1 65/222/1 64/219/1
f 92/218/1 90/223/1 89/220/1
f 68/224/1 65/222/1 69/221/1
f 91/225/1 90/223/1 92/218/1
f 68/224/1 66/226/1 65/222/1
f 67/227/1 66/226/1 68/224/1
f 264/228/1 266/229/1 265/230/1
f 264/228/1 267/231/1 266/229/1
f 263/232/1 267/231/1 264/228/1
f 263/232/1 268/233/1 267/231/1
f 262/234/1 268/233/1 263/232/1
f 262/234/1 269/235/1 268/233/1
f 261/236/1 269/235/1 262/234/1
f 261/236/1 270/237/1 269/235/1
f 260/238/1 270/237/1 261/236/1
f 260/238/1 271/239/1 270/237/1
f 259/240/1 271/239/1 260/238/1
f 259/240/1 272/241/1 271/239/1
f 258/242/1 315/243/1 259/240/1
f 315/243/1 272/241/1 259/240/1
f 258/242/1 316/244/1 315/243/1
f 314/245/1 272/241/1 315/243/1
f 258/242/1 317/246/1 316/244/1
f 313/247/1 272/241/1 314/245/1
f 258/242/1 318/248/1 317/246/1
f 312/249/1 272/241/1 313/247/1
f 312/249/1 273/250/1 272/241/1
f 258/242/1 319/251/1 318/248/1
f 257/252/1 319/251/1 258/242/1
f 311/253/1 273/250/1 312/249/1
f 257/252/1 320/254/1 319/251/1
f 310/255/1 273/250/1 311/253/1
f 257/252/1 321/256/1 320/254/1
f 309/257/1 273/250/1 310/255/1
f 257/252/1 322/258/1 321/256/1
f 308/259/1 273/250/1 309/257/1
f 256/260/1 322/258/1 257/252/1
f 308/259/1 274/261/1 273/250/1
f 256/260/1 323/262/1 322/258/1
f 307/263/1 274/261/1 308/259/1
f 256/260/1 324/264/1 323/262/1
f 306/265/1 274/261/1 307/263/1
f 255/266/1 324/264/1 256/260/1
f 306/265/1 275/267/1 274/261/1
f 255/266/1 325/268/1 324/264/1
f 305/269/1 275/267/1 306/265/1
f 255/266/1 326/270/1 325/268/1
f 304/271/1 275/267/1 305/269/1
f 254/272/1 326/270/1 255/266/1
f 254/272/1 327/273/1 326/270/1
f 304/271/1 276/274/1 275/267/1
f 328/13/1 276/274/1 304/271/1
f 254/272/1 328/13/1 327/273/1
f 254/272/1 276/274/1 328/13/1
f 253/275/1 276/274/1 254/272/1
f 253/275/1 277/276/1 276/274/1
f 252/277/1 278/278/1 253/275/1
f 278/278/1 277/276/1 253/275/1
f 252/277/1 279/35/1 278/278/1
f 251/279/1 279/35/1 252/277/1
f 251/279/1 280/280/1 279/35/1
f 251/279/1 281/281/1 280/280/1
f 250/282/1 281/281/1 251/279/1
f 250/282/1 282/283/1 281/281/1
f 249/284/1 282/283/1 250/282/1
f 249/284/1 283/285/1 282/283/1
f 301/286/1 303/287/1 302/288/1
f 249/284/1 284/289/1 283/285/1
f 300/290/1 303/287/1 301/286/1
f 299/291/1 303/287/1 300/290/1
f 248/292/1 284/289/1 249/284/1
f 248/292/1 285/293/1 284/289/1
f 298/294/1 303/287/1 299/291/1
f 297/295/1 303/287/1 298/294/1
f 248/292/1 286/296/1 285/293/1
f 296/297/1 303/287/1 297/295/1
f 248/292/1 287/298/1 286/296/1
f 295/299/1 303/287/1 296/297/1
f 247/300/1 287/298/1 248/292/1
f 294/301/1 303/287/1 295/299/1
f 247/300/1 288/302/1 287/298/1
f 293/303/1 303/287/1 294/301/1
f 247/300/1 289/304/1 288/302/1
f 292/305/1 303/287/1 293/303/1
f 291/306/1 303/287/1 292/305/1
f 247/300/1 290/307/1 289/304/1
f 290/307/1 303/287/1 291/306/1
f 247/300/1 303/287/1 290/307/1
f 246/308/1 303/287/1 247/300/1
f 246/308/1 230/15/1 303/287/1
f 245/309/1 230/15/1 246/308/1
f 245/309/1 231/310/1 230/15/1
f 245/309/1 232/311/1 231/310/1
f 244/312/1 232/311/1 245/309/1
f 244/312/1 233/313/1 232/311/1
f 244/312/1 234/314/1 233/313/1
f 243/315/1 234/314/1 244/312/1
f 243/315/1 235/316/1 234/314/1
f 243/315/1 236/317/1 235/316/1
f 242/318/1 236/317/1 243/315/1
f 242/318/1 237/319/1 236/317/1
f 242/318/1 238/320/1 237/319/1
f 242/318/1 239/321/1 238/320/1
f 241/322/1 239/321/1 242/318/1
f 241/322/1 240/323/1 239/321/1
f 329/15/1 331/39/1 330/9/1
f 329/15/1 332/13/1 331/39/1
f 416/324/1 418/325/1 417/326/1
f 416/324/1 419/327/1 418/325/1
f 416/324/1 420/328/1 419/327/1
f 415/329/1 420/328/1 416/324/1
f 415/329/1 421/330/1 420/328/1
f 415/329/1 422/331/1 421/330/1
f 415/329/1 423/332/1 422/331/1
f 414/333/1 423/332/1 415/329/1
f 414/333/1 424/334/1 423/332/1
f 414/333/1 425/335/1 424/334/1
f 414/333/1 426/336/1 425/335/1
f 413/337/1 426/336/1 414/333/1
f 413/337/1 427/338/1 426/336/1
f 413/337/1 428/339/1 427/338/1
f 413/337/1 429/340/1 428/339/1
f 412/341/1 429/340/1 413/337/1
f 412/341/1 340/342/1 429/340/1
f 340/342/1 339/343/1 429/340/1
f 339/343/1 338/344/1 429/340/1
f 338/344/1 337/345/1 429/340/1
f 337/345/1 336/346/1 429/340/1
f 336/346/1 335/347/1 429/340/1
f 335/347/1 334/348/1 429/340/1
f 334/348/1 333/15/1 429/340/1
f 333/15/1 430/13/1 429/340/1
f 411/349/1 342/350/1 412/341/1
f 342/350/1 341/351/1 412/341/1
f 341/351/1 340/342/1 412/341/1
f 410/352/1 344/353/1 411/349/1
f 344/353/1 343/354/1 411/349/1
f 343/354/1 342/350/1 411/349/1
f 410/352/1 345/355/1 344/353/1
f 410/352/1 346/356/1 345/355/1
f 410/352/1 347/357/1 346/356/1
f 409/358/1 347/357/1 410/352/1
f 409/358/1 348/359/1 347/357/1
f 409/358/1 349/360/1 348/359/1
f 409/358/1 350/361/1 349/360/1
f 408/362/1 350/361/1 409/358/1
f 408/362/1 351/363/1 350/361/1
f 408/362/1 352/364/1 351/363/1
f 407/365/1 352/364/1 408/362/1
f 407/365/1 353/366/1 352/364/1
f 407/365/1 354/367/1 353/366/1
f 406/368/1 354/367/1 407/365/1
f 406/368/1 355/369/1 354/367/1
f 405/370/1 355/369/1 406/368/1
f 405/370/1 356/371/1 355/369/1
f 405/370/1 357/372/1 356/371/1
f 404/373/1 357/372/1 405/370/1
f 404/373/1 358/374/1 357/372/1
f 403/375/1 358/374/1 404/373/1
f 403/375/1 359/376/1 358/374/1
f 403/375/1 360/377/1 359/376/1
f 402/378/1 360/377/1 403/375/1
f 402/378/1 361/379/1 360/377/1
f 402/378/1 362/380/1 361/379/1
f 401/381/1 362/380/1 402/378/1
f 401/381/1 363/382/1 362/380/1
f 379/383/1 381/384/1 380/385/1
f 401/381/1 364/386/1 363/382/1
f 378/387/1 381/384/1 379/383/1
f 400/388/1 364/386/1 401/381/1
f 377/389/1 381/384/1 378/387/1
f 400/388/1 365/390/1 364/386/1
f 376/391/1 381/384/1 377/389/1
f 375/392/1 381/384/1 376/391/1
f 374/393/1 381/384/1 375/392/1
f 400/388/1 366/394/1 365/390/1
f 373/395/1 381/384/1 374/393/1
f 372/396/1 381/384/1 373/395/1
f 400/388/1 367/397/1 366/394/1
f 371/398/1 381/384/1 372/396/1
f 370/399/1 381/384/1 371/398/1
f 400/388/1 368/400/1 367/397/1
f 369/401/1 381/384/1 370/399/1
f 399/402/1 368/400/1 400/388/1
f 368/400/1 381/384/1 369/401/1
f 399/402/1 381/384/1 368/400/1
f 398/403/1 381/384/1 399/402/1
f 397/404/1 381/384/1 398/403/1
f 396/405/1 381/384/1 397/404/1
f 396/405/1 382/406/1 381/384/1
f 396/405/1 383/407/1 382/406/1
f 396/405/1 384/408/1 383/407/1
f 395/409/1 384/408/1 396/405/1
f 395/409/1 385/410/1 384/408/1
f 395/409/1 386/411/1 385/410/1
f 395/409/1 387/412/1 386/411/1
f 395/409/1 388/413/1 387/412/1
f 394/414/1 388/413/1 395/409/1
f 394/414/1 389/415/1 388/413/1
f 394/414/1 390/416/1 389/415/1
f 394/414/1 391/417/1 390/416/1
f 393/418/1 391/417/1 394/414/1
f 393/418/1 392/419/1 391/417/1
f 443/1/2 444/3/2 445/2/2
f 443/1/2 445/2/2 446/4/2
f 442/5/2 443/1/2 446/4/2
f 442/5/2 446/4/2 447/6/2
f 441/7/2 442/5/2 447/6/2
f 441/7/2 447/6/2 448/8/2
f 441/7/2 448/8/2 449/9/2
f 440/10/2 441/7/2 449/9/2
f 440/10/2 449/9/2 450/11/2
f 483/12/2 484/14/2 485/13/2
f 483/12/2 485/13/2 431/15/2
f 439/16/2 440/10/2 450/11/2
f 439/16/2 450/11/2 451/17/2
f 439/16/2 451/17/2 452/18/2
f 438/19/2 439/16/2 452/18/2
f 438/19/2 452/18/2 453/20/2
f 437/21/2 438/19/2 453/20/2
f 437/21/2 453/20/2 454/22/2
f 437/21/2 454/22/2 455/23/2
f 436/24/2 437/21/2 455/23/2
f 436/24/2 455/23/2 456/25/2
f 435/26/2 436/24/2 456/25/2
f 435/26/2 456/25/2 466/27/2
f 466/27/2 456/25/2 465/28/2
f 465/28/2 456/25/2 464/29/2
f 464/29/2 456/25/2 463/30/2
f 463/30/2 456/25/2 462/31/2
f 462/31/2 456/25/2 461/32/2
f 461/32/2 456/25/2 460/33/2
f 460/33/2 456/25/2 459/34/2
f 459/34/2 456/25/2 458/35/2
f 458/35/2 456/25/2 457/36/2
f 434/37/2 435/26/2 468/38/2
f 468/38/2 435/26/2 467/39/2
f 467/39/2 435/26/2 466/27/2
f 433/40/2 434/37/2 470/41/2
f 470/41/2 434/37/2 469/42/2
f 469/42/2 434/37/2 468/38/2
f 433/40/2 470/41/2 471/43/2
f 433/40/2 471/43/2 472/44/2
f 432/45/2 433/40/2 472/44/2
f 432/45/2 472/44/2 473/46/2
f 432/45/2 473/46/2 474/47/2
f 483/12/2 431/15/2 432/45/2
f 483/12/2 432/45/2 478/48/2
f 478/48/2 432/45/2 477/49/2
f 477/49/2 432/45/2 476/50/2
f 476/50/2 432/45/2 475/51/2
f 475/51/2 432/45/2 474/47/2
f 483/12/2 478/48/2 479/52/2
f 483/12/2 479/52/2 480/53/2
f 483/12/2 480/53/2 481/54/2
f 483/12/2 481/54/2 482/55/2
f 583/56/2 584/58/2 585/57/2
f 582/59/2 583/56/2 585/57/2
f 582/59/2 585/57/2 586/60/2
f 581/61/2 582/59/2 586/60/2
f 580/62/2 581/61/2 586/60/2
f 580/62/2 586/60/2 587/63/2
f 579/64/2 580/62/2 587/63/2
f 579/64/2 587/63/2 588/65/2
f 578/66/2 579/64/2 588/65/2
f 577/67/2 578/66/2 588/65/2
f 577/67/2 588/65/2 589/68/2
f 576/69/2 577/67/2 589/68/2
f 576/69/2 589/68/2 590/70/2
f 575/71/2 576/69/2 590/70/2
f 574/72/2 575/71/2 590/70/2
f 574/72/2 590/70/2 591/73/2
f 573/74/2 574/72/2 591/73/2
f 573/74/2 591/73/2 592/75/2
f 572/76/2 573/74/2 592/75/2
f 571/77/2 572/76/2 570/78/2
f 570/78/2 572/76/2 569/79/2
f 569/79/2 572/76/2 568/80/2
f 568/80/2 572/76/2 567/81/2
f 567/81/2 572/76/2 566/82/2
f 566/82/2 572/76/2 565/83/2
f 565/83/2 572/76/2 564/84/2
f 564/84/2 572/76/2 563/85/2
f 563/85/2 572/76/2 562/86/2
f 562/86/2 572/76/2 561/87/2
f 561/87/2 572/76/2 592/75/2
f 561/87/2 592/75/2 560/88/2
f 560/88/2 592/75/2 559/89/2
f 559/89/2 592/75/2 593/90/2
f 559/89/2 593/90/2 558/91/2
f 558/91/2 593/90/2 594/92/2
f 557/93/2 558/91/2 594/92/2
f 556/94/2 557/93/2 594/92/2
f 555/95/2 556/94/2 594/92/2
f 554/96/2 555/95/2 594/92/2
f 553/97/2 554/96/2 594/92/2
f 553/97/2 594/92/2 595/98/2
f 552/99/2 553/97/2 595/98/2
f 551/100/2 552/99/2 595/98/2
f 550/101/2 551/100/2 595/98/2
f 550/101/2 595/98/2 596/102/2
f 549/103/2 550/101/2 596/102/2
f 548/104/2 549/103/2 596/102/2
f 548/104/2 596/102/2 597/105/2
f 547/106/2 548/104/2 597/105/2
f 546/107/2 547/106/2 597/105/2
f 545/108/2 546/107/2 659/13/2
f 659/13/2 546/107/2 597/105/2
f 544/109/2 545/108/2 659/13/2
f 543/110/2 544/109/2 659/13/2
f 542/111/2 543/110/2 659/13/2
f 541/112/2 542/111/2 659/13/2
f 541/112/2 659/13/2 623/113/2
f 658/114/2 659/13/2 597/105/2
f 541/112/2 623/113/2 624/115/2
f 540/116/2 541/112/2 624/115/2
f 540/116/2 624/115/2 625/117/2
f 539/118/2 540/116/2 625/117/2
f 539/118/2 625/117/2 626/119/2
f 538/120/2 539/118/2 626/119/2
f 538/120/2 626/119/2 627/121/2
f 538/120/2 627/121/2 628/122/2
f 537/123/2 538/120/2 628/122/2
f 537/123/2 628/122/2 629/124/2
f 536/125/2 537/123/2 629/124/2
f 536/125/2 629/124/2 630/126/2
f 536/125/2 630/126/2 631/127/2
f 535/128/2 536/125/2 631/127/2
f 535/128/2 631/127/2 632/129/2
f 535/128/2 632/129/2 633/130/2
f 534/131/2 535/128/2 633/130/2
f 534/131/2 633/130/2 634/132/2
f 533/133/2 534/131/2 634/132/2
f 533/133/2 634/132/2 635/134/2
f 533/133/2 635/134/2 636/135/2
f 532/136/2 533/133/2 636/135/2
f 532/136/2 636/135/2 637/137/2
f 532/136/2 637/137/2 638/138/2
f 657/139/2 658/114/2 597/105/2
f 531/140/2 532/136/2 638/138/2
f 656/141/2 657/139/2 597/105/2
f 531/140/2 638/138/2 639/142/2
f 655/143/2 656/141/2 597/105/2
f 620/144/2 621/146/2 622/145/2
f 655/143/2 597/105/2 598/147/2
f 531/140/2 639/142/2 640/148/2
f 619/149/2 620/144/2 622/145/2
f 654/150/2 655/143/2 598/147/2
f 654/150/2 598/147/2 599/151/2
f 618/152/2 619/149/2 622/145/2
f 530/153/2 531/140/2 640/148/2
f 530/153/2 640/148/2 641/154/2
f 654/150/2 599/151/2 600/155/2
f 653/156/2 654/150/2 600/155/2
f 617/157/2 618/152/2 622/145/2
f 653/156/2 600/155/2 601/158/2
f 652/159/2 653/156/2 601/158/2
f 616/160/2 617/157/2 622/145/2
f 530/153/2 641/154/2 642/161/2
f 652/159/2 601/158/2 602/162/2
f 615/163/2 616/160/2 622/145/2
f 651/164/2 652/159/2 602/162/2
f 651/164/2 602/162/2 603/165/2
f 614/166/2 615/163/2 622/145/2
f 530/153/2 642/161/2 643/167/2
f 651/164/2 603/165/2 604/168/2
f 650/169/2 651/164/2 604/168/2
f 613/170/2 614/166/2 622/145/2
f 650/169/2 604/168/2 605/171/2
f 529/172/2 530/153/2 643/167/2
f 612/173/2 613/170/2 622/145/2
f 529/172/2 643/167/2 644/174/2
f 649/175/2 650/169/2 605/171/2
f 649/175/2 605/171/2 606/176/2
f 611/177/2 612/173/2 622/145/2
f 649/175/2 606/176/2 607/178/2
f 610/179/2 611/177/2 622/145/2
f 648/180/2 649/175/2 607/178/2
f 648/180/2 607/178/2 608/181/2
f 609/182/2 610/179/2 622/145/2
f 648/180/2 608/181/2 609/182/2
f 529/172/2 644/174/2 645/183/2
f 648/180/2 609/182/2 622/145/2
f 647/184/2 648/180/2 622/145/2
f 529/172/2 645/183/2 646/185/2
f 646/185/2 647/184/2 622/145/2
f 529/172/2 646/185/2 509/186/2
f 509/186/2 646/185/2 622/145/2
f 528/187/2 529/172/2 509/186/2
f 528/187/2 509/186/2 510/188/2
f 508/189/2 509/186/2 622/145/2
f 527/190/2 528/187/2 510/188/2
f 527/190/2 510/188/2 511/191/2
f 507/192/2 508/189/2 622/145/2
f 507/192/2 622/145/2 486/15/2
f 526/193/2 527/190/2 511/191/2
f 526/193/2 511/191/2 512/194/2
f 506/195/2 507/192/2 486/15/2
f 506/195/2 486/15/2 487/196/2
f 526/193/2 512/194/2 513/197/2
f 505/198/2 506/195/2 487/196/2
f 525/199/2 526/193/2 513/197/2
f 505/198/2 487/196/2 488/200/2
f 525/199/2 513/197/2 514/201/2
f 504/202/2 505/198/2 488/200/2
f 504/202/2 488/200/2 489/203/2
f 524/204/2 525/199/2 514/201/2
f 524/204/2 514/201/2 515/205/2
f 503/206/2 504/202/2 489/203/2
f 503/206/2 489/203/2 490/207/2
f 524/204/2 515/205/2 516/208/2
f 502/209/2 503/206/2 490/207/2
f 502/209/2 490/207/2 491/210/2
f 523/211/2 524/204/2 516/208/2
f 523/211/2 516/208/2 517/212/2
f 501/213/2 502/209/2 491/210/2
f 501/213/2 491/210/2 492/214/2
f 523/211/2 517/212/2 518/215/2
f 501/213/2 492/214/2 493/216/2
f 500/217/2 501/213/2 493/216/2
f 522/218/2 523/211/2 518/215/2
f 500/217/2 493/216/2 494/219/2
f 522/218/2 518/215/2 519/220/2
f 499/221/2 500/217/2 494/219/2
f 499/221/2 494/219/2 495/222/2
f 522/218/2 519/220/2 520/223/2
f 498/224/2 499/221/2 495/222/2
f 521/225/2 522/218/2 520/223/2
f 498/224/2 495/222/2 496/226/2
f 497/227/2 498/224/2 496/226/2
f 694/228/2 695/230/2 696/229/2
f 694/228/2 696/229/2 697/231/2
f 693/232/2 694/228/2 697/231/2
f 693/232/2 697/231/2 698/233/2
f 692/234/2 693/232/2 698/233/2
f 692/234/2 698/233/2 699/235/2
f 691/236/2 692/234/2 699/235/2
f 691/236/2 699/235/2 700/237/2
f 690/238/2 691/236/2 700/237/2
f 690/238/2 700/237/2 701/239/2
f 689/240/2 690/238/2 701/239/2
f 689/240/2 701/239/2 702/241/2
f 688/242/2 689/240/2 745/243/2
f 745/243/2 689/240/2 702/241/2
f 688/242/2 745/243/2 746/244/2
f 744/245/2 745/243/2 702/241/2
f 688/242/2 746/244/2 747/246/2
f 743/247/2 744/245/2 702/241/2
f 688/242/2 747/246/2 748/248/2
f 742/249/2 743/247/2 702/241/2
f 742/249/2 702/241/2 703/250/2
f 688/242/2 748/248/2 749/251/2
f 687/252/2 688/242/2 749/251/2
f 741/253/2 742/249/2 703/250/2
f 687/252/2 749/251/2 750/254/2
f 740/255/2 741/253/2 703/250/2
f 687/252/2 750/254/2 751/256/2
f 739/257/2 740/255/2 703/250/2
f 687/252/2 751/256/2 752/258/2
f 738/259/2 739/257/2 703/250/2
f 686/260/2 687/252/2 752/258/2
f 738/259/2 703/250/2 704/261/2
f 686/260/2 752/258/2 753/262/2
f 737/263/2 738/259/2 704/261/2
f 686/260/2 753/262/2 754/264/2
f 736/265/2 737/263/2 704/261/2
f 685/266/2 686/260/2 754/264/2
f 736/265/2 704/261/2 705/267/2
f 685/266/2 754/264/2 755/268/2
f 735/269/2 736/265/2 705/267/2
f 685/266/2 755/268/2 756/270/2
f 734/271/2 735/269/2 705/267/2
f 684/272/2 685/266/2 756/270/2
f 684/272/2 756/270/2 757/273/2
f 734/271/2 705/267/2 706/274/2
f 758/13/2 734/271/2 706/274/2
f 684/272/2 757/273/2 758/13/2
f 684/272/2 758/13/2 706/274/2
f 683/275/2 684/272/2 706/274/2
f 683/275/2 706/274/2 707/276/2
f 682/277/2 683/275/2 708/278/2
f 708/278/2 683/275/2 707/276/2
f 682/277/2 708/278/2 709/35/2
f 681/279/2 682/277/2 709/35/2
f 681/279/2 709/35/2 710/280/2
f 681/279/2 710/280/2 711/281/2
f 680/282/2 681/279/2 711/281/2
f 680/282/2 711/281/2 712/283/2
f 679/284/2 680/282/2 712/283/2
f 679/284/2 712/283/2 713/285/2
f 731/286/2 732/288/2 733/287/2
f 679/284/2 713/285/2 714/289/2
f 730/290/2 731/286/2 733/287/2
f 729/291/2 730/290/2 733/287/2
f 678/292/2 679/284/2 714/289/2
f 678/292/2 714/289/2 715/293/2
f 728/294/2 729/291/2 733/287/2
f 727/295/2 728/294/2 733/287/2
f 678/292/2 715/293/2 716/296/2
f 726/297/2 727/295/2 733/287/2
f 678/292/2 716/296/2 717/298/2
f 725/299/2 726/297/2 733/287/2
f 677/300/2 678/292/2 717/298/2
f 724/301/2 725/299/2 733/287/2
f 677/300/2 717/298/2 718/302/2
f 723/303/2 724/301/2 733/287/2
f 677/300/2 718/302/2 719/304/2
f 722/305/2 723/303/2 733/287/2
f 721/306/2 722/305/2 733/287/2
f 677/300/2 719/304/2 720/307/2
f 720/307/2 721/306/2 733/287/2
f 677/300/2 720/307/2 733/287/2
f 676/308/2 677/300/2 733/287/2
f 676/308/2 733/287/2 660/15/2
f 675/309/2 676/308/2 660/15/2
f 675/309/2 660/15/2 661/310/2
f 675/309/2 661/310/2 662/311/2
f 674/312/2 675/309/2 662/311/2
f 674/312/2 662/311/2 663/313/2
f 674/312/2 663/313/2 664/314/2
f 673/315/2 674/312/2 664/314/2
f 673/315/2 664/314/2 665/316/2
f 673/315/2 665/316/2 666/317/2
f 672/318/2 673/315/2 666/317/2
f 672/318/2 666/317/2 667/319/2
f 672/318/2 667/319/2 668/320/2
f 672/318/2 668/320/2 669/321/2
f 671/322/2 672/318/2 669/321/2
f 671/322/2 669/321/2 670/323/2
f 759/15/2 760/9/2 761/39/2
f 759/15/2 761/39/2 762/13/2
f 846/324/2 847/326/2 848/325/2
f 846/324/2 848/325/2 849/327/2
f 846/324/2 849/327/2 850/328/2
f 845/329/2 846/324/2 850/328/2
f 845/329/2 850/328/2 851/330/2
f 845/329/2 851/330/2 852/331/2
f 845/329/2 852/331/2 853/332/2
f 844/333/2 845/329/2 853/332/2
f 844/333/2 853/332/2 854/334/2
f 844/333/2 854/334/2 855/335/2
f 844/333/2 855/335/2 856/336/2
f 843/337/2 844/333/2 856/336/2
f 843/337/2 856/336/2 857/338/2
f 843/337/2 857/338/2 858/339/2
f 843/337/2 858/339/2 859/340/2
f 842/341/2 843/337/2 859/340/2
f 842/341/2 859/340/2 770/342/2
f 770/342/2 859/340/2 769/343/2
f 769/343/2 859/340/2 768/344/2
f 768/344/2 859/340/2 767/345/2
f 767/345/2 859/340/2 766/346/2
f 766/346/2 859/340/2 765/347/2
f 765/347/2 859/340/2 764/348/2
f 764/348/2 859/340/2 763/15/2
f 763/15/2 859/340/2 860/13/2
f 841/349/2 842/341/2 772/350/2
f 772/350/2 842/341/2 771/351/2
f 771/351/2 842/341/2 770/342/2
f 840/352/2 841/349/2 774/353/2
f 774/353/2 841/349/2 773/354/2
f 773/354/2 841/349/2 772/350/2
f 840/352/2 774/353/2 775/355/2
f 840/352/2 775/355/2 776/356/2
f 840/352/2 776/356/2 777/357/2
f 839/358/2 840/352/2 777/357/2
f 839/358/2 777/357/2 778/359/2
f 839/358/2 778/359/2 779/360/2
f 839/358/2 779/360/2 780/361/2
f 838/362/2 839/358/2 780/361/2
f 838/362/2 780/361/2 781/363/2
f 838/362/2 781/363/2 782/364/2
f 837/365/2 838/362/2 782/364/2
f 837/365/2 782/364/2 783/366/2
f 837/365/2 783/366/2 784/367/2
f 836/368/2 837/365/2 784/367/2
f 836/368/2 784/367/2 785/369/2
f 835/370/2 836/368/2 785/369/2
f 835/370/2 785/369/2 786/371/2
f 835/370/2 786/371/2 787/372/2
f 834/373/2 835/370/2 787/372/2
f 834/373/2 787/372/2 788/374/2
f 833/375/2 834/373/2 788/374/2
f 833/375/2 788/374/2 789/376/2
f 833/375/2 789/376/2 790/377/2
f 832/378/2 833/375/2 790/377/2
f 832/378/2 790/377/2 791/379/2
f 832/378/2 791/379/2 792/380/2
f 831/381/2 832/378/2 792/380/2
f 831/381/2 792/380/2 793/382/2
f 809/383/2 810/385/2 811/384/2
f 831/381/2 793/382/2 794/386/2
f 808/387/2 809/383/2 811/384/2
f 830/388/2 831/381/2 794/386/2
f 807/389/2 808/387/2 811/384/2
f 830/388/2 794/386/2 795/390/2
f 806/391/2 807/389/2 811/384/2
f 805/392/2 806/391/2 811/384/2
f 804/393/2 805/392/2 811/384/2
f 830/388/2 795/390/2 796/394/2
f 803/395/2 804/393/2 811/384/2
f 802/396/2 803/395/2 811/384/2
f 830/388/2 796/394/2 797/397/2
f 801/398/2 802/396/2 811/384/2
f 800/399/2 801/398/2 811/384/2
f 830/388/2 797/397/2 798/400/2
f 799/401/2 800/399/2 811/384/2
f 829/402/2 830/388/2 798/400/2
f 798/400/2 799/401/2 811/384/2
f 829/402/2 798/400/2 811/384/2
f 828/403/2 829/402/2 811/384/2
f 827/404/2 828/403/2 811/384/2
f 826/405/2 827/404/2 811/384/2
f 826/405/2 811/384/2 812/406/2
f 826/405/2 812/406/2 813/407/2
f 826/405/2 813/407/2 814/408/2
f 825/409/2 826/405/2 814/408/2
f 825/409/2 814/408/2 815/410/2
f 825/409/2 815/410/2 816/411/2
f 825/409/2 816/411/2 817/412/2
f 825/409/2 817/412/2 818/413/2
f 824/414/2 825/409/2 818/413/2
f 824/414/2 818/413/2 819/415/2
f 824/414/2 819/415/2 820/416/2
f 824/414/2 820/416/2 821/417/2
f 823/418/2 824/414/2 821/417/2
f 823/418/2 821/417/2 822/419/2
s 1
f 862/420/3 864/421/4 863/310/4 861/15/3
f 864/421/4 866/422/5 865/311/5 863/310/4
f 866/422/5 868/423/6 867/313/6 865/311/5
f 868/423/6 870/424/7 869/314/7 867/313/6
f 870/424/7 872/425/8 871/316/8 869/314/7
f 872/425/8 874/426/9 873/317/9 871/316/8
f 874/426/9 876/427/10 875/319/10 873/317/9
f 876/427/10 878/428/11 877/320/11 875/319/10
f 878/428/11 880/429/12 879/321/12 877/320/11
f 880/429/12 882/430/13 881/323/13 879/321/12
f 882/430/13 884/431/14 883/322/14 881/323/13
f 884/431/14 886/432/15 885/318/15 883/322/14
f 886/432/15 888/433/16 887/315/16 885/318/15
f 888/433/16 890/434/17 889/312/17 887/315/16
f 890/434/17 892/435/18 891/309/18 889/312/17
f 892/435/18 894/436/19 893/308/19 891/309/18
f 894/436/19 896/437/20 895/300/20 893/308/19
f 896/437/20 898/438/21 897/292/21 895/300/20
f 898/438/21 900/439/22 899/284/22 897/292/21
f 900/439/22 902/440/23 901/282/23 899/284/22
f 902/440/23 904/441/24 903/279/24 901/282/23
f 904/441/24 906/442/25 905/277/25 903/279/24
f 906/442/25 908/443/26 907/275/26 905/277/25
f 908/443/26 910/444/27 909/272/27 907/275/26
f 910/444/27 912/445/28 911/266/28 909/272/27
f 912/445/28 914/446/29 913/260/29 911/266/28
f 914/446/29 916/447/30 915/252/30 913/260/29
f 916/447/30 918/448/31 917/242/31 915/252/30
f 918/448/31 920/449/32 919/240/32 917/242/31
f 920/449/32 922/450/33 921/238/33 919/240/32
f 922/450/33 924/451/34 923/236/34 921/238/33
f 924/451/34 926/452/35 925/234/35 923/236/34
f 926/452/35 928/453/36 927/232/36 925/234/35
f 928/453/36 930/454/37 929/228/37 927/232/36
f 930/454/37 932/455/38 931/230/38 929/228/37
f 932/455/38 934/456/39 933/229/39 931/230/38
f 934/456/39 936/457/40 935/231/40 933/229/39
f 936/457/40 938/458/41 937/233/41 935/231/40
f 938/458/41 940/459/42 939/235/42 937/233/41
f 940/459/42 942/460/43 941/237/43 939/235/42
f 942/460/43 944/461/44 943/239/44 941/237/43
f 944/461/44 946/462/45 945/241/45 943/239/44
f 946/462/45 948/463/46 947/250/46 945/241/45
f 948/463/46 950/464/47 949/261/47 947/250/46
f 950/464/47 952/465/48 951/267/48 949/261/47
f 952/465/48 954/466/49 953/274/49 951/267/48
f 954/466/49 956/467/50 955/276/50 953/274/49
f 956/467/50 958/468/51 957/278/51 955/276/50
f 958/468/51 960/469/52 959/35/52 957/278/51
f 960/469/52 962/470/53 961/280/53 959/35/52
f 962/470/53 964/471/54 963/281/54 961/280/53
f 964/471/54 966/472/55 965/283/55 963/281/54
f 966/472/55 968/473/56 967/285/56 965/283/55
f 968/473/56 970/474/57 969/289/57 967/285/56
f 970/474/57 972/475/58 971/293/58 969/289/57
f 972/475/58 974/476/59 973/296/59 971/293/58
f 974/476/59 976/477/60 975/298/60 973/296/59
f 976/477/60 978/478/61 977/302/61 975/298/60
f 978/478/61 980/479/62 979/304/62 977/302/61
f 980/479/62 982/480/63 981/307/63 979/304/62
f 982/480/63 984/481/64 983/306/64 981/307/63
f 984/481/64 986/482/65 985/305/65 983/306/64
f 986/482/65 988/483/66 987/303/66 985/305/65
f 988/483/66 990/484/67 989/301/67 987/303/66
f 990/484/67 992/485/68 991/299/68 989/301/67
f 992/485/68 994/486/69 993/297/69 991/299/68
f 994/486/69 996/487/70 995/295/70 993/297/69
f 996/487/70 998/488/71 997/294/71 995/295/70
f 998/488/71 1000/489/72 999/291/72 997/294/71
f 1000/489/72 1002/490/73 1001/290/73 999/291/72
f 1002/490/73 1004/491/74 1003/286/74 1001/290/73
f 1004/491/74 1006/492/75 1005/288/75 1003/286/74
f 1006/492/75 1008/493/76 1007/287/76 1005/288/75
f 1008/493/76 1010/494/77 1009/271/77 1007/287/76
f 1010/494/77 1012/495/78 1011/269/78 1009/271/77
f 1012/495/78 1014/496/79 1013/265/79 1011/269/78
f 1014/496/79 1016/497/80 1015/263/80 1013/265/79
f 1016/497/80 1018/498/81 1017/259/81 1015/263/80
f 1018/498/81 1020/499/82 1019/257/82 1017/259/81
f 1020/499/82 1022/500/83 1021/255/83 1019/257/82
f 1022/500/83 1024/501/84 1023/253/84 1021/255/83
f 1024/501/84 1026/502/85 1025/249/85 1023/253/84
f 1026/502/85 1028/503/86 1027/247/86 1025/249/85
f 1028/503/86 1030/504/87 1029/245/87 1027/247/86
f 1030/504/87 1032/505/88 1031/243/88 1029/245/87
f 1032/505/88 1034/506/89 1033/244/89 1031/243/88
f 1034/506/89 1036/507/90 1035/246/90 1033/244/89
f 1036/507/90 1038/508/91 1037/248/91 1035/246/90
f 1038/508/91 1040/509/92 1039/251/92 1037/248/91
f 1040/509/92 1042/510/93 1041/254/93 1039/251/92
f 1042/510/93 1044/511/94 1043/256/94 1041/254/93
f 1044/511/94 1046/512/95 1045/258/95 1043/256/94
f 1046/512/95 1048/513/96 1047/262/96 1045/258/95
f 1048/513/96 1050/514/97 1049/264/97 1047/262/96
f 1050/514/97 1052/515/98 1051/268/98 1049/264/97
f 1052/515/98 1054/516/99 1053/270/99 1051/268/98
f 1054/516/99 1056/517/100 1055/273/100 1053/270/99
f 1056/517/100 862/518/3 861/13/3 1055/273/100
f 1058/420/101 1060/519/102 1059/520/102 1057/15/101
f 1060/519/102 1062/469/103 1061/35/103 1059/520/102
f 1062/469/103 1064/521/104 1063/522/104 1061/35/103
f 1064/521/104 1058/518/101 1057/13/101 1063/522/104
f 1066/420/105 1068/523/106 1067/524/106 1065/15/105
f 1068/523/106 1070/525/107 1069/526/107 1067/524/106
f 1070/525/107 1072/527/108 1071/528/108 1069/526/107
f 1072/527/108 1074/529/109 1073/530/109 1071/528/108
f 1074/529/109 1076/531/110 1075/532/110 1073/530/109
f 1076/531/110 1078/533/111 1077/534/111 1075/532/110
f 1078/533/111 1080/535/112 1079/536/112 1077/534/111
f 1080/535/112 1082/537/113 1081/538/113 1079/536/112
f 1082/537/113 1084/539/114 1083/540/114 1081/538/113
f 1084/539/114 1086/541/115 1085/542/115 1083/540/114
f 1086/541/115 1088/543/116 1087/544/116 1085/542/115
f 1088/543/116 1090/545/117 1089/546/117 1087/544/116
f 1090/545/117 1092/547/118 1091/548/118 1089/546/117
f 1092/547/118 1094/549/119 1093/550/119 1091/548/118
f 1094/549/119 1096/551/120 1095/552/120 1093/550/119
f 1096/551/120 1098/553/121 1097/554/121 1095/552/120
f 1098/553/121 1100/555/122 1099/556/122 1097/554/121
f 1100/555/122 1102/557/123 1101/558/123 1099/556/122
f 1102/557/123 1104/559/124 1103/560/124 1101/558/123
f 1104/559/124 1106/561/125 1105/562/125 1103/560/124
f 1106/561/125 1108/563/126 1107/564/126 1105/562/125
f 1108/563/126 1110/565/127 1109/566/127 1107/564/126
f 1110/565/127 1112/567/128 1111/568/128 1109/566/127
f 1112/567/128 1114/569/129 1113/570/129 1111/568/128
f 1114/569/129 1116/571/130 1115/572/130 1113/570/129
f 1116/571/130 1118/573/131 1117/574/131 1115/572/130
f 1118/573/131 1120/575/132 1119/576/132 1117/574/131
f 1120/575/132 1122/577/133 1121/578/133 1119/576/132
f 1122/577/133 1124/579/134 1123/580/134 1121/578/133
f 1124/579/134 1126/581/135 1125/582/135 1123/580/134
f 1126/581/135 1128/583/136 1127/584/136 1125/582/135
f 1128/583/136 1130/585/137 1129/586/137 1127/584/136
f 1130/585/137 1132/587/138 1131/588/138 1129/586/137
f 1132/587/138 1134/589/139 1133/590/139 1131/588/138
f 1134/589/139 1136/591/140 1135/592/140 1133/590/139
f 1136/591/140 1138/593/141 1137/594/141 1135/592/140
f 1138/593/141 1140/469/142 1139/35/142 1137/594/141
f 1140/469/142 1142/595/143 1141/596/143 1139/35/142
f 1142/595/143 1144/597/144 1143/598/144 1141/596/143
f 1144/597/144 1146/599/145 1145/600/145 1143/598/144
f 1146/599/145 1148/601/146 1147/602/146 1145/600/145
f 1148/601/146 1150/603/147 1149/604/147 1147/602/146
f 1150/603/147 1152/605/148 1151/606/148 1149/604/147
f 1152/605/148 1154/607/149 1153/608/149 1151/606/148
f 1154/607/149 1156/609/150 1155/610/150 1153/608/149
f 1156/609/150 1158/611/151 1157/612/151 1155/610/150
f 1158/611/151 1160/613/152 1159/614/152 1157/612/151
f 1160/613/152 1162/615/153 1161/616/153 1159/614/152
f 1162/615/153 1164/617/154 1163/618/154 1161/616/153
f 1164/617/154 1166/619/155 1165/620/155 1163/618/154
f 1166/619/155 1168/621/156 1167/622/156 1165/620/155
f 1168/621/156 1170/623/157 1169/624/157 1167/622/156
f 1170/623/157 1172/625/158 1171/626/158 1169/624/157
f 1172/625/158 1174/627/159 1173/628/159 1171/626/158
f 1174/627/159 1176/629/160 1175/630/160 1173/628/159
f 1176/629/160 1178/631/161 1177/632/161 1175/630/160
f 1178/631/161 1180/633/162 1179/634/162 1177/632/161
f 1180/633/162 1182/635/163 1181/636/163 1179/634/162
f 1182/635/163 1184/637/164 1183/638/164 1181/636/163
f 1184/637/164 1186/639/165 1185/640/165 1183/638/164
f 1186/639/165 1188/641/166 1187/642/166 1185/640/165
f 1188/641/166 1190/643/167 1189/644/167 1187/642/166
f 1190/643/167 1192/645/168 1191/646/168 1189/644/167
f 1192/645/168 1194/647/169 1193/648/169 1191/646/168
f 1194/647/169 1196/649/170 1195/650/170 1193/648/169
f 1196/649/170 1198/651/171 1197/652/171 1195/650/170
f 1198/651/171 1200/653/84 1199/654/84 1197/652/171
f 1200/653/84 1202/655/172 1201/656/172 1199/654/84
f 1202/655/172 1204/657/173 1203/658/173 1201/656/172
f 1204/657/173 1206/659/174 1205/660/174 1203/658/173
f 1206/659/174 1208/661/175 1207/662/175 1205/660/174
f 1208/661/175 1210/663/176 1209/664/176 1207/662/175
f 1210/663/176 1212/665/177 1211/666/177 1209/664/176
f 1212/665/177 1066/518/105 1065/13/105 1211/666/177
f 1214/420/178 1216/667/179 1215/668/179 1213/15/178
f 1216/667/179 1218/669/180 1217/670/180 1215/668/179
f 1218/669/180 1220/671/181 1219/672/181 1217/670/180
f 1220/671/181 1222/673/182 1221/674/182 1219/672/181
f 1222/673/182 1224/675/183 1223/676/183 1221/674/182
f 1224/675/183 1226/677/184 1225/678/184 1223/676/183
f 1226/677/184 1228/679/185 1227/680/185 1225/678/184
f 1228/679/185 1230/681/186 1229/682/186 1227/680/185
f 1230/681/186 1232/683/187 1231/684/187 1229/682/186
f 1232/683/187 1234/685/188 1233/686/188 1231/684/187
f 1234/685/188 1236/687/189 1235/688/189 1233/686/188
f 1236/687/189 1238/689/190 1237/690/190 1235/688/189
f 1238/689/190 1240/691/191 1239/692/191 1237/690/190
f 1240/691/191 1242/693/192 1241/694/192 1239/692/191
f 1242/693/192 1244/695/193 1243/696/193 1241/694/192
f 1244/695/193 1246/697/194 1245/698/194 1243/696/193
f 1246/697/194 1248/699/195 1247/700/195 1245/698/194
f 1248/699/195 1250/701/196 1249/702/196 1247/700/195
f 1250/701/196 1252/703/197 1251/704/197 1249/702/196
f 1252/703/197 1254/705/198 1253/706/198 1251/704/197
f 1254/705/198 1256/707/199 1255/708/199 1253/706/198
f 1256/707/199 1258/709/200 1257/710/200 1255/708/199
f 1258/709/200 1260/711/201 1259/712/201 1257/710/200
f 1260/711/201 1262/713/202 1261/714/202 1259/712/201
f 1262/713/202 1214/518/178 1213/13/178 1261/714/202
f 1264/420/203 1266/715/204 1265/716/204 1263/15/203
f 1266/715/204 1268/717/205 1267/718/205 1265/716/204
f 1268/717/205 1270/719/206 1269/720/206 1267/718/205
f 1270/719/206 1272/721/207 1271/722/207 1269/720/206
f 1272/721/207 1274/723/208 1273/724/208 1271/722/207
f 1274/723/208 1276/725/209 1275/726/209 1273/724/208
f 1276/725/209 1278/727/210 1277/728/210 1275/726/209
f 1278/727/210 1280/729/211 1279/730/211 1277/728/210
f 1280/729/211 1282/731/212 1281/732/212 1279/730/211
f 1282/731/212 1284/733/213 1283/734/213 1281/732/212
f 1284/733/213 1286/735/214 1285/736/214 1283/734/213
f 1286/735/214 1288/737/215 1287/738/215 1285/736/214
f 1288/737/215 1290/739/216 1289/740/216 1287/738/215
f 1290/739/216 1292/741/217 1291/742/217 1289/740/216
f 1292/741/217 1294/743/218 1293/744/218 1291/742/217
f 1294/743/218 1296/745/219 1295/746/219 1293/744/218
f 1296/745/219 1298/747/220 1297/748/220 1295/746/219
f 1298/747/220 1300/749/221 1299/750/221 1297/748/220
f 1300/749/221 1302/751/222 1301/752/222 1299/750/221
f 1302/751/222 1304/753/223 1303/754/223 1301/752/222
f 1304/753/223 1306/755/224 1305/756/224 1303/754/223
f 1306/755/224 1308/757/225 1307/758/225 1305/756/224
f 1308/757/225 1310/759/226 1309/760/226 1307/758/225
f 1310/759/226 1312/761/227 1311/762/227 1309/760/226
f 1312/761/227 1314/763/228 1313/764/228 1311/762/227
f 1314/763/228 1316/765/229 1315/766/229 1313/764/228
f 1316/765/229 1318/767/230 1317/768/230 1315/766/229
f 1318/767/230 1320/769/231 1319/770/231 1317/768/230
f 1320/769/231 1322/771/232 1321/772/232 1319/770/231
f 1322/771/232 1324/773/233 1323/774/233 1321/772/232
f 1324/773/233 1326/775/234 1325/776/234 1323/774/233
f 1326/775/234 1328/777/235 1327/778/235 1325/776/234
f 1328/777/235 1330/779/236 1329/780/236 1327/778/235
f 1330/779/236 1332/781/237 1331/782/237 1329/780/236
f 1332/781/237 1334/783/238 1333/784/238 1331/782/237
f 1334/783/238 1336/785/239 1335/786/239 1333/784/238
f 1336/785/239 1338/787/240 1337/788/240 1335/786/239
f 1338/787/240 1340/789/241 1339/790/241 1337/788/240
f 1340/789/241 1342/791/242 1341/792/242 1339/790/241
f 1342/791/242 1344/793/243 1343/794/243 1341/792/242
f 1344/793/243 1346/795/244 1345/796/244 1343/794/243
f 1346/795/244 1348/797/245 1347/798/245 1345/796/244
f 1348/797/245 1350/799/246 1349/800/246 1347/798/245
f 1350/799/246 1352/801/247 1351/802/247 1349/800/246
f 1352/801/247 1354/803/248 1353/804/248 1351/802/247
f 1354/803/248 1356/805/249 1355/806/249 1353/804/248
f 1356/805/249 1358/807/250 1357/808/250 1355/806/249
f 1358/807/250 1360/809/251 1359/810/251 1357/808/250
f 1360/809/251 1362/811/252 1361/812/252 1359/810/251
f 1362/811/252 1364/813/253 1363/814/253 1361/812/252
f 1364/813/253 1366/815/254 1365/816/254 1363/814/253
f 1366/815/254 1368/817/255 1367/818/255 1365/816/254
f 1368/817/255 1370/819/256 1369/820/256 1367/818/255
f 1370/819/256 1372/821/257 1371/822/257 1369/820/256
f 1372/821/257 1374/823/258 1373/824/258 1371/822/257
f 1374/823/258 1376/825/259 1375/826/259 1373/824/258
f 1376/825/259 1378/827/260 1377/828/260 1375/826/259
f 1378/827/260 1380/829/261 1379/830/261 1377/828/260
f 1380/829/261 1382/831/262 1381/832/262 1379/830/261
f 1382/831/262 1384/833/263 1383/834/263 1381/832/262
f 1384/833/263 1386/835/264 1385/836/264 1383/834/263
f 1386/835/264 1388/837/265 1387/838/265 1385/836/264
f 1388/837/265 1390/839/266 1389/840/266 1387/838/265
f 1390/839/266 1392/841/267 1391/842/267 1389/840/266
f 1392/841/267 1394/843/268 1393/844/268 1391/842/267
f 1394/843/268 1396/845/269 1395/846/269 1393/844/268
f 1396/845/269 1398/847/270 1397/848/270 1395/846/269
f 1398/847/270 1400/849/271 1399/850/271 1397/848/270
f 1400/849/271 1402/851/272 1401/852/272 1399/850/271
f 1402/851/272 1404/853/273 1403/854/273 1401/852/272
f 1404/853/273 1406/855/274 1405/856/274 1403/854/273
f 1406/855/274 1408/857/275 1407/858/275 1405/856/274
f 1408/857/275 1410/859/276 1409/860/276 1407/858/275
f 1410/859/276 1412/861/277 1411/862/277 1409/860/276
f 1412/861/277 1414/863/278 1413/864/278 1411/862/277
f 1414/863/278 1416/865/279 1415/866/279 1413/864/278
f 1416/865/279 1418/867/280 1417/868/280 1415/866/279
f 1418/867/280 1420/869/281 1419/870/281 1417/868/280
f 1420/869/281 1422/871/282 1421/872/282 1419/870/281
f 1422/871/282 1424/873/283 1423/874/283 1421/872/282
f 1424/873/283 1426/875/284 1425/876/284 1423/874/283
f 1426/875/284 1428/877/285 1427/878/285 1425/876/284
f 1428/877/285 1430/879/286 1429/880/286 1427/878/285
f 1430/879/286 1432/881/287 1431/882/287 1429/880/286
f 1432/881/287 1434/883/288 1433/884/288 1431/882/287
f 1434/883/288 1436/885/289 1435/886/289 1433/884/288
f 1436/885/289 1438/887/290 1437/888/290 1435/886/289
f 1438/887/290 1440/889/291 1439/890/291 1437/888/290
f 1440/889/291 1442/891/292 1441/892/292 1439/890/291
f 1442/891/292 1444/893/293 1443/894/293 1441/892/292
f 1444/893/293 1446/895/294 1445/896/294 1443/894/293
f 1446/895/294 1448/897/295 1447/898/295 1445/896/294
f 1448/897/295 1450/899/296 1449/900/296 1447/898/295
f 1450/899/296 1452/901/297 1451/902/297 1449/900/296
f 1452/901/297 1454/903/298 1453/904/298 1451/902/297
f 1454/903/298 1456/905/299 1455/906/299 1453/904/298
f 1456/905/299 1458/907/300 1457/908/300 1455/906/299
f 1458/907/300 1460/909/301 1459/910/301 1457/908/300
f 1460/909/301 1462/911/302 1461/912/302 1459/910/301
f 1462/911/302 1464/913/303 1463/914/303 1461/912/302
f 1464/913/303 1466/915/304 1465/916/304 1463/914/303
f 1466/915/304 1468/917/305 1467/918/305 1465/916/304
f 1468/917/305 1470/919/306 1469/920/306 1467/918/305
f 1470/919/306 1472/921/307 1471/922/307 1469/920/306
f 1472/921/307 1474/923/308 1473/924/308 1471/922/307
f 1474/923/308 1476/925/309 1475/926/309 1473/924/308
f 1476/925/309 1478/927/310 1477/928/310 1475/926/309
f 1478/927/310 1480/929/311 1479/930/311 1477/928/310
f 1480/929/311 1482/931/312 1481/932/312 1479/930/311
f 1482/931/312 1484/933/313 1483/934/313 1481/932/312
f 1484/933/313 1486/935/314 1485/936/314 1483/934/313
f 1486/935/314 1488/937/315 1487/938/315 1485/936/314
f 1488/937/315 1490/939/316 1489/940/316 1487/938/315
f 1490/939/316 1492/941/317 1491/942/317 1489/940/316
f 1492/941/317 1494/943/318 1493/944/318 1491/942/317
f 1494/943/318 1496/945/319 1495/946/319 1493/944/318
f 1496/945/319 1498/947/320 1497/948/320 1495/946/319
f 1498/947/320 1500/949/321 1499/950/321 1497/948/320
f 1500/949/321 1502/951/322 1501/952/322 1499/950/321
f 1502/951/322 1504/953/323 1503/954/323 1501/952/322
f 1504/953/323 1506/955/324 1505/956/324 1503/954/323
f 1506/955/324 1508/957/325 1507/958/325 1505/956/324
f 1508/957/325 1510/959/326 1509/960/326 1507/958/325
f 1510/959/326 1512/961/327 1511/962/327 1509/960/326
f 1512/961/327 1514/963/328 1513/964/328 1511/962/327
f 1514/963/328 1516/965/329 1515/966/329 1513/964/328
f 1516/965/329 1518/967/330 1517/968/330 1515/966/329
f 1518/967/330 1520/969/331 1519/970/331 1517/968/330
f 1520/969/331 1522/971/332 1521/972/332 1519/970/331
f 1522/971/332 1524/973/333 1523/974/333 1521/972/332
f 1524/973/333 1526/975/334 1525/976/334 1523/974/333
f 1526/975/334 1528/977/335 1527/978/335 1525/976/334
f 1528/977/335 1530/979/336 1529/980/336 1527/978/335
f 1530/979/336 1532/981/337 1531/982/337 1529/980/336
f 1532/981/337 1534/983/338 1533/984/338 1531/982/337
f 1534/983/338 1536/985/339 1535/986/339 1533/984/338
f 1536/985/339 1264/518/203 1263/13/203 1535/986/339
f 1538/420/340 1540/525/341 1539/526/341 1537/15/340
f 1540/525/341 1542/529/342 1541/530/342 1539/526/341
f 1542/529/342 1544/533/343 1543/534/343 1541/530/342
f 1544/533/343 1546/537/344 1545/538/344 1543/534/343
f 1546/537/344 1548/541/345 1547/542/345 1545/538/344
f 1548/541/345 1550/545/346 1549/546/346 1547/542/345
f 1550/545/346 1552/549/347 1551/550/347 1549/546/346
f 1552/549/347 1554/553/348 1553/554/348 1551/550/347
f 1554/553/348 1556/557/349 1555/558/349 1553/554/348
f 1556/557/349 1558/561/350 1557/562/350 1555/558/349
f 1558/561/350 1560/565/351 1559/566/351 1557/562/350
f 1560/565/351 1562/569/352 1561/570/352 1559/566/351
f 1562/569/352 1564/573/353 1563/574/353 1561/570/352
f 1564/573/353 1566/577/354 1565/578/354 1563/574/353
f 1566/577/354 1568/581/355 1567/582/355 1565/578/354
f 1568/581/355 1570/585/356 1569/586/356 1567/582/355
f 1570/585/356 1572/589/357 1571/590/357 1569/586/356
f 1572/589/357 1574/593/358 1573/594/358 1571/590/357
f 1574/593/358 1576/595/359 1575/596/359 1573/594/358
f 1576/595/359 1578/599/360 1577/600/360 1575/596/359
f 1578/599/360 1580/603/361 1579/604/361 1577/600/360
f 1580/603/361 1582/607/362 1581/608/362 1579/604/361
f 1582/607/362 1584/611/363 1583/612/363 1581/608/362
f 1584/611/363 1586/615/364 1585/616/364 1583/612/363
f 1586/615/364 1588/619/365 1587/620/365 1585/616/364
f 1588/619/365 1590/623/366 1589/624/366 1587/620/365
f 1590/623/366 1592/627/367 1591/628/367 1589/624/366
f 1592/627/367 1594/631/368 1593/632/368 1591/628/367
f 1594/631/368 1596/635/369 1595/636/369 1593/632/368
f 1596/635/369 1598/639/370 1597/640/370 1595/636/369
f 1598/639/370 1600/643/371 1599/644/371 1597/640/370
f 1600/643/371 1602/647/372 1601/648/372 1599/644/371
f 1602/647/372 1604/651/373 1603/652/373 1601/648/372
f 1604/651/373 1606/655/374 1605/656/374 1603/652/373
f 1606/655/374 1608/659/375 1607/660/375 1605/656/374
f 1608/659/375 1610/663/376 1609/664/376 1607/660/375
f 1610/663/376 1538/518/340 1537/13/340 1609/664/376
f 1612/420/103 1614/987/377 1613/988/377 1611/15/103
f 1614/987/377 1616/989/378 1615/990/378 1613/988/377
f 1616/989/378 1618/991/379 1617/992/379 1615/990/378
f 1618/991/379 1620/993/380 1619/994/380 1617/992/379
f 1620/993/380 1622/995/381 1621/996/381 1619/994/380
f 1622/995/381 1624/997/382 1623/998/382 1621/996/381
f 1624/997/382 1626/999/383 1625/1000/383 1623/998/382
f 1626/999/383 1628/1001/384 1627/1002/384 1625/1000/383
f 1628/1001/384 1630/1003/385 1629/1004/385 1627/1002/384
f 1630/1003/385 1632/1005/386 1631/1006/386 1629/1004/385
f 1632/1005/386 1634/675/387 1633/676/387 1631/1006/386
f 1634/675/387 1636/1007/388 1635/1008/388 1633/676/387
f 1636/1007/388 1638/1009/389 1637/1010/389 1635/1008/388
f 1638/1009/389 1640/1011/390 1639/1012/390 1637/1010/389
f 1640/1011/390 1642/1013/391 1641/1014/391 1639/1012/390
f 1642/1013/391 1644/1015/392 1643/1016/392 1641/1014/391
f 1644/1015/392 1646/1017/393 1645/1018/393 1643/1016/392
f 1646/1017/393 1648/1019/394 1647/1020/394 1645/1018/393
f 1648/1019/394 1650/1021/395 1649/1022/395 1647/1020/394
f 1650/1021/395 1652/1023/396 1651/1024/396 1649/1022/395
f 1652/1023/396 1654/1025/397 1653/1026/397 1651/1024/396
f 1654/1025/397 1656/685/398 1655/686/398 1653/1026/397
f 1656/685/398 1658/1027/399 1657/1028/399 1655/686/398
f 1658/1027/399 1660/1029/400 1659/1030/400 1657/1028/399
f 1660/1029/400 1662/1031/401 1661/1032/401 1659/1030/400
f 1662/1031/401 1664/1033/402 1663/1034/402 1661/1032/401
f 1664/1033/402 1666/1035/403 1665/1036/403 1663/1034/402
f 1666/1035/403 1668/1037/404 1667/1038/404 1665/1036/403
f 1668/1037/404 1670/1039/405 1669/1040/405 1667/1038/404
f 1670/1039/405 1672/1041/406 1671/1042/406 1669/1040/405
f 1672/1041/406 1674/1043/407 1673/1044/407 1671/1042/406
f 1674/1043/407 1676/1045/408 1675/1046/408 1673/1044/407
f 1676/1045/408 1678/695/409 1677/696/409 1675/1046/408
f 1678/695/409 1680/1047/410 1679/1048/410 1677/696/409
f 1680/1047/410 1682/1049/411 1681/1050/411 1679/1048/410
f 1682/1049/411 1684/1051/412 1683/1052/412 1681/1050/411
f 1684/1051/412 1686/1053/413 1685/1054/413 1683/1052/412
f 1686/1053/413 1688/1055/414 1687/1056/414 1685/1054/413
f 1688/1055/414 1690/1057/415 1689/1058/415 1687/1056/414
f 1690/1057/415 1692/1059/416 1691/1060/416 1689/1058/415
f 1692/1059/416 1694/1061/417 1693/1062/417 1691/1060/416
f 1694/1061/417 1696/1063/418 1695/1064/418 1693/1062/417
f 1696/1063/418 1698/1065/419 1697/1066/419 1695/1064/418
f 1698/1065/419 1700/705/420 1699/706/420 1697/1066/419
f 1700/705/420 1702/1067/421 1701/1068/421 1699/706/420
f 1702/1067/421 1704/1069/422 1703/1070/422 1701/1068/421
f 1704/1069/422 1706/1071/423 1705/1072/423 1703/1070/422
f 1706/1071/423 1708/1073/424 1707/1074/424 1705/1072/423
f 1708/1073/424 1710/1075/425 1709/1076/425 1707/1074/424
f 1710/1075/425 1712/1077/426 1711/1078/426 1709/1076/425
f 1712/1077/426 1714/1079/104 1713/1080/104 1711/1078/426
f 1714/1079/104 1716/1081/101 1715/1082/101 1713/1080/104
f 1716/1081/101 1718/1083/102 1717/1084/102 1715/1082/101
f 1718/1083/102 1720/1085/103 1719/1086/103 1717/1084/102
f 1720/1085/103 1612/518/103 1611/13/103 1719/1086/103
