# Blender 4.4.1
# www.blender.org
mtllib title.mtl
o テキスト
v -2.826956 0.677336 -0.200000
v -2.826823 0.685273 -0.200000
v -2.826593 0.693703 -0.200000
v -2.826258 0.702518 -0.200000
v -2.825813 0.711612 -0.200000
v -2.825249 0.720875 -0.200000
v -2.824561 0.730201 -0.200000
v -2.823740 0.739481 -0.200000
v -2.822781 0.748609 -0.200000
v -2.821676 0.757477 -0.200000
v -2.820418 0.765976 -0.200000
v -2.819000 0.774000 -0.200000
v -2.917000 0.774000 -0.200000
v -2.916232 0.766015 -0.200000
v -2.915440 0.757616 -0.200000
v -2.914641 0.748891 -0.200000
v -2.913852 0.739926 -0.200000
v -2.913091 0.730808 -0.200000
v -2.912375 0.721625 -0.200000
v -2.911722 0.712462 -0.200000
v -2.911148 0.703407 -0.200000
v -2.910672 0.694547 -0.200000
v -2.910311 0.685968 -0.200000
v -2.910081 0.677756 -0.200000
v -2.910000 0.670000 -0.200000
v -2.910000 0.507000 -0.200000
v -2.944126 0.496363 -0.200000
v -2.980171 0.484569 -0.200000
v -3.017641 0.471797 -0.200000
v -3.056037 0.458222 -0.200000
v -3.094864 0.444023 -0.200000
v -3.133625 0.429375 -0.200000
v -3.171824 0.414457 -0.200000
v -3.208963 0.399444 -0.200000
v -3.244547 0.384516 -0.200000
v -3.278079 0.369847 -0.200000
v -3.309062 0.355616 -0.200000
v -3.337000 0.342000 -0.200000
v -3.303000 0.257000 -0.200000
v -3.274490 0.271894 -0.200000
v -3.243750 0.286981 -0.200000
v -3.211219 0.302125 -0.200000
v -3.177334 0.317185 -0.200000
v -3.142532 0.332023 -0.200000
v -3.107250 0.346500 -0.200000
v -3.071927 0.360477 -0.200000
v -3.037000 0.373815 -0.200000
v -3.002907 0.386375 -0.200000
v -2.970083 0.398019 -0.200000
v -2.938969 0.408606 -0.200000
v -2.910000 0.418000 -0.200000
v -2.911000 0.088000 -0.200000
v -2.911041 0.079796 -0.200000
v -2.911166 0.070787 -0.200000
v -2.911375 0.061125 -0.200000
v -2.911667 0.050963 -0.200000
v -2.912041 0.040454 -0.200000
v -2.912500 0.029750 -0.200000
v -2.913041 0.019005 -0.200000
v -2.913666 0.008370 -0.200000
v -2.914375 -0.002000 -0.200000
v -2.915167 -0.011954 -0.200000
v -2.916042 -0.021338 -0.200000
v -2.917000 -0.030000 -0.200000
v -2.820000 -0.030000 -0.200000
v -2.821187 -0.021663 -0.200000
v -2.822254 -0.012718 -0.200000
v -2.823202 -0.003266 -0.200000
v -2.824036 0.006593 -0.200000
v -2.824759 0.016756 -0.200000
v -2.825374 0.027125 -0.200000
v -2.825886 0.037598 -0.200000
v -2.826296 0.048074 -0.200000
v -2.826609 0.058453 -0.200000
v -2.826828 0.068634 -0.200000
v -2.826957 0.078517 -0.200000
v -2.827000 0.088000 -0.200000
v -2.827000 0.109611 -0.200000
v -2.827000 0.144722 -0.200000
v -2.827000 0.190750 -0.200000
v -2.827000 0.245111 -0.200000
v -2.827000 0.305222 -0.200000
v -2.827000 0.368500 -0.200000
v -2.827000 0.432361 -0.200000
v -2.827000 0.494222 -0.200000
v -2.827000 0.551500 -0.200000
v -2.827000 0.601611 -0.200000
v -2.827000 0.641972 -0.200000
v -2.827000 0.670000 -0.200000
v -2.038901 0.564693 -0.200000
v -2.064542 0.582213 -0.200000
v -2.089828 0.600469 -0.200000
v -2.114667 0.619370 -0.200000
v -2.138963 0.638828 -0.200000
v -2.162625 0.658750 -0.200000
v -2.185558 0.679047 -0.200000
v -2.207667 0.699630 -0.200000
v -2.228860 0.720406 -0.200000
v -2.249042 0.741287 -0.200000
v -2.268120 0.762182 -0.200000
v -2.286000 0.783000 -0.200000
v -2.353000 0.721000 -0.200000
v -2.333671 0.701315 -0.200000
v -2.313695 0.681773 -0.200000
v -2.293094 0.662391 -0.200000
v -2.271889 0.643185 -0.200000
v -2.250101 0.624174 -0.200000
v -2.227751 0.605375 -0.200000
v -2.204858 0.586805 -0.200000
v -2.181445 0.568482 -0.200000
v -2.157531 0.550422 -0.200000
v -2.133139 0.532644 -0.200000
v -2.108288 0.515164 -0.200000
v -2.083000 0.498000 -0.200000
v -2.083000 0.076000 -0.200000
v -2.083042 0.066294 -0.200000
v -2.083167 0.056269 -0.200000
v -2.083375 0.046062 -0.200000
v -2.083667 0.035815 -0.200000
v -2.084042 0.025664 -0.200000
v -2.084500 0.015750 -0.200000
v -2.085042 0.006211 -0.200000
v -2.085667 -0.002815 -0.200000
v -2.086375 -0.011188 -0.200000
v -2.087167 -0.018769 -0.200000
v -2.088042 -0.025419 -0.200000
v -2.089000 -0.031000 -0.200000
v -1.991000 -0.031000 -0.200000
v -1.991748 -0.025629 -0.200000
v -1.992486 -0.019116 -0.200000
v -1.993203 -0.011609 -0.200000
v -1.993889 -0.003259 -0.200000
v -1.994533 0.005785 -0.200000
v -1.995125 0.015375 -0.200000
v -1.995654 0.025361 -0.200000
v -1.996111 0.035593 -0.200000
v -1.996485 0.045922 -0.200000
v -1.996764 0.056199 -0.200000
v -1.996939 0.066275 -0.200000
v -1.997000 0.076000 -0.200000
v -1.997000 0.446000 -0.200000
v -1.970101 0.431010 -0.200000
v -1.941972 0.416079 -0.200000
v -1.912719 0.401266 -0.200000
v -1.882444 0.386630 -0.200000
v -1.851253 0.372230 -0.200000
v -1.819250 0.358125 -0.200000
v -1.786538 0.344374 -0.200000
v -1.753222 0.331037 -0.200000
v -1.719406 0.318172 -0.200000
v -1.685194 0.305838 -0.200000
v -1.650691 0.294094 -0.200000
v -1.616000 0.283000 -0.200000
v -1.576000 0.361000 -0.200000
v -1.618821 0.373216 -0.200000
v -1.660732 0.386310 -0.200000
v -1.701657 0.400203 -0.200000
v -1.741519 0.414815 -0.200000
v -1.780242 0.430065 -0.200000
v -1.817750 0.445875 -0.200000
v -1.853966 0.462164 -0.200000
v -1.888815 0.478852 -0.200000
v -1.922219 0.495859 -0.200000
v -1.954102 0.513107 -0.200000
v -1.984388 0.530513 -0.200000
v -2.013000 0.548000 -0.200000
v -0.975000 0.540000 -0.200000
v -0.975000 0.675000 -0.200000
v -0.974919 0.682868 -0.200000
v -0.974681 0.691361 -0.200000
v -0.974297 0.700312 -0.200000
v -0.973778 0.709556 -0.200000
v -0.973134 0.718924 -0.200000
v -0.972375 0.728250 -0.200000
v -0.971512 0.737368 -0.200000
v -0.970556 0.746111 -0.200000
v -0.969516 0.754313 -0.200000
v -0.968403 0.761806 -0.200000
v -0.967227 0.768424 -0.200000
v -0.966000 0.774000 -0.200000
v -1.065000 0.774000 -0.200000
v -1.064251 0.768404 -0.200000
v -1.063514 0.761732 -0.200000
v -1.062796 0.754156 -0.200000
v -1.062111 0.745852 -0.200000
v -1.061466 0.736992 -0.200000
v -1.060875 0.727750 -0.200000
v -1.060345 0.718300 -0.200000
v -1.059889 0.708815 -0.200000
v -1.059516 0.699469 -0.200000
v -1.059236 0.690435 -0.200000
v -1.059061 0.681888 -0.200000
v -1.059000 0.674000 -0.200000
v -1.059000 0.540000 -0.200000
v -1.325000 0.540000 -0.200000
v -1.333338 0.540040 -0.200000
v -1.341791 0.540157 -0.200000
v -1.350265 0.540344 -0.200000
v -1.358666 0.540593 -0.200000
v -1.366901 0.540897 -0.200000
v -1.374875 0.541250 -0.200000
v -1.382495 0.541645 -0.200000
v -1.389666 0.542074 -0.200000
v -1.396297 0.542531 -0.200000
v -1.402292 0.543009 -0.200000
v -1.407557 0.543501 -0.200000
v -1.412000 0.544000 -0.200000
v -1.412000 0.459000 -0.200000
v -1.407499 0.459479 -0.200000
v -1.402078 0.459917 -0.200000
v -1.395859 0.460313 -0.200000
v -1.388963 0.460667 -0.200000
v -1.381510 0.460979 -0.200000
v -1.373625 0.461250 -0.200000
v -1.365426 0.461479 -0.200000
v -1.357037 0.461667 -0.200000
v -1.348578 0.461813 -0.200000
v -1.340171 0.461917 -0.200000
v -1.331938 0.461979 -0.200000
v -1.324000 0.462000 -0.200000
v -1.059000 0.462000 -0.200000
v -1.057427 0.408200 -0.200000
v -1.052579 0.356769 -0.200000
v -1.044266 0.307656 -0.200000
v -1.032296 0.260815 -0.200000
v -1.016480 0.216196 -0.200000
v -0.996625 0.173750 -0.200000
v -0.972541 0.133429 -0.200000
v -0.944037 0.095185 -0.200000
v -0.910921 0.058969 -0.200000
v -0.873004 0.024731 -0.200000
v -0.830094 -0.007575 -0.200000
v -0.782000 -0.038000 -0.200000
v -0.704000 0.020000 -0.200000
v -0.749035 0.043478 -0.200000
v -0.789699 0.069408 -0.200000
v -0.826078 0.097781 -0.200000
v -0.858259 0.128593 -0.200000
v -0.886329 0.161835 -0.200000
v -0.910375 0.197500 -0.200000
v -0.930483 0.235582 -0.200000
v -0.946741 0.276074 -0.200000
v -0.959234 0.318969 -0.200000
v -0.968051 0.364259 -0.200000
v -0.973277 0.411939 -0.200000
v -0.975000 0.462000 -0.200000
v -0.682000 0.462000 -0.200000
v -0.672760 0.461979 -0.200000
v -0.663574 0.461917 -0.200000
v -0.654500 0.461813 -0.200000
v -0.645593 0.461667 -0.200000
v -0.636908 0.461479 -0.200000
v -0.628500 0.461250 -0.200000
v -0.620426 0.460979 -0.200000
v -0.612741 0.460667 -0.200000
v -0.605500 0.460313 -0.200000
v -0.598759 0.459917 -0.200000
v -0.592574 0.459479 -0.200000
v -0.587000 0.459000 -0.200000
v -0.587000 0.545000 -0.200000
v -0.592573 0.544481 -0.200000
v -0.598750 0.543935 -0.200000
v -0.605469 0.543375 -0.200000
v -0.612667 0.542815 -0.200000
v -0.620281 0.542269 -0.200000
v -0.628250 0.541750 -0.200000
v -0.636511 0.541273 -0.200000
v -0.645000 0.540852 -0.200000
v -0.653656 0.540500 -0.200000
v -0.662417 0.540232 -0.200000
v -0.671219 0.540060 -0.200000
v -0.680000 0.540000 -0.200000
v 0.244086 0.428000 -0.200000
v 0.207852 0.428000 -0.200000
v 0.162563 0.428000 -0.200000
v 0.110482 0.428000 -0.200000
v 0.053873 0.428000 -0.200000
v -0.005000 0.428000 -0.200000
v -0.063873 0.428000 -0.200000
v -0.120481 0.428000 -0.200000
v -0.172563 0.428000 -0.200000
v -0.217852 0.428000 -0.200000
v -0.254086 0.428000 -0.200000
v -0.279000 0.428000 -0.200000
v -0.291209 0.428060 -0.200000
v -0.302834 0.428231 -0.200000
v -0.313875 0.428500 -0.200000
v -0.324333 0.428852 -0.200000
v -0.334208 0.429273 -0.200000
v -0.343500 0.429750 -0.200000
v -0.352208 0.430268 -0.200000
v -0.360333 0.430815 -0.200000
v -0.367875 0.431375 -0.200000
v -0.374833 0.431935 -0.200000
v -0.381208 0.432481 -0.200000
v -0.387000 0.433000 -0.200000
v -0.387000 0.335000 -0.200000
v -0.381553 0.335308 -0.200000
v -0.375255 0.335718 -0.200000
v -0.368172 0.336203 -0.200000
v -0.360371 0.336741 -0.200000
v -0.351916 0.337306 -0.200000
v -0.342875 0.337875 -0.200000
v -0.333313 0.338423 -0.200000
v -0.323297 0.338926 -0.200000
v -0.312891 0.339359 -0.200000
v -0.302162 0.339699 -0.200000
v -0.291177 0.339921 -0.200000
v -0.280000 0.340000 -0.200000
v -0.254875 0.340000 -0.200000
v -0.218500 0.340000 -0.200000
v -0.173125 0.340000 -0.200000
v -0.121000 0.340000 -0.200000
v -0.064375 0.340000 -0.200000
v -0.005500 0.340000 -0.200000
v 0.053375 0.340000 -0.200000
v 0.110000 0.340000 -0.200000
v 0.162125 0.340000 -0.200000
v 0.207500 0.340000 -0.200000
v 0.243875 0.340000 -0.200000
v 0.269000 0.340000 -0.200000
v 0.282697 0.339959 -0.200000
v 0.296241 0.339838 -0.200000
v 0.309562 0.339641 -0.200000
v 0.322592 0.339370 -0.200000
v 0.335262 0.339031 -0.200000
v 0.347500 0.338625 -0.200000
v 0.359239 0.338157 -0.200000
v 0.370408 0.337630 -0.200000
v 0.380938 0.337047 -0.200000
v 0.390759 0.336412 -0.200000
v 0.399803 0.335729 -0.200000
v 0.408000 0.335000 -0.200000
v 0.408000 0.433000 -0.200000
v 0.400033 0.432482 -0.200000
v 0.391176 0.431935 -0.200000
v 0.381500 0.431375 -0.200000
v 0.371074 0.430815 -0.200000
v 0.359968 0.430269 -0.200000
v 0.348250 0.429750 -0.200000
v 0.335991 0.429273 -0.200000
v 0.323259 0.428852 -0.200000
v 0.310125 0.428500 -0.200000
v 0.296658 0.428232 -0.200000
v 0.282926 0.428060 -0.200000
v 0.269000 0.428000 -0.200000
v 1.202000 0.666928 -0.200000
v 1.202000 0.646759 -0.200000
v 1.202000 0.620063 -0.200000
v 1.202000 0.588407 -0.200000
v 1.202000 0.553364 -0.200000
v 1.202000 0.516500 -0.200000
v 1.202000 0.479387 -0.200000
v 1.202000 0.443593 -0.200000
v 1.202000 0.410688 -0.200000
v 1.202000 0.382241 -0.200000
v 1.202000 0.359822 -0.200000
v 1.202000 0.345000 -0.200000
v 1.201960 0.338597 -0.200000
v 1.201843 0.331940 -0.200000
v 1.201656 0.325109 -0.200000
v 1.201407 0.318185 -0.200000
v 1.201103 0.311247 -0.200000
v 1.200750 0.304375 -0.200000
v 1.200355 0.297649 -0.200000
v 1.199926 0.291148 -0.200000
v 1.199469 0.284953 -0.200000
v 1.198991 0.279144 -0.200000
v 1.198499 0.273799 -0.200000
v 1.198000 0.269000 -0.200000
v 1.290000 0.269000 -0.200000
v 1.289481 0.273093 -0.200000
v 1.288935 0.277829 -0.200000
v 1.288375 0.283141 -0.200000
v 1.287815 0.288963 -0.200000
v 1.287268 0.295230 -0.200000
v 1.286750 0.301875 -0.200000
v 1.286273 0.308833 -0.200000
v 1.285852 0.316037 -0.200000
v 1.285500 0.323422 -0.200000
v 1.285231 0.330921 -0.200000
v 1.285060 0.338469 -0.200000
v 1.285000 0.346000 -0.200000
v 1.285000 0.360802 -0.200000
v 1.285000 0.383167 -0.200000
v 1.285000 0.411531 -0.200000
v 1.285000 0.444333 -0.200000
v 1.285000 0.480010 -0.200000
v 1.285000 0.517000 -0.200000
v 1.285000 0.553740 -0.200000
v 1.285000 0.588667 -0.200000
v 1.285000 0.620219 -0.200000
v 1.285000 0.646833 -0.200000
v 1.285000 0.666948 -0.200000
v 1.285000 0.679000 -0.200000
v 1.285040 0.683835 -0.200000
v 1.285157 0.689264 -0.200000
v 1.285344 0.695172 -0.200000
v 1.285593 0.701444 -0.200000
v 1.285897 0.707967 -0.200000
v 1.286250 0.714625 -0.200000
v 1.286645 0.721304 -0.200000
v 1.287074 0.727889 -0.200000
v 1.287531 0.734266 -0.200000
v 1.288009 0.740319 -0.200000
v 1.288501 0.745936 -0.200000
v 1.289000 0.751000 -0.200000
v 1.198000 0.751000 -0.200000
v 1.198498 0.746050 -0.200000
v 1.198990 0.740736 -0.200000
v 1.199468 0.735109 -0.200000
v 1.199926 0.729222 -0.200000
v 1.200355 0.723127 -0.200000
v 1.200750 0.716875 -0.200000
v 1.201103 0.710519 -0.200000
v 1.201407 0.704111 -0.200000
v 1.201656 0.697703 -0.200000
v 1.201843 0.691347 -0.200000
v 1.201959 0.685095 -0.200000
v 1.202000 0.679000 -0.200000
v 0.737000 0.661135 -0.200000
v 0.737000 0.648750 -0.200000
v 0.737000 0.635156 -0.200000
v 0.737000 0.620667 -0.200000
v 0.737000 0.605594 -0.200000
v 0.737000 0.590250 -0.200000
v 0.737000 0.574948 -0.200000
v 0.737000 0.560000 -0.200000
v 0.737000 0.545719 -0.200000
v 0.737000 0.532417 -0.200000
v 0.737000 0.520406 -0.200000
v 0.737000 0.510000 -0.200000
v 0.737691 0.453257 -0.200000
v 0.739778 0.402639 -0.200000
v 0.743281 0.357563 -0.200000
v 0.748222 0.317444 -0.200000
v 0.754622 0.281701 -0.200000
v 0.762500 0.249750 -0.200000
v 0.771878 0.221007 -0.200000
v 0.782778 0.194889 -0.200000
v 0.795219 0.170812 -0.200000
v 0.809222 0.148194 -0.200000
v 0.824809 0.126451 -0.200000
v 0.842000 0.105000 -0.200000
v 0.858943 0.086219 -0.200000
v 0.877129 0.068838 -0.200000
v 0.896343 0.052797 -0.200000
v 0.916370 0.038037 -0.200000
v 0.936994 0.024499 -0.200000
v 0.958000 0.012125 -0.200000
v 0.979172 0.000855 -0.200000
v 1.000296 -0.009370 -0.200000
v 1.021156 -0.018609 -0.200000
v 1.041537 -0.026921 -0.200000
v 1.061223 -0.034365 -0.200000
v 1.080000 -0.041000 -0.200000
v 1.145000 0.028000 -0.200000
v 1.122155 0.034112 -0.200000
v 1.099658 0.040977 -0.200000
v 1.077563 0.048641 -0.200000
v 1.055926 0.057148 -0.200000
v 1.034803 0.066545 -0.200000
v 1.014250 0.076875 -0.200000
v 0.994322 0.088185 -0.200000
v 0.975074 0.100519 -0.200000
v 0.956563 0.113922 -0.200000
v 0.938843 0.128440 -0.200000
v 0.921970 0.144117 -0.200000
v 0.906000 0.161000 -0.200000
v 0.889452 0.181772 -0.200000
v 0.875199 0.202843 -0.200000
v 0.863078 0.224594 -0.200000
v 0.852926 0.247407 -0.200000
v 0.844579 0.271666 -0.200000
v 0.837875 0.297750 -0.200000
v 0.832650 0.326043 -0.200000
v 0.828741 0.356926 -0.200000
v 0.825984 0.390781 -0.200000
v 0.824218 0.427991 -0.200000
v 0.823277 0.468936 -0.200000
v 0.823000 0.514000 -0.200000
v 0.823000 0.524423 -0.200000
v 0.823000 0.536468 -0.200000
v 0.823000 0.549797 -0.200000
v 0.823000 0.564074 -0.200000
v 0.823000 0.578962 -0.200000
v 0.823000 0.594125 -0.200000
v 0.823000 0.609225 -0.200000
v 0.823000 0.623926 -0.200000
v 0.823000 0.637891 -0.200000
v 0.823000 0.650782 -0.200000
v 0.823000 0.662265 -0.200000
v 0.823000 0.672000 -0.200000
v 0.823041 0.680377 -0.200000
v 0.823162 0.688514 -0.200000
v 0.823359 0.696422 -0.200000
v 0.823629 0.704111 -0.200000
v 0.823969 0.711592 -0.200000
v 0.824375 0.718875 -0.200000
v 0.824843 0.725971 -0.200000
v 0.825370 0.732889 -0.200000
v 0.825953 0.739641 -0.200000
v 0.826588 0.746236 -0.200000
v 0.827271 0.752686 -0.200000
v 0.828000 0.759000 -0.200000
v 0.734000 0.759000 -0.200000
v 0.734479 0.752686 -0.200000
v 0.734917 0.746236 -0.200000
v 0.735313 0.739641 -0.200000
v 0.735667 0.732889 -0.200000
v 0.735979 0.725971 -0.200000
v 0.736250 0.718875 -0.200000
v 0.736479 0.711592 -0.200000
v 0.736667 0.704111 -0.200000
v 0.736813 0.696422 -0.200000
v 0.736917 0.688514 -0.200000
v 0.736979 0.680377 -0.200000
v 0.737000 0.672000 -0.200000
v 1.617125 0.621793 -0.200000
v 1.630417 0.601431 -0.200000
v 1.645750 0.579297 -0.200000
v 1.663000 0.555778 -0.200000
v 1.682042 0.531259 -0.200000
v 1.702750 0.506125 -0.200000
v 1.725000 0.480762 -0.200000
v 1.748667 0.455556 -0.200000
v 1.773625 0.430891 -0.200000
v 1.799750 0.407153 -0.200000
v 1.826917 0.384727 -0.200000
v 1.855000 0.364000 -0.200000
v 1.921000 0.417000 -0.200000
v 1.897995 0.431357 -0.200000
v 1.875125 0.447690 -0.200000
v 1.852610 0.465641 -0.200000
v 1.830667 0.484852 -0.200000
v 1.809516 0.504966 -0.200000
v 1.789375 0.525625 -0.200000
v 1.770464 0.546472 -0.200000
v 1.753000 0.567148 -0.200000
v 1.737203 0.587297 -0.200000
v 1.723292 0.606560 -0.200000
v 1.711484 0.624581 -0.200000
v 1.702000 0.641000 -0.200000
v 1.727022 0.641000 -0.200000
v 1.765264 0.641000 -0.200000
v 1.813984 0.641000 -0.200000
v 1.870444 0.641000 -0.200000
v 1.931904 0.641000 -0.200000
v 1.995625 0.641000 -0.200000
v 2.058866 0.641000 -0.200000
v 2.118889 0.641000 -0.200000
v 2.172953 0.641000 -0.200000
v 2.218319 0.641000 -0.200000
v 2.252248 0.641000 -0.200000
v 2.272000 0.641000 -0.200000
v 2.281271 0.640958 -0.200000
v 2.290583 0.640833 -0.200000
v 2.299937 0.640625 -0.200000
v 2.309333 0.640333 -0.200000
v 2.318771 0.639958 -0.200000
v 2.328250 0.639500 -0.200000
v 2.337771 0.638958 -0.200000
v 2.347333 0.638333 -0.200000
v 2.356937 0.637625 -0.200000
v 2.366583 0.636833 -0.200000
v 2.376271 0.635958 -0.200000
v 2.386000 0.635000 -0.200000
v 2.386000 0.726000 -0.200000
v 2.377111 0.724773 -0.200000
v 2.367972 0.723597 -0.200000
v 2.358625 0.722484 -0.200000
v 2.349111 0.721444 -0.200000
v 2.339472 0.720488 -0.200000
v 2.329750 0.719625 -0.200000
v 2.319986 0.718866 -0.200000
v 2.310222 0.718222 -0.200000
v 2.300500 0.717703 -0.200000
v 2.290861 0.717319 -0.200000
v 2.281347 0.717082 -0.200000
v 2.272000 0.717000 -0.200000
v 2.251769 0.717000 -0.200000
v 2.216981 0.717000 -0.200000
v 2.170500 0.717000 -0.200000
v 2.115185 0.717000 -0.200000
v 2.053898 0.717000 -0.200000
v 1.989500 0.717000 -0.200000
v 1.924852 0.717000 -0.200000
v 1.862815 0.717000 -0.200000
v 1.806250 0.717000 -0.200000
v 1.758018 0.717000 -0.200000
v 1.720981 0.717000 -0.200000
v 1.698000 0.717000 -0.200000
v 1.692918 0.717061 -0.200000
v 1.687259 0.717236 -0.200000
v 1.681156 0.717516 -0.200000
v 1.674741 0.717889 -0.200000
v 1.668145 0.718346 -0.200000
v 1.661500 0.718875 -0.200000
v 1.654939 0.719467 -0.200000
v 1.648593 0.720111 -0.200000
v 1.642594 0.720797 -0.200000
v 1.637074 0.721514 -0.200000
v 1.632166 0.722252 -0.200000
v 1.628000 0.723000 -0.200000
v 1.579000 0.676000 -0.200000
v 1.580868 0.673401 -0.200000
v 1.582944 0.670625 -0.200000
v 1.585187 0.667703 -0.200000
v 1.587556 0.664667 -0.200000
v 1.590007 0.661547 -0.200000
v 1.592500 0.658375 -0.200000
v 1.594993 0.655182 -0.200000
v 1.597444 0.652000 -0.200000
v 1.599813 0.648859 -0.200000
v 1.602056 0.645792 -0.200000
v 1.604132 0.642828 -0.200000
v 1.606000 0.640000 -0.200000
v 2.331000 0.023000 -0.200000
v 2.323882 0.025394 -0.200000
v 2.316556 0.028069 -0.200000
v 2.309062 0.031016 -0.200000
v 2.301444 0.034222 -0.200000
v 2.293743 0.037679 -0.200000
v 2.286000 0.041375 -0.200000
v 2.278257 0.045300 -0.200000
v 2.270555 0.049444 -0.200000
v 2.262938 0.053797 -0.200000
v 2.255445 0.058347 -0.200000
v 2.248118 0.063085 -0.200000
v 2.241000 0.068000 -0.200000
v 2.204957 0.092506 -0.200000
v 2.174069 0.118968 -0.200000
v 2.147953 0.147297 -0.200000
v 2.126222 0.177407 -0.200000
v 2.108491 0.209212 -0.200000
v 2.094375 0.242625 -0.200000
v 2.083488 0.277558 -0.200000
v 2.075444 0.313926 -0.200000
v 2.069860 0.351641 -0.200000
v 2.066347 0.390616 -0.200000
v 2.064523 0.430764 -0.200000
v 2.064000 0.472000 -0.200000
v 2.064022 0.477962 -0.200000
v 2.064088 0.483861 -0.200000
v 2.064203 0.489719 -0.200000
v 2.064370 0.495556 -0.200000
v 2.064593 0.501392 -0.200000
v 2.064875 0.507250 -0.200000
v 2.065219 0.513149 -0.200000
v 2.065629 0.519111 -0.200000
v 2.066109 0.525156 -0.200000
v 2.066662 0.531306 -0.200000
v 2.067291 0.537580 -0.200000
v 2.068000 0.544000 -0.200000
v 1.978000 0.544000 -0.200000
v 1.978620 0.478065 -0.200000
v 1.980958 0.415685 -0.200000
v 1.985734 0.356750 -0.200000
v 1.993667 0.301148 -0.200000
v 2.005474 0.248769 -0.200000
v 2.021875 0.199500 -0.200000
v 2.043589 0.153231 -0.200000
v 2.071333 0.109852 -0.200000
v 2.105828 0.069250 -0.200000
v 2.147792 0.031315 -0.200000
v 2.197943 -0.004065 -0.200000
v 2.257000 -0.037000 -0.200000
v 3.056000 0.125000 -0.200000
v 3.056000 0.585000 -0.200000
v 3.281000 0.585000 -0.200000
v 3.286167 0.584979 -0.200000
v 3.292083 0.584912 -0.200000
v 3.298625 0.584797 -0.200000
v 3.305667 0.584630 -0.200000
v 3.313083 0.584407 -0.200000
v 3.320750 0.584125 -0.200000
v 3.328542 0.583781 -0.200000
v 3.336333 0.583370 -0.200000
v 3.344000 0.582891 -0.200000
v 3.351417 0.582338 -0.200000
v 3.358458 0.581709 -0.200000
v 3.365000 0.581000 -0.200000
v 3.365000 0.669000 -0.200000
v 3.358267 0.668042 -0.200000
v 3.351139 0.667167 -0.200000
v 3.343719 0.666375 -0.200000
v 3.336111 0.665667 -0.200000
v 3.328420 0.665042 -0.200000
v 3.320750 0.664500 -0.200000
v 3.313205 0.664042 -0.200000
v 3.305889 0.663667 -0.200000
v 3.298906 0.663375 -0.200000
v 3.292361 0.663167 -0.200000
v 3.286358 0.663042 -0.200000
v 3.281000 0.663000 -0.200000
v 2.731000 0.663000 -0.200000
v 2.723484 0.663061 -0.200000
v 2.715954 0.663236 -0.200000
v 2.708437 0.663516 -0.200000
v 2.700963 0.663889 -0.200000
v 2.693558 0.664346 -0.200000
v 2.686250 0.664875 -0.200000
v 2.679067 0.665467 -0.200000
v 2.672037 0.666111 -0.200000
v 2.665187 0.666797 -0.200000
v 2.658546 0.667514 -0.200000
v 2.652141 0.668252 -0.200000
v 2.646000 0.669000 -0.200000
v 2.646000 0.581000 -0.200000
v 2.652389 0.581709 -0.200000
v 2.659032 0.582338 -0.200000
v 2.665890 0.582891 -0.200000
v 2.672926 0.583370 -0.200000
v 2.680100 0.583781 -0.200000
v 2.687375 0.584125 -0.200000
v 2.694712 0.584407 -0.200000
v 2.702074 0.584630 -0.200000
v 2.709422 0.584797 -0.200000
v 2.716717 0.584912 -0.200000
v 2.723923 0.584979 -0.200000
v 2.731000 0.585000 -0.200000
v 2.971000 0.585000 -0.200000
v 2.971000 0.125000 -0.200000
v 2.677000 0.125000 -0.200000
v 2.669561 0.125061 -0.200000
v 2.662241 0.125236 -0.200000
v 2.655031 0.125516 -0.200000
v 2.647926 0.125889 -0.200000
v 2.640918 0.126345 -0.200000
v 2.634000 0.126875 -0.200000
v 2.627165 0.127467 -0.200000
v 2.620407 0.128111 -0.200000
v 2.613719 0.128797 -0.200000
v 2.607092 0.129514 -0.200000
v 2.600522 0.130252 -0.200000
v 2.594000 0.131000 -0.200000
v 2.594000 0.040000 -0.200000
v 2.600923 0.040919 -0.200000
v 2.608134 0.041685 -0.200000
v 2.615547 0.042312 -0.200000
v 2.623074 0.042815 -0.200000
v 2.630629 0.043206 -0.200000
v 2.638125 0.043500 -0.200000
v 2.645475 0.043711 -0.200000
v 2.652593 0.043852 -0.200000
v 2.659390 0.043937 -0.200000
v 2.665782 0.043981 -0.200000
v 2.671681 0.043998 -0.200000
v 2.677000 0.044000 -0.200000
v 3.338000 0.044000 -0.200000
v 3.344811 0.043979 -0.200000
v 3.351741 0.043912 -0.200000
v 3.358781 0.043797 -0.200000
v 3.365926 0.043630 -0.200000
v 3.373168 0.043407 -0.200000
v 3.380500 0.043125 -0.200000
v 3.387916 0.042781 -0.200000
v 3.395407 0.042370 -0.200000
v 3.402969 0.041891 -0.200000
v 3.410593 0.041338 -0.200000
v 3.418272 0.040709 -0.200000
v 3.426000 0.040000 -0.200000
v 3.426000 0.131000 -0.200000
v 3.418482 0.130042 -0.200000
v 3.410940 0.129167 -0.200000
v 3.403391 0.128375 -0.200000
v 3.395852 0.127667 -0.200000
v 3.388341 0.127042 -0.200000
v 3.380875 0.126500 -0.200000
v 3.373472 0.126042 -0.200000
v 3.366148 0.125667 -0.200000
v 3.358922 0.125375 -0.200000
v 3.351810 0.125167 -0.200000
v 3.344831 0.125042 -0.200000
v 3.338000 0.125000 -0.200000
v -2.826956 0.677336 0.200000
v -2.826823 0.685273 0.200000
v -2.826593 0.693703 0.200000
v -2.826258 0.702518 0.200000
v -2.825813 0.711612 0.200000
v -2.825249 0.720875 0.200000
v -2.824561 0.730201 0.200000
v -2.823740 0.739481 0.200000
v -2.822781 0.748609 0.200000
v -2.821676 0.757477 0.200000
v -2.820418 0.765976 0.200000
v -2.819000 0.774000 0.200000
v -2.917000 0.774000 0.200000
v -2.916232 0.766015 0.200000
v -2.915440 0.757616 0.200000
v -2.914641 0.748891 0.200000
v -2.913852 0.739926 0.200000
v -2.913091 0.730808 0.200000
v -2.912375 0.721625 0.200000
v -2.911722 0.712462 0.200000
v -2.911148 0.703407 0.200000
v -2.910672 0.694547 0.200000
v -2.910311 0.685968 0.200000
v -2.910081 0.677756 0.200000
v -2.910000 0.670000 0.200000
v -2.910000 0.507000 0.200000
v -2.944126 0.496363 0.200000
v -2.980171 0.484569 0.200000
v -3.017641 0.471797 0.200000
v -3.056037 0.458222 0.200000
v -3.094864 0.444023 0.200000
v -3.133625 0.429375 0.200000
v -3.171824 0.414457 0.200000
v -3.208963 0.399444 0.200000
v -3.244547 0.384516 0.200000
v -3.278079 0.369847 0.200000
v -3.309062 0.355616 0.200000
v -3.337000 0.342000 0.200000
v -3.303000 0.257000 0.200000
v -3.274490 0.271894 0.200000
v -3.243750 0.286981 0.200000
v -3.211219 0.302125 0.200000
v -3.177334 0.317185 0.200000
v -3.142532 0.332023 0.200000
v -3.107250 0.346500 0.200000
v -3.071927 0.360477 0.200000
v -3.037000 0.373815 0.200000
v -3.002907 0.386375 0.200000
v -2.970083 0.398019 0.200000
v -2.938969 0.408606 0.200000
v -2.910000 0.418000 0.200000
v -2.911000 0.088000 0.200000
v -2.911041 0.079796 0.200000
v -2.911166 0.070787 0.200000
v -2.911375 0.061125 0.200000
v -2.911667 0.050963 0.200000
v -2.912041 0.040454 0.200000
v -2.912500 0.029750 0.200000
v -2.913041 0.019005 0.200000
v -2.913666 0.008370 0.200000
v -2.914375 -0.002000 0.200000
v -2.915167 -0.011954 0.200000
v -2.916042 -0.021338 0.200000
v -2.917000 -0.030000 0.200000
v -2.820000 -0.030000 0.200000
v -2.821187 -0.021663 0.200000
v -2.822254 -0.012718 0.200000
v -2.823202 -0.003266 0.200000
v -2.824036 0.006593 0.200000
v -2.824759 0.016756 0.200000
v -2.825374 0.027125 0.200000
v -2.825886 0.037598 0.200000
v -2.826296 0.048074 0.200000
v -2.826609 0.058453 0.200000
v -2.826828 0.068634 0.200000
v -2.826957 0.078517 0.200000
v -2.827000 0.088000 0.200000
v -2.827000 0.109611 0.200000
v -2.827000 0.144722 0.200000
v -2.827000 0.190750 0.200000
v -2.827000 0.245111 0.200000
v -2.827000 0.305222 0.200000
v -2.827000 0.368500 0.200000
v -2.827000 0.432361 0.200000
v -2.827000 0.494222 0.200000
v -2.827000 0.551500 0.200000
v -2.827000 0.601611 0.200000
v -2.827000 0.641972 0.200000
v -2.827000 0.670000 0.200000
v -2.038901 0.564693 0.200000
v -2.064542 0.582213 0.200000
v -2.089828 0.600469 0.200000
v -2.114667 0.619370 0.200000
v -2.138963 0.638828 0.200000
v -2.162625 0.658750 0.200000
v -2.185558 0.679047 0.200000
v -2.207667 0.699630 0.200000
v -2.228860 0.720406 0.200000
v -2.249042 0.741287 0.200000
v -2.268120 0.762182 0.200000
v -2.286000 0.783000 0.200000
v -2.353000 0.721000 0.200000
v -2.333671 0.701315 0.200000
v -2.313695 0.681773 0.200000
v -2.293094 0.662391 0.200000
v -2.271889 0.643185 0.200000
v -2.250101 0.624174 0.200000
v -2.227751 0.605375 0.200000
v -2.204858 0.586805 0.200000
v -2.181445 0.568482 0.200000
v -2.157531 0.550422 0.200000
v -2.133139 0.532644 0.200000
v -2.108288 0.515164 0.200000
v -2.083000 0.498000 0.200000
v -2.083000 0.076000 0.200000
v -2.083042 0.066294 0.200000
v -2.083167 0.056269 0.200000
v -2.083375 0.046063 0.200000
v -2.083667 0.035815 0.200000
v -2.084042 0.025664 0.200000
v -2.084500 0.015750 0.200000
v -2.085042 0.006211 0.200000
v -2.085667 -0.002815 0.200000
v -2.086375 -0.011187 0.200000
v -2.087167 -0.018769 0.200000
v -2.088042 -0.025419 0.200000
v -2.089000 -0.031000 0.200000
v -1.991000 -0.031000 0.200000
v -1.991748 -0.025629 0.200000
v -1.992486 -0.019116 0.200000
v -1.993203 -0.011609 0.200000
v -1.993889 -0.003259 0.200000
v -1.994533 0.005785 0.200000
v -1.995125 0.015375 0.200000
v -1.995654 0.025361 0.200000
v -1.996111 0.035593 0.200000
v -1.996485 0.045922 0.200000
v -1.996764 0.056199 0.200000
v -1.996939 0.066275 0.200000
v -1.997000 0.076000 0.200000
v -1.997000 0.446000 0.200000
v -1.970101 0.431010 0.200000
v -1.941972 0.416079 0.200000
v -1.912719 0.401266 0.200000
v -1.882444 0.386630 0.200000
v -1.851253 0.372230 0.200000
v -1.819250 0.358125 0.200000
v -1.786538 0.344374 0.200000
v -1.753222 0.331037 0.200000
v -1.719406 0.318172 0.200000
v -1.685194 0.305838 0.200000
v -1.650691 0.294094 0.200000
v -1.616000 0.283000 0.200000
v -1.576000 0.361000 0.200000
v -1.618821 0.373216 0.200000
v -1.660732 0.386310 0.200000
v -1.701657 0.400203 0.200000
v -1.741519 0.414815 0.200000
v -1.780242 0.430065 0.200000
v -1.817750 0.445875 0.200000
v -1.853966 0.462164 0.200000
v -1.888815 0.478852 0.200000
v -1.922219 0.495859 0.200000
v -1.954102 0.513107 0.200000
v -1.984388 0.530513 0.200000
v -2.013000 0.548000 0.200000
v -0.975000 0.540000 0.200000
v -0.975000 0.675000 0.200000
v -0.974919 0.682868 0.200000
v -0.974681 0.691361 0.200000
v -0.974297 0.700312 0.200000
v -0.973778 0.709556 0.200000
v -0.973134 0.718924 0.200000
v -0.972375 0.728250 0.200000
v -0.971512 0.737368 0.200000
v -0.970556 0.746111 0.200000
v -0.969516 0.754313 0.200000
v -0.968403 0.761806 0.200000
v -0.967227 0.768424 0.200000
v -0.966000 0.774000 0.200000
v -1.065000 0.774000 0.200000
v -1.064251 0.768404 0.200000
v -1.063514 0.761732 0.200000
v -1.062796 0.754156 0.200000
v -1.062111 0.745852 0.200000
v -1.061466 0.736992 0.200000
v -1.060875 0.727750 0.200000
v -1.060345 0.718300 0.200000
v -1.059889 0.708815 0.200000
v -1.059516 0.699469 0.200000
v -1.059236 0.690435 0.200000
v -1.059061 0.681888 0.200000
v -1.059000 0.674000 0.200000
v -1.059000 0.540000 0.200000
v -1.325000 0.540000 0.200000
v -1.333338 0.540040 0.200000
v -1.341791 0.540157 0.200000
v -1.350265 0.540344 0.200000
v -1.358666 0.540593 0.200000
v -1.366901 0.540897 0.200000
v -1.374875 0.541250 0.200000
v -1.382495 0.541645 0.200000
v -1.389666 0.542074 0.200000
v -1.396297 0.542531 0.200000
v -1.402292 0.543009 0.200000
v -1.407557 0.543501 0.200000
v -1.412000 0.544000 0.200000
v -1.412000 0.459000 0.200000
v -1.407499 0.459479 0.200000
v -1.402078 0.459917 0.200000
v -1.395859 0.460313 0.200000
v -1.388963 0.460667 0.200000
v -1.381510 0.460979 0.200000
v -1.373625 0.461250 0.200000
v -1.365426 0.461479 0.200000
v -1.357037 0.461667 0.200000
v -1.348578 0.461813 0.200000
v -1.340171 0.461917 0.200000
v -1.331938 0.461979 0.200000
v -1.324000 0.462000 0.200000
v -1.059000 0.462000 0.200000
v -1.057427 0.408200 0.200000
v -1.052579 0.356769 0.200000
v -1.044266 0.307656 0.200000
v -1.032296 0.260815 0.200000
v -1.016480 0.216196 0.200000
v -0.996625 0.173750 0.200000
v -0.972541 0.133429 0.200000
v -0.944037 0.095185 0.200000
v -0.910921 0.058969 0.200000
v -0.873004 0.024731 0.200000
v -0.830094 -0.007575 0.200000
v -0.782000 -0.038000 0.200000
v -0.704000 0.020000 0.200000
v -0.749035 0.043478 0.200000
v -0.789699 0.069408 0.200000
v -0.826078 0.097781 0.200000
v -0.858259 0.128593 0.200000
v -0.886329 0.161835 0.200000
v -0.910375 0.197500 0.200000
v -0.930483 0.235582 0.200000
v -0.946741 0.276074 0.200000
v -0.959234 0.318969 0.200000
v -0.968051 0.364259 0.200000
v -0.973277 0.411939 0.200000
v -0.975000 0.462000 0.200000
v -0.682000 0.462000 0.200000
v -0.672760 0.461979 0.200000
v -0.663574 0.461917 0.200000
v -0.654500 0.461813 0.200000
v -0.645593 0.461667 0.200000
v -0.636908 0.461479 0.200000
v -0.628500 0.461250 0.200000
v -0.620426 0.460979 0.200000
v -0.612741 0.460667 0.200000
v -0.605500 0.460313 0.200000
v -0.598759 0.459917 0.200000
v -0.592574 0.459479 0.200000
v -0.587000 0.459000 0.200000
v -0.587000 0.545000 0.200000
v -0.592573 0.544481 0.200000
v -0.598750 0.543935 0.200000
v -0.605469 0.543375 0.200000
v -0.612667 0.542815 0.200000
v -0.620281 0.542269 0.200000
v -0.628250 0.541750 0.200000
v -0.636511 0.541273 0.200000
v -0.645000 0.540852 0.200000
v -0.653656 0.540500 0.200000
v -0.662417 0.540232 0.200000
v -0.671219 0.540060 0.200000
v -0.680000 0.540000 0.200000
v 0.244086 0.428000 0.200000
v 0.207852 0.428000 0.200000
v 0.162563 0.428000 0.200000
v 0.110482 0.428000 0.200000
v 0.053873 0.428000 0.200000
v -0.005000 0.428000 0.200000
v -0.063873 0.428000 0.200000
v -0.120481 0.428000 0.200000
v -0.172563 0.428000 0.200000
v -0.217852 0.428000 0.200000
v -0.254086 0.428000 0.200000
v -0.279000 0.428000 0.200000
v -0.291209 0.428060 0.200000
v -0.302834 0.428231 0.200000
v -0.313875 0.428500 0.200000
v -0.324333 0.428852 0.200000
v -0.334208 0.429273 0.200000
v -0.343500 0.429750 0.200000
v -0.352208 0.430268 0.200000
v -0.360333 0.430815 0.200000
v -0.367875 0.431375 0.200000
v -0.374833 0.431935 0.200000
v -0.381208 0.432481 0.200000
v -0.387000 0.433000 0.200000
v -0.387000 0.335000 0.200000
v -0.381553 0.335308 0.200000
v -0.375255 0.335718 0.200000
v -0.368172 0.336203 0.200000
v -0.360371 0.336741 0.200000
v -0.351916 0.337306 0.200000
v -0.342875 0.337875 0.200000
v -0.333313 0.338423 0.200000
v -0.323297 0.338926 0.200000
v -0.312891 0.339359 0.200000
v -0.302162 0.339699 0.200000
v -0.291177 0.339921 0.200000
v -0.280000 0.340000 0.200000
v -0.254875 0.340000 0.200000
v -0.218500 0.340000 0.200000
v -0.173125 0.340000 0.200000
v -0.121000 0.340000 0.200000
v -0.064375 0.340000 0.200000
v -0.005500 0.340000 0.200000
v 0.053375 0.340000 0.200000
v 0.110000 0.340000 0.200000
v 0.162125 0.340000 0.200000
v 0.207500 0.340000 0.200000
v 0.243875 0.340000 0.200000
v 0.269000 0.340000 0.200000
v 0.282697 0.339959 0.200000
v 0.296241 0.339838 0.200000
v 0.309562 0.339641 0.200000
v 0.322592 0.339370 0.200000
v 0.335262 0.339031 0.200000
v 0.347500 0.338625 0.200000
v 0.359239 0.338157 0.200000
v 0.370408 0.337630 0.200000
v 0.380938 0.337047 0.200000
v 0.390759 0.336412 0.200000
v 0.399803 0.335729 0.200000
v 0.408000 0.335000 0.200000
v 0.408000 0.433000 0.200000
v 0.400033 0.432482 0.200000
v 0.391176 0.431935 0.200000
v 0.381500 0.431375 0.200000
v 0.371074 0.430815 0.200000
v 0.359968 0.430269 0.200000
v 0.348250 0.429750 0.200000
v 0.335991 0.429273 0.200000
v 0.323259 0.428852 0.200000
v 0.310125 0.428500 0.200000
v 0.296658 0.428232 0.200000
v 0.282926 0.428060 0.200000
v 0.269000 0.428000 0.200000
v 1.202000 0.666928 0.200000
v 1.202000 0.646759 0.200000
v 1.202000 0.620063 0.200000
v 1.202000 0.588407 0.200000
v 1.202000 0.553364 0.200000
v 1.202000 0.516500 0.200000
v 1.202000 0.479387 0.200000
v 1.202000 0.443593 0.200000
v 1.202000 0.410688 0.200000
v 1.202000 0.382241 0.200000
v 1.202000 0.359822 0.200000
v 1.202000 0.345000 0.200000
v 1.201960 0.338597 0.200000
v 1.201843 0.331940 0.200000
v 1.201656 0.325109 0.200000
v 1.201407 0.318185 0.200000
v 1.201103 0.311247 0.200000
v 1.200750 0.304375 0.200000
v 1.200355 0.297649 0.200000
v 1.199926 0.291148 0.200000
v 1.199469 0.284953 0.200000
v 1.198991 0.279144 0.200000
v 1.198499 0.273799 0.200000
v 1.198000 0.269000 0.200000
v 1.290000 0.269000 0.200000
v 1.289481 0.273093 0.200000
v 1.288935 0.277829 0.200000
v 1.288375 0.283141 0.200000
v 1.287815 0.288963 0.200000
v 1.287268 0.295230 0.200000
v 1.286750 0.301875 0.200000
v 1.286273 0.308833 0.200000
v 1.285852 0.316037 0.200000
v 1.285500 0.323422 0.200000
v 1.285231 0.330921 0.200000
v 1.285060 0.338469 0.200000
v 1.285000 0.346000 0.200000
v 1.285000 0.360802 0.200000
v 1.285000 0.383167 0.200000
v 1.285000 0.411531 0.200000
v 1.285000 0.444333 0.200000
v 1.285000 0.480010 0.200000
v 1.285000 0.517000 0.200000
v 1.285000 0.553740 0.200000
v 1.285000 0.588667 0.200000
v 1.285000 0.620219 0.200000
v 1.285000 0.646833 0.200000
v 1.285000 0.666948 0.200000
v 1.285000 0.679000 0.200000
v 1.285040 0.683835 0.200000
v 1.285157 0.689264 0.200000
v 1.285344 0.695172 0.200000
v 1.285593 0.701444 0.200000
v 1.285897 0.707967 0.200000
v 1.286250 0.714625 0.200000
v 1.286645 0.721304 0.200000
v 1.287074 0.727889 0.200000
v 1.287531 0.734266 0.200000
v 1.288009 0.740319 0.200000
v 1.288501 0.745936 0.200000
v 1.289000 0.751000 0.200000
v 1.198000 0.751000 0.200000
v 1.198498 0.746050 0.200000
v 1.198990 0.740736 0.200000
v 1.199468 0.735109 0.200000
v 1.199926 0.729222 0.200000
v 1.200355 0.723127 0.200000
v 1.200750 0.716875 0.200000
v 1.201103 0.710519 0.200000
v 1.201407 0.704111 0.200000
v 1.201656 0.697703 0.200000
v 1.201843 0.691347 0.200000
v 1.201959 0.685095 0.200000
v 1.202000 0.679000 0.200000
v 0.737000 0.661135 0.200000
v 0.737000 0.648750 0.200000
v 0.737000 0.635156 0.200000
v 0.737000 0.620667 0.200000
v 0.737000 0.605594 0.200000
v 0.737000 0.590250 0.200000
v 0.737000 0.574948 0.200000
v 0.737000 0.560000 0.200000
v 0.737000 0.545719 0.200000
v 0.737000 0.532417 0.200000
v 0.737000 0.520406 0.200000
v 0.737000 0.510000 0.200000
v 0.737691 0.453257 0.200000
v 0.739778 0.402639 0.200000
v 0.743281 0.357563 0.200000
v 0.748222 0.317444 0.200000
v 0.754622 0.281701 0.200000
v 0.762500 0.249750 0.200000
v 0.771878 0.221007 0.200000
v 0.782778 0.194889 0.200000
v 0.795219 0.170813 0.200000
v 0.809222 0.148194 0.200000
v 0.824809 0.126451 0.200000
v 0.842000 0.105000 0.200000
v 0.858943 0.086219 0.200000
v 0.877129 0.068838 0.200000
v 0.896343 0.052797 0.200000
v 0.916370 0.038037 0.200000
v 0.936994 0.024499 0.200000
v 0.958000 0.012125 0.200000
v 0.979172 0.000855 0.200000
v 1.000296 -0.009370 0.200000
v 1.021156 -0.018609 0.200000
v 1.041537 -0.026921 0.200000
v 1.061223 -0.034365 0.200000
v 1.080000 -0.041000 0.200000
v 1.145000 0.028000 0.200000
v 1.122155 0.034112 0.200000
v 1.099658 0.040977 0.200000
v 1.077563 0.048641 0.200000
v 1.055926 0.057148 0.200000
v 1.034803 0.066545 0.200000
v 1.014250 0.076875 0.200000
v 0.994322 0.088185 0.200000
v 0.975074 0.100519 0.200000
v 0.956563 0.113922 0.200000
v 0.938843 0.128440 0.200000
v 0.921970 0.144118 0.200000
v 0.906000 0.161000 0.200000
v 0.889452 0.181772 0.200000
v 0.875199 0.202843 0.200000
v 0.863078 0.224594 0.200000
v 0.852926 0.247407 0.200000
v 0.844579 0.271666 0.200000
v 0.837875 0.297750 0.200000
v 0.832650 0.326043 0.200000
v 0.828741 0.356926 0.200000
v 0.825984 0.390781 0.200000
v 0.824218 0.427991 0.200000
v 0.823277 0.468936 0.200000
v 0.823000 0.514000 0.200000
v 0.823000 0.524423 0.200000
v 0.823000 0.536468 0.200000
v 0.823000 0.549797 0.200000
v 0.823000 0.564074 0.200000
v 0.823000 0.578962 0.200000
v 0.823000 0.594125 0.200000
v 0.823000 0.609225 0.200000
v 0.823000 0.623926 0.200000
v 0.823000 0.637891 0.200000
v 0.823000 0.650782 0.200000
v 0.823000 0.662265 0.200000
v 0.823000 0.672000 0.200000
v 0.823041 0.680377 0.200000
v 0.823162 0.688514 0.200000
v 0.823359 0.696422 0.200000
v 0.823629 0.704111 0.200000
v 0.823969 0.711592 0.200000
v 0.824375 0.718875 0.200000
v 0.824843 0.725971 0.200000
v 0.825370 0.732889 0.200000
v 0.825953 0.739641 0.200000
v 0.826588 0.746236 0.200000
v 0.827271 0.752686 0.200000
v 0.828000 0.759000 0.200000
v 0.734000 0.759000 0.200000
v 0.734479 0.752686 0.200000
v 0.734917 0.746236 0.200000
v 0.735313 0.739641 0.200000
v 0.735667 0.732889 0.200000
v 0.735979 0.725971 0.200000
v 0.736250 0.718875 0.200000
v 0.736479 0.711592 0.200000
v 0.736667 0.704111 0.200000
v 0.736813 0.696422 0.200000
v 0.736917 0.688514 0.200000
v 0.736979 0.680377 0.200000
v 0.737000 0.672000 0.200000
v 1.617125 0.621793 0.200000
v 1.630417 0.601431 0.200000
v 1.645750 0.579297 0.200000
v 1.663000 0.555778 0.200000
v 1.682042 0.531259 0.200000
v 1.702750 0.506125 0.200000
v 1.725000 0.480762 0.200000
v 1.748667 0.455556 0.200000
v 1.773625 0.430891 0.200000
v 1.799750 0.407153 0.200000
v 1.826917 0.384727 0.200000
v 1.855000 0.364000 0.200000
v 1.921000 0.417000 0.200000
v 1.897995 0.431357 0.200000
v 1.875125 0.447690 0.200000
v 1.852610 0.465641 0.200000
v 1.830667 0.484852 0.200000
v 1.809516 0.504966 0.200000
v 1.789375 0.525625 0.200000
v 1.770464 0.546472 0.200000
v 1.753000 0.567148 0.200000
v 1.737203 0.587297 0.200000
v 1.723292 0.606560 0.200000
v 1.711484 0.624581 0.200000
v 1.702000 0.641000 0.200000
v 1.727022 0.641000 0.200000
v 1.765264 0.641000 0.200000
v 1.813984 0.641000 0.200000
v 1.870444 0.641000 0.200000
v 1.931904 0.641000 0.200000
v 1.995625 0.641000 0.200000
v 2.058866 0.641000 0.200000
v 2.118889 0.641000 0.200000
v 2.172953 0.641000 0.200000
v 2.218319 0.641000 0.200000
v 2.252248 0.641000 0.200000
v 2.272000 0.641000 0.200000
v 2.281271 0.640958 0.200000
v 2.290583 0.640833 0.200000
v 2.299937 0.640625 0.200000
v 2.309333 0.640333 0.200000
v 2.318771 0.639958 0.200000
v 2.328250 0.639500 0.200000
v 2.337771 0.638958 0.200000
v 2.347333 0.638333 0.200000
v 2.356937 0.637625 0.200000
v 2.366583 0.636833 0.200000
v 2.376271 0.635958 0.200000
v 2.386000 0.635000 0.200000
v 2.386000 0.726000 0.200000
v 2.377111 0.724773 0.200000
v 2.367972 0.723597 0.200000
v 2.358625 0.722484 0.200000
v 2.349111 0.721444 0.200000
v 2.339472 0.720488 0.200000
v 2.329750 0.719625 0.200000
v 2.319986 0.718866 0.200000
v 2.310222 0.718222 0.200000
v 2.300500 0.717703 0.200000
v 2.290861 0.717319 0.200000
v 2.281347 0.717082 0.200000
v 2.272000 0.717000 0.200000
v 2.251769 0.717000 0.200000
v 2.216981 0.717000 0.200000
v 2.170500 0.717000 0.200000
v 2.115185 0.717000 0.200000
v 2.053898 0.717000 0.200000
v 1.989500 0.717000 0.200000
v 1.924852 0.717000 0.200000
v 1.862815 0.717000 0.200000
v 1.806250 0.717000 0.200000
v 1.758018 0.717000 0.200000
v 1.720981 0.717000 0.200000
v 1.698000 0.717000 0.200000
v 1.692918 0.717061 0.200000
v 1.687259 0.717236 0.200000
v 1.681156 0.717516 0.200000
v 1.674741 0.717889 0.200000
v 1.668145 0.718346 0.200000
v 1.661500 0.718875 0.200000
v 1.654939 0.719467 0.200000
v 1.648593 0.720111 0.200000
v 1.642594 0.720797 0.200000
v 1.637074 0.721514 0.200000
v 1.632166 0.722252 0.200000
v 1.628000 0.723000 0.200000
v 1.579000 0.676000 0.200000
v 1.580868 0.673401 0.200000
v 1.582944 0.670625 0.200000
v 1.585187 0.667703 0.200000
v 1.587556 0.664667 0.200000
v 1.590007 0.661547 0.200000
v 1.592500 0.658375 0.200000
v 1.594993 0.655182 0.200000
v 1.597444 0.652000 0.200000
v 1.599813 0.648859 0.200000
v 1.602056 0.645792 0.200000
v 1.604132 0.642828 0.200000
v 1.606000 0.640000 0.200000
v 2.331000 0.023000 0.200000
v 2.323882 0.025394 0.200000
v 2.316556 0.028069 0.200000
v 2.309062 0.031016 0.200000
v 2.301444 0.034222 0.200000
v 2.293743 0.037679 0.200000
v 2.286000 0.041375 0.200000
v 2.278257 0.045300 0.200000
v 2.270555 0.049444 0.200000
v 2.262938 0.053797 0.200000
v 2.255445 0.058347 0.200000
v 2.248118 0.063085 0.200000
v 2.241000 0.068000 0.200000
v 2.204957 0.092506 0.200000
v 2.174069 0.118968 0.200000
v 2.147953 0.147297 0.200000
v 2.126222 0.177407 0.200000
v 2.108491 0.209212 0.200000
v 2.094375 0.242625 0.200000
v 2.083488 0.277558 0.200000
v 2.075444 0.313926 0.200000
v 2.069860 0.351641 0.200000
v 2.066347 0.390616 0.200000
v 2.064523 0.430764 0.200000
v 2.064000 0.472000 0.200000
v 2.064022 0.477962 0.200000
v 2.064088 0.483861 0.200000
v 2.064203 0.489719 0.200000
v 2.064370 0.495556 0.200000
v 2.064593 0.501392 0.200000
v 2.064875 0.507250 0.200000
v 2.065219 0.513149 0.200000
v 2.065629 0.519111 0.200000
v 2.066109 0.525156 0.200000
v 2.066662 0.531306 0.200000
v 2.067291 0.537580 0.200000
v 2.068000 0.544000 0.200000
v 1.978000 0.544000 0.200000
v 1.978620 0.478065 0.200000
v 1.980958 0.415685 0.200000
v 1.985734 0.356750 0.200000
v 1.993667 0.301148 0.200000
v 2.005474 0.248769 0.200000
v 2.021875 0.199500 0.200000
v 2.043589 0.153232 0.200000
v 2.071333 0.109852 0.200000
v 2.105828 0.069250 0.200000
v 2.147792 0.031315 0.200000
v 2.197943 -0.004065 0.200000
v 2.257000 -0.037000 0.200000
v 3.056000 0.125000 0.200000
v 3.056000 0.585000 0.200000
v 3.281000 0.585000 0.200000
v 3.286167 0.584979 0.200000
v 3.292083 0.584912 0.200000
v 3.298625 0.584797 0.200000
v 3.305667 0.584630 0.200000
v 3.313083 0.584407 0.200000
v 3.320750 0.584125 0.200000
v 3.328542 0.583781 0.200000
v 3.336333 0.583370 0.200000
v 3.344000 0.582891 0.200000
v 3.351417 0.582338 0.200000
v 3.358458 0.581709 0.200000
v 3.365000 0.581000 0.200000
v 3.365000 0.669000 0.200000
v 3.358267 0.668042 0.200000
v 3.351139 0.667167 0.200000
v 3.343719 0.666375 0.200000
v 3.336111 0.665667 0.200000
v 3.328420 0.665042 0.200000
v 3.320750 0.664500 0.200000
v 3.313205 0.664042 0.200000
v 3.305889 0.663667 0.200000
v 3.298906 0.663375 0.200000
v 3.292361 0.663167 0.200000
v 3.286358 0.663042 0.200000
v 3.281000 0.663000 0.200000
v 2.731000 0.663000 0.200000
v 2.723484 0.663061 0.200000
v 2.715954 0.663236 0.200000
v 2.708437 0.663516 0.200000
v 2.700963 0.663889 0.200000
v 2.693558 0.664346 0.200000
v 2.686250 0.664875 0.200000
v 2.679067 0.665467 0.200000
v 2.672037 0.666111 0.200000
v 2.665187 0.666797 0.200000
v 2.658546 0.667514 0.200000
v 2.652141 0.668252 0.200000
v 2.646000 0.669000 0.200000
v 2.646000 0.581000 0.200000
v 2.652389 0.581709 0.200000
v 2.659032 0.582338 0.200000
v 2.665890 0.582891 0.200000
v 2.672926 0.583370 0.200000
v 2.680100 0.583781 0.200000
v 2.687375 0.584125 0.200000
v 2.694712 0.584407 0.200000
v 2.702074 0.584630 0.200000
v 2.709422 0.584797 0.200000
v 2.716717 0.584912 0.200000
v 2.723923 0.584979 0.200000
v 2.731000 0.585000 0.200000
v 2.971000 0.585000 0.200000
v 2.971000 0.125000 0.200000
v 2.677000 0.125000 0.200000
v 2.669561 0.125061 0.200000
v 2.662241 0.125236 0.200000
v 2.655031 0.125516 0.200000
v 2.647926 0.125889 0.200000
v 2.640918 0.126346 0.200000
v 2.634000 0.126875 0.200000
v 2.627165 0.127467 0.200000
v 2.620407 0.128111 0.200000
v 2.613719 0.128797 0.200000
v 2.607092 0.129514 0.200000
v 2.600522 0.130252 0.200000
v 2.594000 0.131000 0.200000
v 2.594000 0.040000 0.200000
v 2.600923 0.040919 0.200000
v 2.608134 0.041685 0.200000
v 2.615547 0.042313 0.200000
v 2.623074 0.042815 0.200000
v 2.630629 0.043206 0.200000
v 2.638125 0.043500 0.200000
v 2.645475 0.043711 0.200000
v 2.652593 0.043852 0.200000
v 2.659390 0.043938 0.200000
v 2.665782 0.043981 0.200000
v 2.671681 0.043998 0.200000
v 2.677000 0.044000 0.200000
v 3.338000 0.044000 0.200000
v 3.344811 0.043979 0.200000
v 3.351741 0.043912 0.200000
v 3.358781 0.043797 0.200000
v 3.365926 0.043630 0.200000
v 3.373168 0.043407 0.200000
v 3.380500 0.043125 0.200000
v 3.387916 0.042781 0.200000
v 3.395407 0.042370 0.200000
v 3.402969 0.041891 0.200000
v 3.410593 0.041338 0.200000
v 3.418272 0.040709 0.200000
v 3.426000 0.040000 0.200000
v 3.426000 0.131000 0.200000
v 3.418482 0.130042 0.200000
v 3.410940 0.129167 0.200000
v 3.403391 0.128375 0.200000
v 3.395852 0.127667 0.200000
v 3.388341 0.127042 0.200000
v 3.380875 0.126500 0.200000
v 3.373472 0.126042 0.200000
v 3.366148 0.125667 0.200000
v 3.358922 0.125375 0.200000
v 3.351810 0.125167 0.200000
v 3.344831 0.125042 0.200000
v 3.338000 0.125000 0.200000
v 3.056000 0.125000 0.200000
v 3.056000 0.125000 -0.200000
v 3.056000 0.585000 0.200000
v 3.056000 0.585000 -0.200000
v 3.281000 0.585000 0.200000
v 3.281000 0.585000 -0.200000
v 3.286167 0.584979 0.200000
v 3.286167 0.584979 -0.200000
v 3.292083 0.584912 0.200000
v 3.292083 0.584912 -0.200000
v 3.298625 0.584797 0.200000
v 3.298625 0.584797 -0.200000
v 3.305667 0.584630 0.200000
v 3.305667 0.584630 -0.200000
v 3.313083 0.584407 0.200000
v 3.313083 0.584407 -0.200000
v 3.320750 0.584125 0.200000
v 3.320750 0.584125 -0.200000
v 3.328542 0.583781 0.200000
v 3.328542 0.583781 -0.200000
v 3.336333 0.583370 0.200000
v 3.336333 0.583370 -0.200000
v 3.344000 0.582891 0.200000
v 3.344000 0.582891 -0.200000
v 3.351417 0.582338 0.200000
v 3.351417 0.582338 -0.200000
v 3.358458 0.581709 0.200000
v 3.358458 0.581709 -0.200000
v 3.365000 0.581000 0.200000
v 3.365000 0.581000 -0.200000
v 3.365000 0.669000 0.200000
v 3.365000 0.669000 -0.200000
v 3.358267 0.668042 0.200000
v 3.358267 0.668042 -0.200000
v 3.351139 0.667167 0.200000
v 3.351139 0.667167 -0.200000
v 3.343719 0.666375 0.200000
v 3.343719 0.666375 -0.200000
v 3.336111 0.665667 0.200000
v 3.336111 0.665667 -0.200000
v 3.328420 0.665042 0.200000
v 3.328420 0.665042 -0.200000
v 3.320750 0.664500 0.200000
v 3.320750 0.664500 -0.200000
v 3.313205 0.664042 0.200000
v 3.313205 0.664042 -0.200000
v 3.305889 0.663667 0.200000
v 3.305889 0.663667 -0.200000
v 3.298906 0.663375 0.200000
v 3.298906 0.663375 -0.200000
v 3.292361 0.663167 0.200000
v 3.292361 0.663167 -0.200000
v 3.286358 0.663042 0.200000
v 3.286358 0.663042 -0.200000
v 3.281000 0.663000 0.200000
v 3.281000 0.663000 -0.200000
v 2.731000 0.663000 0.200000
v 2.731000 0.663000 -0.200000
v 2.723484 0.663061 0.200000
v 2.723484 0.663061 -0.200000
v 2.715954 0.663236 0.200000
v 2.715954 0.663236 -0.200000
v 2.708437 0.663516 0.200000
v 2.708437 0.663516 -0.200000
v 2.700963 0.663889 0.200000
v 2.700963 0.663889 -0.200000
v 2.693558 0.664346 0.200000
v 2.693558 0.664346 -0.200000
v 2.686250 0.664875 0.200000
v 2.686250 0.664875 -0.200000
v 2.679067 0.665467 0.200000
v 2.679067 0.665467 -0.200000
v 2.672037 0.666111 0.200000
v 2.672037 0.666111 -0.200000
v 2.665187 0.666797 0.200000
v 2.665187 0.666797 -0.200000
v 2.658546 0.667514 0.200000
v 2.658546 0.667514 -0.200000
v 2.652141 0.668252 0.200000
v 2.652141 0.668252 -0.200000
v 2.646000 0.669000 0.200000
v 2.646000 0.669000 -0.200000
v 2.646000 0.581000 0.200000
v 2.646000 0.581000 -0.200000
v 2.652389 0.581709 0.200000
v 2.652389 0.581709 -0.200000
v 2.659032 0.582338 0.200000
v 2.659032 0.582338 -0.200000
v 2.665890 0.582891 0.200000
v 2.665890 0.582891 -0.200000
v 2.672926 0.583370 0.200000
v 2.672926 0.583370 -0.200000
v 2.680100 0.583781 0.200000
v 2.680100 0.583781 -0.200000
v 2.687375 0.584125 0.200000
v 2.687375 0.584125 -0.200000
v 2.694712 0.584407 0.200000
v 2.694712 0.584407 -0.200000
v 2.702074 0.584630 0.200000
v 2.702074 0.584630 -0.200000
v 2.709422 0.584797 0.200000
v 2.709422 0.584797 -0.200000
v 2.716717 0.584912 0.200000
v 2.716717 0.584912 -0.200000
v 2.723923 0.584979 0.200000
v 2.723923 0.584979 -0.200000
v 2.731000 0.585000 0.200000
v 2.731000 0.585000 -0.200000
v 2.971000 0.585000 0.200000
v 2.971000 0.585000 -0.200000
v 2.971000 0.125000 0.200000
v 2.971000 0.125000 -0.200000
v 2.677000 0.125000 0.200000
v 2.677000 0.125000 -0.200000
v 2.669561 0.125061 0.200000
v 2.669561 0.125061 -0.200000
v 2.662241 0.125236 0.200000
v 2.662241 0.125236 -0.200000
v 2.655031 0.125516 0.200000
v 2.655031 0.125516 -0.200000
v 2.647926 0.125889 0.200000
v 2.647926 0.125889 -0.200000
v 2.640918 0.126346 0.200000
v 2.640918 0.126345 -0.200000
v 2.634000 0.126875 0.200000
v 2.634000 0.126875 -0.200000
v 2.627165 0.127467 0.200000
v 2.627165 0.127467 -0.200000
v 2.620407 0.128111 0.200000
v 2.620407 0.128111 -0.200000
v 2.613719 0.128797 0.200000
v 2.613719 0.128797 -0.200000
v 2.607092 0.129514 0.200000
v 2.607092 0.129514 -0.200000
v 2.600522 0.130252 0.200000
v 2.600522 0.130252 -0.200000
v 2.594000 0.131000 0.200000
v 2.594000 0.131000 -0.200000
v 2.594000 0.040000 0.200000
v 2.594000 0.040000 -0.200000
v 2.600923 0.040919 0.200000
v 2.600923 0.040919 -0.200000
v 2.608134 0.041685 0.200000
v 2.608134 0.041685 -0.200000
v 2.615547 0.042313 0.200000
v 2.615547 0.042312 -0.200000
v 2.623074 0.042815 0.200000
v 2.623074 0.042815 -0.200000
v 2.630629 0.043206 0.200000
v 2.630629 0.043206 -0.200000
v 2.638125 0.043500 0.200000
v 2.638125 0.043500 -0.200000
v 2.645475 0.043711 0.200000
v 2.645475 0.043711 -0.200000
v 2.652593 0.043852 0.200000
v 2.652593 0.043852 -0.200000
v 2.659390 0.043938 0.200000
v 2.659390 0.043937 -0.200000
v 2.665782 0.043981 0.200000
v 2.665782 0.043981 -0.200000
v 2.671681 0.043998 0.200000
v 2.671681 0.043998 -0.200000
v 2.677000 0.044000 0.200000
v 2.677000 0.044000 -0.200000
v 3.338000 0.044000 0.200000
v 3.338000 0.044000 -0.200000
v 3.344811 0.043979 0.200000
v 3.344811 0.043979 -0.200000
v 3.351741 0.043912 0.200000
v 3.351741 0.043912 -0.200000
v 3.358781 0.043797 0.200000
v 3.358781 0.043797 -0.200000
v 3.365926 0.043630 0.200000
v 3.365926 0.043630 -0.200000
v 3.373168 0.043407 0.200000
v 3.373168 0.043407 -0.200000
v 3.380500 0.043125 0.200000
v 3.380500 0.043125 -0.200000
v 3.387916 0.042781 0.200000
v 3.387916 0.042781 -0.200000
v 3.395407 0.042370 0.200000
v 3.395407 0.042370 -0.200000
v 3.402969 0.041891 0.200000
v 3.402969 0.041891 -0.200000
v 3.410593 0.041338 0.200000
v 3.410593 0.041338 -0.200000
v 3.418272 0.040709 0.200000
v 3.418272 0.040709 -0.200000
v 3.426000 0.040000 0.200000
v 3.426000 0.040000 -0.200000
v 3.426000 0.131000 0.200000
v 3.426000 0.131000 -0.200000
v 3.418482 0.130042 0.200000
v 3.418482 0.130042 -0.200000
v 3.410940 0.129167 0.200000
v 3.410940 0.129167 -0.200000
v 3.403391 0.128375 0.200000
v 3.403391 0.128375 -0.200000
v 3.395852 0.127667 0.200000
v 3.395852 0.127667 -0.200000
v 3.388341 0.127042 0.200000
v 3.388341 0.127042 -0.200000
v 3.380875 0.126500 0.200000
v 3.380875 0.126500 -0.200000
v 3.373472 0.126042 0.200000
v 3.373472 0.126042 -0.200000
v 3.366148 0.125667 0.200000
v 3.366148 0.125667 -0.200000
v 3.358922 0.125375 0.200000
v 3.358922 0.125375 -0.200000
v 3.351810 0.125167 0.200000
v 3.351810 0.125167 -0.200000
v 3.344831 0.125042 0.200000
v 3.344831 0.125042 -0.200000
v 3.338000 0.125000 0.200000
v 3.338000 0.125000 -0.200000
v 1.617125 0.621793 0.200000
v 1.617125 0.621793 -0.200000
v 1.630417 0.601431 0.200000
v 1.630417 0.601431 -0.200000
v 1.645750 0.579297 0.200000
v 1.645750 0.579297 -0.200000
v 1.663000 0.555778 0.200000
v 1.663000 0.555778 -0.200000
v 1.682042 0.531259 0.200000
v 1.682042 0.531259 -0.200000
v 1.702750 0.506125 0.200000
v 1.702750 0.506125 -0.200000
v 1.725000 0.480762 0.200000
v 1.725000 0.480762 -0.200000
v 1.748667 0.455556 0.200000
v 1.748667 0.455556 -0.200000
v 1.773625 0.430891 0.200000
v 1.773625 0.430891 -0.200000
v 1.799750 0.407153 0.200000
v 1.799750 0.407153 -0.200000
v 1.826917 0.384727 0.200000
v 1.826917 0.384727 -0.200000
v 1.855000 0.364000 0.200000
v 1.855000 0.364000 -0.200000
v 1.921000 0.417000 0.200000
v 1.921000 0.417000 -0.200000
v 1.897995 0.431357 0.200000
v 1.897995 0.431357 -0.200000
v 1.875125 0.447690 0.200000
v 1.875125 0.447690 -0.200000
v 1.852610 0.465641 0.200000
v 1.852610 0.465641 -0.200000
v 1.830667 0.484852 0.200000
v 1.830667 0.484852 -0.200000
v 1.809516 0.504966 0.200000
v 1.809516 0.504966 -0.200000
v 1.789375 0.525625 0.200000
v 1.789375 0.525625 -0.200000
v 1.770464 0.546472 0.200000
v 1.770464 0.546472 -0.200000
v 1.753000 0.567148 0.200000
v 1.753000 0.567148 -0.200000
v 1.737203 0.587297 0.200000
v 1.737203 0.587297 -0.200000
v 1.723292 0.606560 0.200000
v 1.723292 0.606560 -0.200000
v 1.711484 0.624581 0.200000
v 1.711484 0.624581 -0.200000
v 1.702000 0.641000 0.200000
v 1.702000 0.641000 -0.200000
v 1.727022 0.641000 0.200000
v 1.727022 0.641000 -0.200000
v 1.765264 0.641000 0.200000
v 1.765264 0.641000 -0.200000
v 1.813984 0.641000 0.200000
v 1.813984 0.641000 -0.200000
v 1.870444 0.641000 0.200000
v 1.870444 0.641000 -0.200000
v 1.931904 0.641000 0.200000
v 1.931904 0.641000 -0.200000
v 1.995625 0.641000 0.200000
v 1.995625 0.641000 -0.200000
v 2.058866 0.641000 0.200000
v 2.058866 0.641000 -0.200000
v 2.118889 0.641000 0.200000
v 2.118889 0.641000 -0.200000
v 2.172953 0.641000 0.200000
v 2.172953 0.641000 -0.200000
v 2.218319 0.641000 0.200000
v 2.218319 0.641000 -0.200000
v 2.252248 0.641000 0.200000
v 2.252248 0.641000 -0.200000
v 2.272000 0.641000 0.200000
v 2.272000 0.641000 -0.200000
v 2.281271 0.640958 0.200000
v 2.281271 0.640958 -0.200000
v 2.290583 0.640833 0.200000
v 2.290583 0.640833 -0.200000
v 2.299937 0.640625 0.200000
v 2.299937 0.640625 -0.200000
v 2.309333 0.640333 0.200000
v 2.309333 0.640333 -0.200000
v 2.318771 0.639958 0.200000
v 2.318771 0.639958 -0.200000
v 2.328250 0.639500 0.200000
v 2.328250 0.639500 -0.200000
v 2.337771 0.638958 0.200000
v 2.337771 0.638958 -0.200000
v 2.347333 0.638333 0.200000
v 2.347333 0.638333 -0.200000
v 2.356937 0.637625 0.200000
v 2.356937 0.637625 -0.200000
v 2.366583 0.636833 0.200000
v 2.366583 0.636833 -0.200000
v 2.376271 0.635958 0.200000
v 2.376271 0.635958 -0.200000
v 2.386000 0.635000 0.200000
v 2.386000 0.635000 -0.200000
v 2.386000 0.726000 0.200000
v 2.386000 0.726000 -0.200000
v 2.377111 0.724773 0.200000
v 2.377111 0.724773 -0.200000
v 2.367972 0.723597 0.200000
v 2.367972 0.723597 -0.200000
v 2.358625 0.722484 0.200000
v 2.358625 0.722484 -0.200000
v 2.349111 0.721444 0.200000
v 2.349111 0.721444 -0.200000
v 2.339472 0.720488 0.200000
v 2.339472 0.720488 -0.200000
v 2.329750 0.719625 0.200000
v 2.329750 0.719625 -0.200000
v 2.319986 0.718866 0.200000
v 2.319986 0.718866 -0.200000
v 2.310222 0.718222 0.200000
v 2.310222 0.718222 -0.200000
v 2.300500 0.717703 0.200000
v 2.300500 0.717703 -0.200000
v 2.290861 0.717319 0.200000
v 2.290861 0.717319 -0.200000
v 2.281347 0.717082 0.200000
v 2.281347 0.717082 -0.200000
v 2.272000 0.717000 0.200000
v 2.272000 0.717000 -0.200000
v 2.251769 0.717000 0.200000
v 2.251769 0.717000 -0.200000
v 2.216981 0.717000 0.200000
v 2.216981 0.717000 -0.200000
v 2.170500 0.717000 0.200000
v 2.170500 0.717000 -0.200000
v 2.115185 0.717000 0.200000
v 2.115185 0.717000 -0.200000
v 2.053898 0.717000 0.200000
v 2.053898 0.717000 -0.200000
v 1.989500 0.717000 0.200000
v 1.989500 0.717000 -0.200000
v 1.924852 0.717000 0.200000
v 1.924852 0.717000 -0.200000
v 1.862815 0.717000 0.200000
v 1.862815 0.717000 -0.200000
v 1.806250 0.717000 0.200000
v 1.806250 0.717000 -0.200000
v 1.758018 0.717000 0.200000
v 1.758018 0.717000 -0.200000
v 1.720981 0.717000 0.200000
v 1.720981 0.717000 -0.200000
v 1.698000 0.717000 0.200000
v 1.698000 0.717000 -0.200000
v 1.692918 0.717061 0.200000
v 1.692918 0.717061 -0.200000
v 1.687259 0.717236 0.200000
v 1.687259 0.717236 -0.200000
v 1.681156 0.717516 0.200000
v 1.681156 0.717516 -0.200000
v 1.674741 0.717889 0.200000
v 1.674741 0.717889 -0.200000
v 1.668145 0.718346 0.200000
v 1.668145 0.718346 -0.200000
v 1.661500 0.718875 0.200000
v 1.661500 0.718875 -0.200000
v 1.654939 0.719467 0.200000
v 1.654939 0.719467 -0.200000
v 1.648593 0.720111 0.200000
v 1.648593 0.720111 -0.200000
v 1.642594 0.720797 0.200000
v 1.642594 0.720797 -0.200000
v 1.637074 0.721514 0.200000
v 1.637074 0.721514 -0.200000
v 1.632166 0.722252 0.200000
v 1.632166 0.722252 -0.200000
v 1.628000 0.723000 0.200000
v 1.628000 0.723000 -0.200000
v 1.579000 0.676000 0.200000
v 1.579000 0.676000 -0.200000
v 1.580868 0.673401 0.200000
v 1.580868 0.673401 -0.200000
v 1.582944 0.670625 0.200000
v 1.582944 0.670625 -0.200000
v 1.585187 0.667703 0.200000
v 1.585187 0.667703 -0.200000
v 1.587556 0.664667 0.200000
v 1.587556 0.664667 -0.200000
v 1.590007 0.661547 0.200000
v 1.590007 0.661547 -0.200000
v 1.592500 0.658375 0.200000
v 1.592500 0.658375 -0.200000
v 1.594993 0.655182 0.200000
v 1.594993 0.655182 -0.200000
v 1.597444 0.652000 0.200000
v 1.597444 0.652000 -0.200000
v 1.599813 0.648859 0.200000
v 1.599813 0.648859 -0.200000
v 1.602056 0.645792 0.200000
v 1.602056 0.645792 -0.200000
v 1.604132 0.642828 0.200000
v 1.604132 0.642828 -0.200000
v 1.606000 0.640000 0.200000
v 1.606000 0.640000 -0.200000
v 2.331000 0.023000 0.200000
v 2.331000 0.023000 -0.200000
v 2.323882 0.025394 0.200000
v 2.323882 0.025394 -0.200000
v 2.316556 0.028069 0.200000
v 2.316556 0.028069 -0.200000
v 2.309062 0.031016 0.200000
v 2.309062 0.031016 -0.200000
v 2.301444 0.034222 0.200000
v 2.301444 0.034222 -0.200000
v 2.293743 0.037679 0.200000
v 2.293743 0.037679 -0.200000
v 2.286000 0.041375 0.200000
v 2.286000 0.041375 -0.200000
v 2.278257 0.045300 0.200000
v 2.278257 0.045300 -0.200000
v 2.270555 0.049444 0.200000
v 2.270555 0.049444 -0.200000
v 2.262938 0.053797 0.200000
v 2.262938 0.053797 -0.200000
v 2.255445 0.058347 0.200000
v 2.255445 0.058347 -0.200000
v 2.248118 0.063085 0.200000
v 2.248118 0.063085 -0.200000
v 2.241000 0.068000 0.200000
v 2.241000 0.068000 -0.200000
v 2.204957 0.092506 0.200000
v 2.204957 0.092506 -0.200000
v 2.174069 0.118968 0.200000
v 2.174069 0.118968 -0.200000
v 2.147953 0.147297 0.200000
v 2.147953 0.147297 -0.200000
v 2.126222 0.177407 0.200000
v 2.126222 0.177407 -0.200000
v 2.108491 0.209212 0.200000
v 2.108491 0.209212 -0.200000
v 2.094375 0.242625 0.200000
v 2.094375 0.242625 -0.200000
v 2.083488 0.277558 0.200000
v 2.083488 0.277558 -0.200000
v 2.075444 0.313926 0.200000
v 2.075444 0.313926 -0.200000
v 2.069860 0.351641 0.200000
v 2.069860 0.351641 -0.200000
v 2.066347 0.390616 0.200000
v 2.066347 0.390616 -0.200000
v 2.064523 0.430764 0.200000
v 2.064523 0.430764 -0.200000
v 2.064000 0.472000 0.200000
v 2.064000 0.472000 -0.200000
v 2.064022 0.477962 0.200000
v 2.064022 0.477962 -0.200000
v 2.064088 0.483861 0.200000
v 2.064088 0.483861 -0.200000
v 2.064203 0.489719 0.200000
v 2.064203 0.489719 -0.200000
v 2.064370 0.495556 0.200000
v 2.064370 0.495556 -0.200000
v 2.064593 0.501392 0.200000
v 2.064593 0.501392 -0.200000
v 2.064875 0.507250 0.200000
v 2.064875 0.507250 -0.200000
v 2.065219 0.513149 0.200000
v 2.065219 0.513149 -0.200000
v 2.065629 0.519111 0.200000
v 2.065629 0.519111 -0.200000
v 2.066109 0.525156 0.200000
v 2.066109 0.525156 -0.200000
v 2.066662 0.531306 0.200000
v 2.066662 0.531306 -0.200000
v 2.067291 0.537580 0.200000
v 2.067291 0.537580 -0.200000
v 2.068000 0.544000 0.200000
v 2.068000 0.544000 -0.200000
v 1.978000 0.544000 0.200000
v 1.978000 0.544000 -0.200000
v 1.978620 0.478065 0.200000
v 1.978620 0.478065 -0.200000
v 1.980958 0.415685 0.200000
v 1.980958 0.415685 -0.200000
v 1.985734 0.356750 0.200000
v 1.985734 0.356750 -0.200000
v 1.993667 0.301148 0.200000
v 1.993667 0.301148 -0.200000
v 2.005474 0.248769 0.200000
v 2.005474 0.248769 -0.200000
v 2.021875 0.199500 0.200000
v 2.021875 0.199500 -0.200000
v 2.043589 0.153232 0.200000
v 2.043589 0.153231 -0.200000
v 2.071333 0.109852 0.200000
v 2.071333 0.109852 -0.200000
v 2.105828 0.069250 0.200000
v 2.105828 0.069250 -0.200000
v 2.147792 0.031315 0.200000
v 2.147792 0.031315 -0.200000
v 2.197943 -0.004065 0.200000
v 2.197943 -0.004065 -0.200000
v 2.257000 -0.037000 0.200000
v 2.257000 -0.037000 -0.200000
v 0.737000 0.661135 0.200000
v 0.737000 0.661135 -0.200000
v 0.737000 0.648750 0.200000
v 0.737000 0.648750 -0.200000
v 0.737000 0.635156 0.200000
v 0.737000 0.635156 -0.200000
v 0.737000 0.620667 0.200000
v 0.737000 0.620667 -0.200000
v 0.737000 0.605594 0.200000
v 0.737000 0.605594 -0.200000
v 0.737000 0.590250 0.200000
v 0.737000 0.590250 -0.200000
v 0.737000 0.574948 0.200000
v 0.737000 0.574948 -0.200000
v 0.737000 0.560000 0.200000
v 0.737000 0.560000 -0.200000
v 0.737000 0.545719 0.200000
v 0.737000 0.545719 -0.200000
v 0.737000 0.532417 0.200000
v 0.737000 0.532417 -0.200000
v 0.737000 0.520406 0.200000
v 0.737000 0.520406 -0.200000
v 0.737000 0.510000 0.200000
v 0.737000 0.510000 -0.200000
v 0.737691 0.453257 0.200000
v 0.737691 0.453257 -0.200000
v 0.739778 0.402639 0.200000
v 0.739778 0.402639 -0.200000
v 0.743281 0.357563 0.200000
v 0.743281 0.357563 -0.200000
v 0.748222 0.317444 0.200000
v 0.748222 0.317444 -0.200000
v 0.754622 0.281701 0.200000
v 0.754622 0.281701 -0.200000
v 0.762500 0.249750 0.200000
v 0.762500 0.249750 -0.200000
v 0.771878 0.221007 0.200000
v 0.771878 0.221007 -0.200000
v 0.782778 0.194889 0.200000
v 0.782778 0.194889 -0.200000
v 0.795219 0.170813 0.200000
v 0.795219 0.170812 -0.200000
v 0.809222 0.148194 0.200000
v 0.809222 0.148194 -0.200000
v 0.824809 0.126451 0.200000
v 0.824809 0.126451 -0.200000
v 0.842000 0.105000 0.200000
v 0.842000 0.105000 -0.200000
v 0.858943 0.086219 0.200000
v 0.858943 0.086219 -0.200000
v 0.877129 0.068838 0.200000
v 0.877129 0.068838 -0.200000
v 0.896343 0.052797 0.200000
v 0.896343 0.052797 -0.200000
v 0.916370 0.038037 0.200000
v 0.916370 0.038037 -0.200000
v 0.936994 0.024499 0.200000
v 0.936994 0.024499 -0.200000
v 0.958000 0.012125 0.200000
v 0.958000 0.012125 -0.200000
v 0.979172 0.000855 0.200000
v 0.979172 0.000855 -0.200000
v 1.000296 -0.009370 0.200000
v 1.000296 -0.009370 -0.200000
v 1.021156 -0.018609 0.200000
v 1.021156 -0.018609 -0.200000
v 1.041537 -0.026921 0.200000
v 1.041537 -0.026921 -0.200000
v 1.061223 -0.034365 0.200000
v 1.061223 -0.034365 -0.200000
v 1.080000 -0.041000 0.200000
v 1.080000 -0.041000 -0.200000
v 1.145000 0.028000 0.200000
v 1.145000 0.028000 -0.200000
v 1.122155 0.034112 0.200000
v 1.122155 0.034112 -0.200000
v 1.099658 0.040977 0.200000
v 1.099658 0.040977 -0.200000
v 1.077563 0.048641 0.200000
v 1.077563 0.048641 -0.200000
v 1.055926 0.057148 0.200000
v 1.055926 0.057148 -0.200000
v 1.034803 0.066545 0.200000
v 1.034803 0.066545 -0.200000
v 1.014250 0.076875 0.200000
v 1.014250 0.076875 -0.200000
v 0.994322 0.088185 0.200000
v 0.994322 0.088185 -0.200000
v 0.975074 0.100519 0.200000
v 0.975074 0.100519 -0.200000
v 0.956563 0.113922 0.200000
v 0.956563 0.113922 -0.200000
v 0.938843 0.128440 0.200000
v 0.938843 0.128440 -0.200000
v 0.921970 0.144118 0.200000
v 0.921970 0.144117 -0.200000
v 0.906000 0.161000 0.200000
v 0.906000 0.161000 -0.200000
v 0.889452 0.181772 0.200000
v 0.889452 0.181772 -0.200000
v 0.875199 0.202843 0.200000
v 0.875199 0.202843 -0.200000
v 0.863078 0.224594 0.200000
v 0.863078 0.224594 -0.200000
v 0.852926 0.247407 0.200000
v 0.852926 0.247407 -0.200000
v 0.844579 0.271666 0.200000
v 0.844579 0.271666 -0.200000
v 0.837875 0.297750 0.200000
v 0.837875 0.297750 -0.200000
v 0.832650 0.326043 0.200000
v 0.832650 0.326043 -0.200000
v 0.828741 0.356926 0.200000
v 0.828741 0.356926 -0.200000
v 0.825984 0.390781 0.200000
v 0.825984 0.390781 -0.200000
v 0.824218 0.427991 0.200000
v 0.824218 0.427991 -0.200000
v 0.823277 0.468936 0.200000
v 0.823277 0.468936 -0.200000
v 0.823000 0.514000 0.200000
v 0.823000 0.514000 -0.200000
v 0.823000 0.524423 0.200000
v 0.823000 0.524423 -0.200000
v 0.823000 0.536468 0.200000
v 0.823000 0.536468 -0.200000
v 0.823000 0.549797 0.200000
v 0.823000 0.549797 -0.200000
v 0.823000 0.564074 0.200000
v 0.823000 0.564074 -0.200000
v 0.823000 0.578962 0.200000
v 0.823000 0.578962 -0.200000
v 0.823000 0.594125 0.200000
v 0.823000 0.594125 -0.200000
v 0.823000 0.609225 0.200000
v 0.823000 0.609225 -0.200000
v 0.823000 0.623926 0.200000
v 0.823000 0.623926 -0.200000
v 0.823000 0.637891 0.200000
v 0.823000 0.637891 -0.200000
v 0.823000 0.650782 0.200000
v 0.823000 0.650782 -0.200000
v 0.823000 0.662265 0.200000
v 0.823000 0.662265 -0.200000
v 0.823000 0.672000 0.200000
v 0.823000 0.672000 -0.200000
v 0.823041 0.680377 0.200000
v 0.823041 0.680377 -0.200000
v 0.823162 0.688514 0.200000
v 0.823162 0.688514 -0.200000
v 0.823359 0.696422 0.200000
v 0.823359 0.696422 -0.200000
v 0.823629 0.704111 0.200000
v 0.823629 0.704111 -0.200000
v 0.823969 0.711592 0.200000
v 0.823969 0.711592 -0.200000
v 0.824375 0.718875 0.200000
v 0.824375 0.718875 -0.200000
v 0.824843 0.725971 0.200000
v 0.824843 0.725971 -0.200000
v 0.825370 0.732889 0.200000
v 0.825370 0.732889 -0.200000
v 0.825953 0.739641 0.200000
v 0.825953 0.739641 -0.200000
v 0.826588 0.746236 0.200000
v 0.826588 0.746236 -0.200000
v 0.827271 0.752686 0.200000
v 0.827271 0.752686 -0.200000
v 0.828000 0.759000 0.200000
v 0.828000 0.759000 -0.200000
v 0.734000 0.759000 0.200000
v 0.734000 0.759000 -0.200000
v 0.734479 0.752686 0.200000
v 0.734479 0.752686 -0.200000
v 0.734917 0.746236 0.200000
v 0.734917 0.746236 -0.200000
v 0.735313 0.739641 0.200000
v 0.735313 0.739641 -0.200000
v 0.735667 0.732889 0.200000
v 0.735667 0.732889 -0.200000
v 0.735979 0.725971 0.200000
v 0.735979 0.725971 -0.200000
v 0.736250 0.718875 0.200000
v 0.736250 0.718875 -0.200000
v 0.736479 0.711592 0.200000
v 0.736479 0.711592 -0.200000
v 0.736667 0.704111 0.200000
v 0.736667 0.704111 -0.200000
v 0.736813 0.696422 0.200000
v 0.736813 0.696422 -0.200000
v 0.736917 0.688514 0.200000
v 0.736917 0.688514 -0.200000
v 0.736979 0.680377 0.200000
v 0.736979 0.680377 -0.200000
v 0.737000 0.672000 0.200000
v 0.737000 0.672000 -0.200000
v 1.202000 0.666928 0.200000
v 1.202000 0.666928 -0.200000
v 1.202000 0.646759 0.200000
v 1.202000 0.646759 -0.200000
v 1.202000 0.620063 0.200000
v 1.202000 0.620063 -0.200000
v 1.202000 0.588407 0.200000
v 1.202000 0.588407 -0.200000
v 1.202000 0.553364 0.200000
v 1.202000 0.553364 -0.200000
v 1.202000 0.516500 0.200000
v 1.202000 0.516500 -0.200000
v 1.202000 0.479387 0.200000
v 1.202000 0.479387 -0.200000
v 1.202000 0.443593 0.200000
v 1.202000 0.443593 -0.200000
v 1.202000 0.410688 0.200000
v 1.202000 0.410688 -0.200000
v 1.202000 0.382241 0.200000
v 1.202000 0.382241 -0.200000
v 1.202000 0.359822 0.200000
v 1.202000 0.359822 -0.200000
v 1.202000 0.345000 0.200000
v 1.202000 0.345000 -0.200000
v 1.201960 0.338597 0.200000
v 1.201960 0.338597 -0.200000
v 1.201843 0.331940 0.200000
v 1.201843 0.331940 -0.200000
v 1.201656 0.325109 0.200000
v 1.201656 0.325109 -0.200000
v 1.201407 0.318185 0.200000
v 1.201407 0.318185 -0.200000
v 1.201103 0.311247 0.200000
v 1.201103 0.311247 -0.200000
v 1.200750 0.304375 0.200000
v 1.200750 0.304375 -0.200000
v 1.200355 0.297649 0.200000
v 1.200355 0.297649 -0.200000
v 1.199926 0.291148 0.200000
v 1.199926 0.291148 -0.200000
v 1.199469 0.284953 0.200000
v 1.199469 0.284953 -0.200000
v 1.198991 0.279144 0.200000
v 1.198991 0.279144 -0.200000
v 1.198499 0.273799 0.200000
v 1.198499 0.273799 -0.200000
v 1.198000 0.269000 0.200000
v 1.198000 0.269000 -0.200000
v 1.290000 0.269000 0.200000
v 1.290000 0.269000 -0.200000
v 1.289481 0.273093 0.200000
v 1.289481 0.273093 -0.200000
v 1.288935 0.277829 0.200000
v 1.288935 0.277829 -0.200000
v 1.288375 0.283141 0.200000
v 1.288375 0.283141 -0.200000
v 1.287815 0.288963 0.200000
v 1.287815 0.288963 -0.200000
v 1.287268 0.295230 0.200000
v 1.287268 0.295230 -0.200000
v 1.286750 0.301875 0.200000
v 1.286750 0.301875 -0.200000
v 1.286273 0.308833 0.200000
v 1.286273 0.308833 -0.200000
v 1.285852 0.316037 0.200000
v 1.285852 0.316037 -0.200000
v 1.285500 0.323422 0.200000
v 1.285500 0.323422 -0.200000
v 1.285231 0.330921 0.200000
v 1.285231 0.330921 -0.200000
v 1.285060 0.338469 0.200000
v 1.285060 0.338469 -0.200000
v 1.285000 0.346000 0.200000
v 1.285000 0.346000 -0.200000
v 1.285000 0.360802 0.200000
v 1.285000 0.360802 -0.200000
v 1.285000 0.383167 0.200000
v 1.285000 0.383167 -0.200000
v 1.285000 0.411531 0.200000
v 1.285000 0.411531 -0.200000
v 1.285000 0.444333 0.200000
v 1.285000 0.444333 -0.200000
v 1.285000 0.480010 0.200000
v 1.285000 0.480010 -0.200000
v 1.285000 0.517000 0.200000
v 1.285000 0.517000 -0.200000
v 1.285000 0.553740 0.200000
v 1.285000 0.553740 -0.200000
v 1.285000 0.588667 0.200000
v 1.285000 0.588667 -0.200000
v 1.285000 0.620219 0.200000
v 1.285000 0.620219 -0.200000
v 1.285000 0.646833 0.200000
v 1.285000 0.646833 -0.200000
v 1.285000 0.666948 0.200000
v 1.285000 0.666948 -0.200000
v 1.285000 0.679000 0.200000
v 1.285000 0.679000 -0.200000
v 1.285040 0.683835 0.200000
v 1.285040 0.683835 -0.200000
v 1.285157 0.689264 0.200000
v 1.285157 0.689264 -0.200000
v 1.285344 0.695172 0.200000
v 1.285344 0.695172 -0.200000
v 1.285593 0.701444 0.200000
v 1.285593 0.701444 -0.200000
v 1.285897 0.707967 0.200000
v 1.285897 0.707967 -0.200000
v 1.286250 0.714625 0.200000
v 1.286250 0.714625 -0.200000
v 1.286645 0.721304 0.200000
v 1.286645 0.721304 -0.200000
v 1.287074 0.727889 0.200000
v 1.287074 0.727889 -0.200000
v 1.287531 0.734266 0.200000
v 1.287531 0.734266 -0.200000
v 1.288009 0.740319 0.200000
v 1.288009 0.740319 -0.200000
v 1.288501 0.745936 0.200000
v 1.288501 0.745936 -0.200000
v 1.289000 0.751000 0.200000
v 1.289000 0.751000 -0.200000
v 1.198000 0.751000 0.200000
v 1.198000 0.751000 -0.200000
v 1.198498 0.746050 0.200000
v 1.198498 0.746050 -0.200000
v 1.198990 0.740736 0.200000
v 1.198990 0.740736 -0.200000
v 1.199468 0.735109 0.200000
v 1.199468 0.735109 -0.200000
v 1.199926 0.729222 0.200000
v 1.199926 0.729222 -0.200000
v 1.200355 0.723127 0.200000
v 1.200355 0.723127 -0.200000
v 1.200750 0.716875 0.200000
v 1.200750 0.716875 -0.200000
v 1.201103 0.710519 0.200000
v 1.201103 0.710519 -0.200000
v 1.201407 0.704111 0.200000
v 1.201407 0.704111 -0.200000
v 1.201656 0.697703 0.200000
v 1.201656 0.697703 -0.200000
v 1.201843 0.691347 0.200000
v 1.201843 0.691347 -0.200000
v 1.201959 0.685095 0.200000
v 1.201959 0.685095 -0.200000
v 1.202000 0.679000 0.200000
v 1.202000 0.679000 -0.200000
v 0.244086 0.428000 0.200000
v 0.244086 0.428000 -0.200000
v 0.207852 0.428000 0.200000
v 0.207852 0.428000 -0.200000
v 0.162563 0.428000 0.200000
v 0.162563 0.428000 -0.200000
v 0.110482 0.428000 0.200000
v 0.110482 0.428000 -0.200000
v 0.053873 0.428000 0.200000
v 0.053873 0.428000 -0.200000
v -0.005000 0.428000 0.200000
v -0.005000 0.428000 -0.200000
v -0.063873 0.428000 0.200000
v -0.063873 0.428000 -0.200000
v -0.120481 0.428000 0.200000
v -0.120481 0.428000 -0.200000
v -0.172563 0.428000 0.200000
v -0.172563 0.428000 -0.200000
v -0.217852 0.428000 0.200000
v -0.217852 0.428000 -0.200000
v -0.254086 0.428000 0.200000
v -0.254086 0.428000 -0.200000
v -0.279000 0.428000 0.200000
v -0.279000 0.428000 -0.200000
v -0.291209 0.428060 0.200000
v -0.291209 0.428060 -0.200000
v -0.302834 0.428231 0.200000
v -0.302834 0.428231 -0.200000
v -0.313875 0.428500 0.200000
v -0.313875 0.428500 -0.200000
v -0.324333 0.428852 0.200000
v -0.324333 0.428852 -0.200000
v -0.334208 0.429273 0.200000
v -0.334208 0.429273 -0.200000
v -0.343500 0.429750 0.200000
v -0.343500 0.429750 -0.200000
v -0.352208 0.430268 0.200000
v -0.352208 0.430268 -0.200000
v -0.360333 0.430815 0.200000
v -0.360333 0.430815 -0.200000
v -0.367875 0.431375 0.200000
v -0.367875 0.431375 -0.200000
v -0.374833 0.431935 0.200000
v -0.374833 0.431935 -0.200000
v -0.381208 0.432481 0.200000
v -0.381208 0.432481 -0.200000
v -0.387000 0.433000 0.200000
v -0.387000 0.433000 -0.200000
v -0.387000 0.335000 0.200000
v -0.387000 0.335000 -0.200000
v -0.381553 0.335308 0.200000
v -0.381553 0.335308 -0.200000
v -0.375255 0.335718 0.200000
v -0.375255 0.335718 -0.200000
v -0.368172 0.336203 0.200000
v -0.368172 0.336203 -0.200000
v -0.360371 0.336741 0.200000
v -0.360371 0.336741 -0.200000
v -0.351916 0.337306 0.200000
v -0.351916 0.337306 -0.200000
v -0.342875 0.337875 0.200000
v -0.342875 0.337875 -0.200000
v -0.333313 0.338423 0.200000
v -0.333313 0.338423 -0.200000
v -0.323297 0.338926 0.200000
v -0.323297 0.338926 -0.200000
v -0.312891 0.339359 0.200000
v -0.312891 0.339359 -0.200000
v -0.302162 0.339699 0.200000
v -0.302162 0.339699 -0.200000
v -0.291177 0.339921 0.200000
v -0.291177 0.339921 -0.200000
v -0.280000 0.340000 0.200000
v -0.280000 0.340000 -0.200000
v -0.254875 0.340000 0.200000
v -0.254875 0.340000 -0.200000
v -0.218500 0.340000 0.200000
v -0.218500 0.340000 -0.200000
v -0.173125 0.340000 0.200000
v -0.173125 0.340000 -0.200000
v -0.121000 0.340000 0.200000
v -0.121000 0.340000 -0.200000
v -0.064375 0.340000 0.200000
v -0.064375 0.340000 -0.200000
v -0.005500 0.340000 0.200000
v -0.005500 0.340000 -0.200000
v 0.053375 0.340000 0.200000
v 0.053375 0.340000 -0.200000
v 0.110000 0.340000 0.200000
v 0.110000 0.340000 -0.200000
v 0.162125 0.340000 0.200000
v 0.162125 0.340000 -0.200000
v 0.207500 0.340000 0.200000
v 0.207500 0.340000 -0.200000
v 0.243875 0.340000 0.200000
v 0.243875 0.340000 -0.200000
v 0.269000 0.340000 0.200000
v 0.269000 0.340000 -0.200000
v 0.282697 0.339959 0.200000
v 0.282697 0.339959 -0.200000
v 0.296241 0.339838 0.200000
v 0.296241 0.339838 -0.200000
v 0.309562 0.339641 0.200000
v 0.309562 0.339641 -0.200000
v 0.322592 0.339370 0.200000
v 0.322592 0.339370 -0.200000
v 0.335262 0.339031 0.200000
v 0.335262 0.339031 -0.200000
v 0.347500 0.338625 0.200000
v 0.347500 0.338625 -0.200000
v 0.359239 0.338157 0.200000
v 0.359239 0.338157 -0.200000
v 0.370408 0.337630 0.200000
v 0.370408 0.337630 -0.200000
v 0.380938 0.337047 0.200000
v 0.380938 0.337047 -0.200000
v 0.390759 0.336412 0.200000
v 0.390759 0.336412 -0.200000
v 0.399803 0.335729 0.200000
v 0.399803 0.335729 -0.200000
v 0.408000 0.335000 0.200000
v 0.408000 0.335000 -0.200000
v 0.408000 0.433000 0.200000
v 0.408000 0.433000 -0.200000
v 0.400033 0.432482 0.200000
v 0.400033 0.432482 -0.200000
v 0.391176 0.431935 0.200000
v 0.391176 0.431935 -0.200000
v 0.381500 0.431375 0.200000
v 0.381500 0.431375 -0.200000
v 0.371074 0.430815 0.200000
v 0.371074 0.430815 -0.200000
v 0.359968 0.430269 0.200000
v 0.359968 0.430269 -0.200000
v 0.348250 0.429750 0.200000
v 0.348250 0.429750 -0.200000
v 0.335991 0.429273 0.200000
v 0.335991 0.429273 -0.200000
v 0.323259 0.428852 0.200000
v 0.323259 0.428852 -0.200000
v 0.310125 0.428500 0.200000
v 0.310125 0.428500 -0.200000
v 0.296658 0.428232 0.200000
v 0.296658 0.428232 -0.200000
v 0.282926 0.428060 0.200000
v 0.282926 0.428060 -0.200000
v 0.269000 0.428000 0.200000
v 0.269000 0.428000 -0.200000
v -0.975000 0.540000 0.200000
v -0.975000 0.540000 -0.200000
v -0.975000 0.675000 0.200000
v -0.975000 0.675000 -0.200000
v -0.974919 0.682868 0.200000
v -0.974919 0.682868 -0.200000
v -0.974681 0.691361 0.200000
v -0.974681 0.691361 -0.200000
v -0.974297 0.700312 0.200000
v -0.974297 0.700312 -0.200000
v -0.973778 0.709556 0.200000
v -0.973778 0.709556 -0.200000
v -0.973134 0.718924 0.200000
v -0.973134 0.718924 -0.200000
v -0.972375 0.728250 0.200000
v -0.972375 0.728250 -0.200000
v -0.971512 0.737368 0.200000
v -0.971512 0.737368 -0.200000
v -0.970556 0.746111 0.200000
v -0.970556 0.746111 -0.200000
v -0.969516 0.754313 0.200000
v -0.969516 0.754313 -0.200000
v -0.968403 0.761806 0.200000
v -0.968403 0.761806 -0.200000
v -0.967227 0.768424 0.200000
v -0.967227 0.768424 -0.200000
v -0.966000 0.774000 0.200000
v -0.966000 0.774000 -0.200000
v -1.065000 0.774000 0.200000
v -1.065000 0.774000 -0.200000
v -1.064251 0.768404 0.200000
v -1.064251 0.768404 -0.200000
v -1.063514 0.761732 0.200000
v -1.063514 0.761732 -0.200000
v -1.062796 0.754156 0.200000
v -1.062796 0.754156 -0.200000
v -1.062111 0.745852 0.200000
v -1.062111 0.745852 -0.200000
v -1.061466 0.736992 0.200000
v -1.061466 0.736992 -0.200000
v -1.060875 0.727750 0.200000
v -1.060875 0.727750 -0.200000
v -1.060345 0.718300 0.200000
v -1.060345 0.718300 -0.200000
v -1.059889 0.708815 0.200000
v -1.059889 0.708815 -0.200000
v -1.059516 0.699469 0.200000
v -1.059516 0.699469 -0.200000
v -1.059236 0.690435 0.200000
v -1.059236 0.690435 -0.200000
v -1.059061 0.681888 0.200000
v -1.059061 0.681888 -0.200000
v -1.059000 0.674000 0.200000
v -1.059000 0.674000 -0.200000
v -1.059000 0.540000 0.200000
v -1.059000 0.540000 -0.200000
v -1.325000 0.540000 0.200000
v -1.325000 0.540000 -0.200000
v -1.333338 0.540040 0.200000
v -1.333338 0.540040 -0.200000
v -1.341791 0.540157 0.200000
v -1.341791 0.540157 -0.200000
v -1.350265 0.540344 0.200000
v -1.350265 0.540344 -0.200000
v -1.358666 0.540593 0.200000
v -1.358666 0.540593 -0.200000
v -1.366901 0.540897 0.200000
v -1.366901 0.540897 -0.200000
v -1.374875 0.541250 0.200000
v -1.374875 0.541250 -0.200000
v -1.382495 0.541645 0.200000
v -1.382495 0.541645 -0.200000
v -1.389666 0.542074 0.200000
v -1.389666 0.542074 -0.200000
v -1.396297 0.542531 0.200000
v -1.396297 0.542531 -0.200000
v -1.402292 0.543009 0.200000
v -1.402292 0.543009 -0.200000
v -1.407557 0.543501 0.200000
v -1.407557 0.543501 -0.200000
v -1.412000 0.544000 0.200000
v -1.412000 0.544000 -0.200000
v -1.412000 0.459000 0.200000
v -1.412000 0.459000 -0.200000
v -1.407499 0.459479 0.200000
v -1.407499 0.459479 -0.200000
v -1.402078 0.459917 0.200000
v -1.402078 0.459917 -0.200000
v -1.395859 0.460313 0.200000
v -1.395859 0.460313 -0.200000
v -1.388963 0.460667 0.200000
v -1.388963 0.460667 -0.200000
v -1.381510 0.460979 0.200000
v -1.381510 0.460979 -0.200000
v -1.373625 0.461250 0.200000
v -1.373625 0.461250 -0.200000
v -1.365426 0.461479 0.200000
v -1.365426 0.461479 -0.200000
v -1.357037 0.461667 0.200000
v -1.357037 0.461667 -0.200000
v -1.348578 0.461813 0.200000
v -1.348578 0.461813 -0.200000
v -1.340171 0.461917 0.200000
v -1.340171 0.461917 -0.200000
v -1.331938 0.461979 0.200000
v -1.331938 0.461979 -0.200000
v -1.324000 0.462000 0.200000
v -1.324000 0.462000 -0.200000
v -1.059000 0.462000 0.200000
v -1.059000 0.462000 -0.200000
v -1.057427 0.408200 0.200000
v -1.057427 0.408200 -0.200000
v -1.052579 0.356769 0.200000
v -1.052579 0.356769 -0.200000
v -1.044266 0.307656 0.200000
v -1.044266 0.307656 -0.200000
v -1.032296 0.260815 0.200000
v -1.032296 0.260815 -0.200000
v -1.016480 0.216196 0.200000
v -1.016480 0.216196 -0.200000
v -0.996625 0.173750 0.200000
v -0.996625 0.173750 -0.200000
v -0.972541 0.133429 0.200000
v -0.972541 0.133429 -0.200000
v -0.944037 0.095185 0.200000
v -0.944037 0.095185 -0.200000
v -0.910921 0.058969 0.200000
v -0.910921 0.058969 -0.200000
v -0.873004 0.024731 0.200000
v -0.873004 0.024731 -0.200000
v -0.830094 -0.007575 0.200000
v -0.830094 -0.007575 -0.200000
v -0.782000 -0.038000 0.200000
v -0.782000 -0.038000 -0.200000
v -0.704000 0.020000 0.200000
v -0.704000 0.020000 -0.200000
v -0.749035 0.043478 0.200000
v -0.749035 0.043478 -0.200000
v -0.789699 0.069408 0.200000
v -0.789699 0.069408 -0.200000
v -0.826078 0.097781 0.200000
v -0.826078 0.097781 -0.200000
v -0.858259 0.128593 0.200000
v -0.858259 0.128593 -0.200000
v -0.886329 0.161835 0.200000
v -0.886329 0.161835 -0.200000
v -0.910375 0.197500 0.200000
v -0.910375 0.197500 -0.200000
v -0.930483 0.235582 0.200000
v -0.930483 0.235582 -0.200000
v -0.946741 0.276074 0.200000
v -0.946741 0.276074 -0.200000
v -0.959234 0.318969 0.200000
v -0.959234 0.318969 -0.200000
v -0.968051 0.364259 0.200000
v -0.968051 0.364259 -0.200000
v -0.973277 0.411939 0.200000
v -0.973277 0.411939 -0.200000
v -0.975000 0.462000 0.200000
v -0.975000 0.462000 -0.200000
v -0.682000 0.462000 0.200000
v -0.682000 0.462000 -0.200000
v -0.672760 0.461979 0.200000
v -0.672760 0.461979 -0.200000
v -0.663574 0.461917 0.200000
v -0.663574 0.461917 -0.200000
v -0.654500 0.461813 0.200000
v -0.654500 0.461813 -0.200000
v -0.645593 0.461667 0.200000
v -0.645593 0.461667 -0.200000
v -0.636908 0.461479 0.200000
v -0.636908 0.461479 -0.200000
v -0.628500 0.461250 0.200000
v -0.628500 0.461250 -0.200000
v -0.620426 0.460979 0.200000
v -0.620426 0.460979 -0.200000
v -0.612741 0.460667 0.200000
v -0.612741 0.460667 -0.200000
v -0.605500 0.460313 0.200000
v -0.605500 0.460313 -0.200000
v -0.598759 0.459917 0.200000
v -0.598759 0.459917 -0.200000
v -0.592574 0.459479 0.200000
v -0.592574 0.459479 -0.200000
v -0.587000 0.459000 0.200000
v -0.587000 0.459000 -0.200000
v -0.587000 0.545000 0.200000
v -0.587000 0.545000 -0.200000
v -0.592573 0.544481 0.200000
v -0.592573 0.544481 -0.200000
v -0.598750 0.543935 0.200000
v -0.598750 0.543935 -0.200000
v -0.605469 0.543375 0.200000
v -0.605469 0.543375 -0.200000
v -0.612667 0.542815 0.200000
v -0.612667 0.542815 -0.200000
v -0.620281 0.542269 0.200000
v -0.620281 0.542269 -0.200000
v -0.628250 0.541750 0.200000
v -0.628250 0.541750 -0.200000
v -0.636511 0.541273 0.200000
v -0.636511 0.541273 -0.200000
v -0.645000 0.540852 0.200000
v -0.645000 0.540852 -0.200000
v -0.653656 0.540500 0.200000
v -0.653656 0.540500 -0.200000
v -0.662417 0.540232 0.200000
v -0.662417 0.540232 -0.200000
v -0.671219 0.540060 0.200000
v -0.671219 0.540060 -0.200000
v -0.680000 0.540000 0.200000
v -0.680000 0.540000 -0.200000
v -2.038901 0.564693 0.200000
v -2.038901 0.564693 -0.200000
v -2.064542 0.582213 0.200000
v -2.064542 0.582213 -0.200000
v -2.089828 0.600469 0.200000
v -2.089828 0.600469 -0.200000
v -2.114667 0.619370 0.200000
v -2.114667 0.619370 -0.200000
v -2.138963 0.638828 0.200000
v -2.138963 0.638828 -0.200000
v -2.162625 0.658750 0.200000
v -2.162625 0.658750 -0.200000
v -2.185558 0.679047 0.200000
v -2.185558 0.679047 -0.200000
v -2.207667 0.699630 0.200000
v -2.207667 0.699630 -0.200000
v -2.228860 0.720406 0.200000
v -2.228860 0.720406 -0.200000
v -2.249042 0.741287 0.200000
v -2.249042 0.741287 -0.200000
v -2.268120 0.762182 0.200000
v -2.268120 0.762182 -0.200000
v -2.286000 0.783000 0.200000
v -2.286000 0.783000 -0.200000
v -2.353000 0.721000 0.200000
v -2.353000 0.721000 -0.200000
v -2.333671 0.701315 0.200000
v -2.333671 0.701315 -0.200000
v -2.313695 0.681773 0.200000
v -2.313695 0.681773 -0.200000
v -2.293094 0.662391 0.200000
v -2.293094 0.662391 -0.200000
v -2.271889 0.643185 0.200000
v -2.271889 0.643185 -0.200000
v -2.250101 0.624174 0.200000
v -2.250101 0.624174 -0.200000
v -2.227751 0.605375 0.200000
v -2.227751 0.605375 -0.200000
v -2.204858 0.586805 0.200000
v -2.204858 0.586805 -0.200000
v -2.181445 0.568482 0.200000
v -2.181445 0.568482 -0.200000
v -2.157531 0.550422 0.200000
v -2.157531 0.550422 -0.200000
v -2.133139 0.532644 0.200000
v -2.133139 0.532644 -0.200000
v -2.108288 0.515164 0.200000
v -2.108288 0.515164 -0.200000
v -2.083000 0.498000 0.200000
v -2.083000 0.498000 -0.200000
v -2.083000 0.076000 0.200000
v -2.083000 0.076000 -0.200000
v -2.083042 0.066294 0.200000
v -2.083042 0.066294 -0.200000
v -2.083167 0.056269 0.200000
v -2.083167 0.056269 -0.200000
v -2.083375 0.046063 0.200000
v -2.083375 0.046062 -0.200000
v -2.083667 0.035815 0.200000
v -2.083667 0.035815 -0.200000
v -2.084042 0.025664 0.200000
v -2.084042 0.025664 -0.200000
v -2.084500 0.015750 0.200000
v -2.084500 0.015750 -0.200000
v -2.085042 0.006211 0.200000
v -2.085042 0.006211 -0.200000
v -2.085667 -0.002815 0.200000
v -2.085667 -0.002815 -0.200000
v -2.086375 -0.011187 0.200000
v -2.086375 -0.011188 -0.200000
v -2.087167 -0.018769 0.200000
v -2.087167 -0.018769 -0.200000
v -2.088042 -0.025419 0.200000
v -2.088042 -0.025419 -0.200000
v -2.089000 -0.031000 0.200000
v -2.089000 -0.031000 -0.200000
v -1.991000 -0.031000 0.200000
v -1.991000 -0.031000 -0.200000
v -1.991748 -0.025629 0.200000
v -1.991748 -0.025629 -0.200000
v -1.992486 -0.019116 0.200000
v -1.992486 -0.019116 -0.200000
v -1.993203 -0.011609 0.200000
v -1.993203 -0.011609 -0.200000
v -1.993889 -0.003259 0.200000
v -1.993889 -0.003259 -0.200000
v -1.994533 0.005785 0.200000
v -1.994533 0.005785 -0.200000
v -1.995125 0.015375 0.200000
v -1.995125 0.015375 -0.200000
v -1.995654 0.025361 0.200000
v -1.995654 0.025361 -0.200000
v -1.996111 0.035593 0.200000
v -1.996111 0.035593 -0.200000
v -1.996485 0.045922 0.200000
v -1.996485 0.045922 -0.200000
v -1.996764 0.056199 0.200000
v -1.996764 0.056199 -0.200000
v -1.996939 0.066275 0.200000
v -1.996939 0.066275 -0.200000
v -1.997000 0.076000 0.200000
v -1.997000 0.076000 -0.200000
v -1.997000 0.446000 0.200000
v -1.997000 0.446000 -0.200000
v -1.970101 0.431010 0.200000
v -1.970101 0.431010 -0.200000
v -1.941972 0.416079 0.200000
v -1.941972 0.416079 -0.200000
v -1.912719 0.401266 0.200000
v -1.912719 0.401266 -0.200000
v -1.882444 0.386630 0.200000
v -1.882444 0.386630 -0.200000
v -1.851253 0.372230 0.200000
v -1.851253 0.372230 -0.200000
v -1.819250 0.358125 0.200000
v -1.819250 0.358125 -0.200000
v -1.786538 0.344374 0.200000
v -1.786538 0.344374 -0.200000
v -1.753222 0.331037 0.200000
v -1.753222 0.331037 -0.200000
v -1.719406 0.318172 0.200000
v -1.719406 0.318172 -0.200000
v -1.685194 0.305838 0.200000
v -1.685194 0.305838 -0.200000
v -1.650691 0.294094 0.200000
v -1.650691 0.294094 -0.200000
v -1.616000 0.283000 0.200000
v -1.616000 0.283000 -0.200000
v -1.576000 0.361000 0.200000
v -1.576000 0.361000 -0.200000
v -1.618821 0.373216 0.200000
v -1.618821 0.373216 -0.200000
v -1.660732 0.386310 0.200000
v -1.660732 0.386310 -0.200000
v -1.701657 0.400203 0.200000
v -1.701657 0.400203 -0.200000
v -1.741519 0.414815 0.200000
v -1.741519 0.414815 -0.200000
v -1.780242 0.430065 0.200000
v -1.780242 0.430065 -0.200000
v -1.817750 0.445875 0.200000
v -1.817750 0.445875 -0.200000
v -1.853966 0.462164 0.200000
v -1.853966 0.462164 -0.200000
v -1.888815 0.478852 0.200000
v -1.888815 0.478852 -0.200000
v -1.922219 0.495859 0.200000
v -1.922219 0.495859 -0.200000
v -1.954102 0.513107 0.200000
v -1.954102 0.513107 -0.200000
v -1.984388 0.530513 0.200000
v -1.984388 0.530513 -0.200000
v -2.013000 0.548000 0.200000
v -2.013000 0.548000 -0.200000
v -2.826956 0.677336 0.200000
v -2.826956 0.677336 -0.200000
v -2.826823 0.685273 0.200000
v -2.826823 0.685273 -0.200000
v -2.826593 0.693703 0.200000
v -2.826593 0.693703 -0.200000
v -2.826258 0.702518 0.200000
v -2.826258 0.702518 -0.200000
v -2.825813 0.711612 0.200000
v -2.825813 0.711612 -0.200000
v -2.825249 0.720875 0.200000
v -2.825249 0.720875 -0.200000
v -2.824561 0.730201 0.200000
v -2.824561 0.730201 -0.200000
v -2.823740 0.739481 0.200000
v -2.823740 0.739481 -0.200000
v -2.822781 0.748609 0.200000
v -2.822781 0.748609 -0.200000
v -2.821676 0.757477 0.200000
v -2.821676 0.757477 -0.200000
v -2.820418 0.765976 0.200000
v -2.820418 0.765976 -0.200000
v -2.819000 0.774000 0.200000
v -2.819000 0.774000 -0.200000
v -2.917000 0.774000 0.200000
v -2.917000 0.774000 -0.200000
v -2.916232 0.766015 0.200000
v -2.916232 0.766015 -0.200000
v -2.915440 0.757616 0.200000
v -2.915440 0.757616 -0.200000
v -2.914641 0.748891 0.200000
v -2.914641 0.748891 -0.200000
v -2.913852 0.739926 0.200000
v -2.913852 0.739926 -0.200000
v -2.913091 0.730808 0.200000
v -2.913091 0.730808 -0.200000
v -2.912375 0.721625 0.200000
v -2.912375 0.721625 -0.200000
v -2.911722 0.712462 0.200000
v -2.911722 0.712462 -0.200000
v -2.911148 0.703407 0.200000
v -2.911148 0.703407 -0.200000
v -2.910672 0.694547 0.200000
v -2.910672 0.694547 -0.200000
v -2.910311 0.685968 0.200000
v -2.910311 0.685968 -0.200000
v -2.910081 0.677756 0.200000
v -2.910081 0.677756 -0.200000
v -2.910000 0.670000 0.200000
v -2.910000 0.670000 -0.200000
v -2.910000 0.507000 0.200000
v -2.910000 0.507000 -0.200000
v -2.944126 0.496363 0.200000
v -2.944126 0.496363 -0.200000
v -2.980171 0.484569 0.200000
v -2.980171 0.484569 -0.200000
v -3.017641 0.471797 0.200000
v -3.017641 0.471797 -0.200000
v -3.056037 0.458222 0.200000
v -3.056037 0.458222 -0.200000
v -3.094864 0.444023 0.200000
v -3.094864 0.444023 -0.200000
v -3.133625 0.429375 0.200000
v -3.133625 0.429375 -0.200000
v -3.171824 0.414457 0.200000
v -3.171824 0.414457 -0.200000
v -3.208963 0.399444 0.200000
v -3.208963 0.399444 -0.200000
v -3.244547 0.384516 0.200000
v -3.244547 0.384516 -0.200000
v -3.278079 0.369847 0.200000
v -3.278079 0.369847 -0.200000
v -3.309062 0.355616 0.200000
v -3.309062 0.355616 -0.200000
v -3.337000 0.342000 0.200000
v -3.337000 0.342000 -0.200000
v -3.303000 0.257000 0.200000
v -3.303000 0.257000 -0.200000
v -3.274490 0.271894 0.200000
v -3.274490 0.271894 -0.200000
v -3.243750 0.286981 0.200000
v -3.243750 0.286981 -0.200000
v -3.211219 0.302125 0.200000
v -3.211219 0.302125 -0.200000
v -3.177334 0.317185 0.200000
v -3.177334 0.317185 -0.200000
v -3.142532 0.332023 0.200000
v -3.142532 0.332023 -0.200000
v -3.107250 0.346500 0.200000
v -3.107250 0.346500 -0.200000
v -3.071927 0.360477 0.200000
v -3.071927 0.360477 -0.200000
v -3.037000 0.373815 0.200000
v -3.037000 0.373815 -0.200000
v -3.002907 0.386375 0.200000
v -3.002907 0.386375 -0.200000
v -2.970083 0.398019 0.200000
v -2.970083 0.398019 -0.200000
v -2.938969 0.408606 0.200000
v -2.938969 0.408606 -0.200000
v -2.910000 0.418000 0.200000
v -2.910000 0.418000 -0.200000
v -2.911000 0.088000 0.200000
v -2.911000 0.088000 -0.200000
v -2.911041 0.079796 0.200000
v -2.911041 0.079796 -0.200000
v -2.911166 0.070787 0.200000
v -2.911166 0.070787 -0.200000
v -2.911375 0.061125 0.200000
v -2.911375 0.061125 -0.200000
v -2.911667 0.050963 0.200000
v -2.911667 0.050963 -0.200000
v -2.912041 0.040454 0.200000
v -2.912041 0.040454 -0.200000
v -2.912500 0.029750 0.200000
v -2.912500 0.029750 -0.200000
v -2.913041 0.019005 0.200000
v -2.913041 0.019005 -0.200000
v -2.913666 0.008370 0.200000
v -2.913666 0.008370 -0.200000
v -2.914375 -0.002000 0.200000
v -2.914375 -0.002000 -0.200000
v -2.915167 -0.011954 0.200000
v -2.915167 -0.011954 -0.200000
v -2.916042 -0.021338 0.200000
v -2.916042 -0.021338 -0.200000
v -2.917000 -0.030000 0.200000
v -2.917000 -0.030000 -0.200000
v -2.820000 -0.030000 0.200000
v -2.820000 -0.030000 -0.200000
v -2.821187 -0.021663 0.200000
v -2.821187 -0.021663 -0.200000
v -2.822254 -0.012718 0.200000
v -2.822254 -0.012718 -0.200000
v -2.823202 -0.003266 0.200000
v -2.823202 -0.003266 -0.200000
v -2.824036 0.006593 0.200000
v -2.824036 0.006593 -0.200000
v -2.824759 0.016756 0.200000
v -2.824759 0.016756 -0.200000
v -2.825374 0.027125 0.200000
v -2.825374 0.027125 -0.200000
v -2.825886 0.037598 0.200000
v -2.825886 0.037598 -0.200000
v -2.826296 0.048074 0.200000
v -2.826296 0.048074 -0.200000
v -2.826609 0.058453 0.200000
v -2.826609 0.058453 -0.200000
v -2.826828 0.068634 0.200000
v -2.826828 0.068634 -0.200000
v -2.826957 0.078517 0.200000
v -2.826957 0.078517 -0.200000
v -2.827000 0.088000 0.200000
v -2.827000 0.088000 -0.200000
v -2.827000 0.109611 0.200000
v -2.827000 0.109611 -0.200000
v -2.827000 0.144722 0.200000
v -2.827000 0.144722 -0.200000
v -2.827000 0.190750 0.200000
v -2.827000 0.190750 -0.200000
v -2.827000 0.245111 0.200000
v -2.827000 0.245111 -0.200000
v -2.827000 0.305222 0.200000
v -2.827000 0.305222 -0.200000
v -2.827000 0.368500 0.200000
v -2.827000 0.368500 -0.200000
v -2.827000 0.432361 0.200000
v -2.827000 0.432361 -0.200000
v -2.827000 0.494222 0.200000
v -2.827000 0.494222 -0.200000
v -2.827000 0.551500 0.200000
v -2.827000 0.551500 -0.200000
v -2.827000 0.601611 0.200000
v -2.827000 0.601611 -0.200000
v -2.827000 0.641972 0.200000
v -2.827000 0.641972 -0.200000
v -2.827000 0.670000 0.200000
v -2.827000 0.670000 -0.200000
vn -0.0000 -0.0000 -1.0000
vn -0.0000 -0.0000 1.0000
vn 0.0002 -0.0000 -1.0000
vn -0.0001 -0.0000 -1.0000
vn 0.0001 -0.0000 -1.0000
vn 0.0002 -0.0000 1.0000
vn -0.0001 -0.0000 1.0000
vn 0.0001 -0.0000 1.0000
vn 0.7071 -0.7071 -0.0000
vn 0.7071 0.7071 -0.0000
vn -0.0021 -1.0000 -0.0000
vn -0.0077 -1.0000 -0.0000
vn -0.0144 -0.9999 -0.0000
vn -0.0207 -0.9998 -0.0000
vn -0.0269 -0.9996 -0.0000
vn -0.0334 -0.9994 -0.0000
vn -0.0404 -0.9992 -0.0000
vn -0.0484 -0.9988 -0.0000
vn -0.0575 -0.9983 -0.0000
vn -0.0684 -0.9977 -0.0000
vn -0.0816 -0.9967 -0.0000
vn -0.0984 -0.9952 -0.0000
vn 0.6679 -0.7442 -0.0000
vn 0.6554 0.7553 -0.0000
vn -0.1314 0.9913 -0.0000
vn -0.1140 0.9935 -0.0000
vn -0.0994 0.9950 -0.0000
vn -0.0869 0.9962 -0.0000
vn -0.0757 0.9971 -0.0000
vn -0.0655 0.9978 -0.0000
vn -0.0559 0.9984 -0.0000
vn -0.0465 0.9989 -0.0000
vn -0.0368 0.9993 -0.0000
vn -0.0263 0.9997 -0.0000
vn -0.0143 0.9999 -0.0000
vn -0.0039 1.0000 -0.0000
vn 0.0040 1.0000 -0.0000
vn 0.0157 0.9999 -0.0000
vn 0.0302 0.9995 -0.0000
vn 0.0435 0.9991 -0.0000
vn 0.0557 0.9984 -0.0000
vn 0.0669 0.9978 -0.0000
vn 0.0772 0.9970 -0.0000
vn 0.0867 0.9962 -0.0000
vn 0.0954 0.9954 -0.0000
vn 0.1035 0.9946 -0.0000
vn 0.1109 0.9938 -0.0000
vn 0.1177 0.9930 -0.0000
vn -0.6630 0.7487 -0.0000
vn -0.6670 -0.7451 -0.0000
vn 0.1023 -0.9948 -0.0000
vn 0.0873 -0.9962 -0.0000
vn 0.0742 -0.9972 -0.0000
vn 0.0626 -0.9980 -0.0000
vn 0.0522 -0.9986 -0.0000
vn 0.0428 -0.9991 -0.0000
vn 0.0343 -0.9994 -0.0000
vn 0.0265 -0.9996 -0.0000
vn 0.0193 -0.9998 -0.0000
vn 0.0125 -0.9999 -0.0000
vn 0.0061 -1.0000 -0.0000
vn 0.0015 -1.0000 -0.0000
vn -0.7071 -0.7071 -0.0000
vn -0.7071 0.7071 -0.0000
vn 0.0041 1.0000 -0.0000
vn 0.0161 0.9999 -0.0000
vn 0.0313 0.9995 -0.0000
vn 0.0456 0.9990 -0.0000
vn 0.0587 0.9983 -0.0000
vn 0.0707 0.9975 -0.0000
vn 0.0813 0.9967 -0.0000
vn 0.0906 0.9959 -0.0000
vn 0.0984 0.9951 -0.0000
vn 0.1048 0.9945 -0.0000
vn 0.1096 0.9940 -0.0000
vn 0.1128 0.9936 -0.0000
vn -0.6656 0.7463 -0.0000
vn -0.6589 -0.7522 -0.0000
vn 0.1186 -0.9929 -0.0000
vn 0.0950 -0.9955 -0.0000
vn 0.0755 -0.9971 -0.0000
vn 0.0591 -0.9982 -0.0000
vn 0.0455 -0.9990 -0.0000
vn 0.0592 -0.9982 -0.0000
vn 0.0339 -0.9994 -0.0000
vn 0.0242 -0.9997 -0.0000
vn 0.0162 -0.9999 -0.0000
vn 0.0097 -1.0000 -0.0000
vn 0.0048 -1.0000 -0.0000
vn 0.0016 -1.0000 -0.0000
vn 0.0002 -1.0000 -0.0000
vn -0.0016 -1.0000 -0.0000
vn -0.0064 -1.0000 -0.0000
vn -0.0130 -0.9999 -0.0000
vn -0.0199 -0.9998 -0.0000
vn -0.0271 -0.9996 -0.0000
vn -0.0346 -0.9994 -0.0000
vn -0.0424 -0.9991 -0.0000
vn -0.0505 -0.9987 -0.0000
vn -0.0590 -0.9983 -0.0000
vn -0.0678 -0.9977 -0.0000
vn -0.0770 -0.9970 -0.0000
vn -0.0865 -0.9963 -0.0000
vn 0.6740 -0.7387 -0.0000
vn 0.6609 0.7505 -0.0000
vn -0.1208 0.9927 -0.0000
vn -0.1098 0.9940 -0.0000
vn -0.0989 0.9951 -0.0000
vn -0.0882 0.9961 -0.0000
vn -0.0776 0.9970 -0.0000
vn -0.0671 0.9977 -0.0000
vn -0.0565 0.9984 -0.0000
vn -0.0457 0.9990 -0.0000
vn -0.0348 0.9994 -0.0000
vn -0.0236 0.9997 -0.0000
vn -0.0120 0.9999 -0.0000
vn -0.0030 1.0000 -0.0000
vn -0.8298 -0.5581 -0.0000
vn -0.8454 -0.5341 -0.0000
vn -0.8143 -0.5805 -0.0000
vn -0.7982 -0.6024 -0.0000
vn -0.7809 -0.6247 -0.0000
vn -0.7982 -0.6025 -0.0000
vn -0.7618 -0.6478 -0.0000
vn -0.7405 -0.6721 -0.0000
vn -0.7161 -0.6980 -0.0000
vn -0.6879 -0.7259 -0.0000
vn -0.6547 -0.7559 -0.0000
vn -0.6878 -0.7259 -0.0000
vn -0.6154 -0.7882 -0.0000
vn 0.0204 -0.9998 -0.0000
vn 0.9982 0.0593 -0.0000
vn 0.5556 0.8315 -0.0000
vn 0.6025 0.7981 -0.0000
vn 0.6412 0.7674 -0.0000
vn 0.6741 0.7387 -0.0000
vn 0.7027 0.7115 -0.0000
vn 0.7285 0.6851 -0.0000
vn 0.7524 0.6587 -0.0000
vn 0.7756 0.6312 -0.0000
vn 0.7990 0.6013 -0.0000
vn 0.8238 0.5669 -0.0000
vn 0.8515 0.5243 -0.0000
vn 0.8661 -0.4999 -0.0000
vn -0.0000 -1.0000 -0.0000
vn -0.0022 -1.0000 -0.0000
vn -0.0090 -1.0000 -0.0000
vn -0.0178 -0.9998 -0.0000
vn -0.0266 -0.9996 -0.0000
vn -0.0354 -0.9994 -0.0000
vn -0.0440 -0.9990 -0.0000
vn -0.0526 -0.9986 -0.0000
vn -0.0610 -0.9981 -0.0000
vn -0.0694 -0.9976 -0.0000
vn -0.0777 -0.9970 -0.0000
vn -0.0859 -0.9963 -0.0000
vn -0.0940 -0.9956 -0.0000
vn 0.6716 -0.7410 -0.0000
vn 0.6570 0.7539 -0.0000
vn 0.6715 -0.7410 -0.0000
vn -0.1322 0.9912 -0.0000
vn -0.1229 0.9924 -0.0000
vn -0.1134 0.9935 -0.0000
vn -0.1037 0.9946 -0.0000
vn -0.0936 0.9956 -0.0000
vn -0.0829 0.9966 -0.0000
vn -0.0716 0.9974 -0.0000
vn -0.0596 0.9982 -0.0000
vn -0.0324 0.9995 -0.0000
vn -0.0169 0.9999 -0.0000
vn -0.0044 1.0000 -0.0000
vn -0.0000 1.0000 -0.0000
vn 0.0060 1.0000 -0.0000
vn 0.0215 0.9998 -0.0000
vn 0.0384 0.9993 -0.0000
vn 0.0519 0.9987 -0.0000
vn 0.0636 0.9980 -0.0000
vn 0.0742 0.9972 -0.0000
vn 0.0847 0.9964 -0.0000
vn 0.1073 0.9942 -0.0000
vn 0.1212 0.9926 -0.0000
vn 0.1387 0.9903 -0.0000
vn 0.1627 0.9867 -0.0000
vn -0.2892 0.9573 -0.0000
vn -0.9958 0.0914 -0.0000
vn -0.8064 -0.5913 -0.0000
vn -0.7970 -0.6039 -0.0000
vn -0.7909 -0.6120 -0.0000
vn -0.7970 -0.6040 -0.0000
vn -0.7874 -0.6164 -0.0000
vn -0.7863 -0.6179 -0.0000
vn -0.7872 -0.6167 -0.0000
vn -0.7902 -0.6129 -0.0000
vn -0.7953 -0.6062 -0.0000
vn -0.8029 -0.5961 -0.0000
vn -0.8131 -0.5821 -0.0000
vn -0.8268 -0.5626 -0.0000
vn -0.8132 -0.5820 -0.0000
vn -0.8440 -0.5364 -0.0000
vn -0.8268 -0.5625 -0.0000
vn -0.8440 -0.5363 -0.0000
vn 0.3309 0.9437 -0.0000
vn 0.9841 0.1775 -0.0000
vn 0.3545 0.9351 -0.0000
vn 0.3770 0.9262 -0.0000
vn 0.3987 0.9171 -0.0000
vn 0.4202 0.9074 -0.0000
vn 0.4415 0.8973 -0.0000
vn 0.4630 0.8863 -0.0000
vn 0.4850 0.8745 -0.0000
vn 0.5076 0.8616 -0.0000
vn 0.5311 0.8473 -0.0000
vn 0.5557 0.8314 -0.0000
vn 0.5652 0.8249 -0.0000
vn 0.6074 0.7944 -0.0000
vn 0.6941 0.7199 -0.0000
vn 0.7744 0.6326 -0.0000
vn 0.8436 0.5370 -0.0000
vn 0.8986 0.4387 -0.0000
vn 0.9391 0.3438 -0.0000
vn 0.9664 0.2570 -0.0000
vn 0.9834 0.1813 -0.0000
vn 0.9930 0.1182 -0.0000
vn 0.9977 0.0676 -0.0000
vn 0.9996 0.0290 -0.0000
vn 1.0000 0.0045 -0.0000
vn 1.0000 -0.0074 -0.0000
vn 0.9999 -0.0155 -0.0000
vn 0.9997 -0.0242 -0.0000
vn 0.9994 -0.0334 -0.0000
vn 0.9991 -0.0431 -0.0000
vn 0.9986 -0.0531 -0.0000
vn 0.9980 -0.0635 -0.0000
vn 0.9986 -0.0532 -0.0000
vn 0.9973 -0.0739 -0.0000
vn 0.9964 -0.0843 -0.0000
vn 0.9955 -0.0947 -0.0000
vn 0.9945 -0.1048 -0.0000
vn 0.9955 -0.0946 -0.0000
vn 0.7449 0.6672 -0.0000
vn 0.9945 -0.1047 -0.0000
vn -0.7104 0.7038 -0.0000
vn -0.9997 -0.0234 -0.0000
vn -0.9983 -0.0591 -0.0000
vn -0.9938 -0.1111 -0.0000
vn -0.9835 -0.1807 -0.0000
vn -0.9634 -0.2682 -0.0000
vn -0.9286 -0.3710 -0.0000
vn -0.8757 -0.4828 -0.0000
vn -0.8041 -0.5945 -0.0000
vn -0.7179 -0.6961 -0.0000
vn -0.6247 -0.7809 -0.0000
vn -0.5325 -0.8464 -0.0000
vn 0.0862 -0.9963 -0.0000
vn -1.0000 -0.0000 -0.0000
vn -1.0000 -0.0061 -0.0000
vn -0.9996 -0.0267 -0.0000
vn -0.9982 -0.0593 -0.0000
vn -0.9950 -0.0999 -0.0000
vn -0.9982 -0.0594 -0.0000
vn -0.9888 -0.1493 -0.0000
vn -0.9781 -0.2079 -0.0000
vn -0.9614 -0.2750 -0.0000
vn -0.9375 -0.3479 -0.0000
vn -0.9064 -0.4225 -0.0000
vn -0.8700 -0.4931 -0.0000
vn -0.9064 -0.4224 -0.0000
vn -0.8320 -0.5548 -0.0000
vn -0.7968 -0.6042 -0.0000
vn -0.7617 -0.6479 -0.0000
vn -0.7172 -0.6969 -0.0000
vn -0.7618 -0.6479 -0.0000
vn -0.6663 -0.7457 -0.0000
vn -0.6174 -0.7867 -0.0000
vn -0.5712 -0.8208 -0.0000
vn -0.5283 -0.8491 -0.0000
vn -0.4888 -0.8724 -0.0000
vn -0.5283 -0.8490 -0.0000
vn -0.4529 -0.8916 -0.0000
vn -0.4204 -0.9073 -0.0000
vn -0.3913 -0.9202 -0.0000
vn -0.3657 -0.9307 -0.0000
vn -0.3434 -0.9392 -0.0000
vn 0.2355 -0.9719 -0.0000
vn 0.9619 0.2734 -0.0000
vn 0.2752 0.9614 -0.0000
vn 0.3098 0.9508 -0.0000
vn 0.3469 0.9379 -0.0000
vn 0.3863 0.9224 -0.0000
vn 0.4279 0.9038 -0.0000
vn 0.4715 0.8819 -0.0000
vn 0.5167 0.8561 -0.0000
vn 0.5632 0.8263 -0.0000
vn 0.6104 0.7921 -0.0000
vn 0.6575 0.7534 -0.0000
vn 0.7039 0.7103 -0.0000
vn 0.7550 0.6557 -0.0000
vn 0.8058 0.5921 -0.0000
vn 0.8517 0.5240 -0.0000
vn 0.8945 0.4471 -0.0000
vn 0.9305 0.3663 -0.0000
vn 0.9578 0.2874 -0.0000
vn 0.9765 0.2154 -0.0000
vn 0.9881 0.1537 -0.0000
vn 0.9946 0.1034 -0.0000
vn 0.9881 0.1536 -0.0000
vn 0.9979 0.0643 -0.0000
vn 0.9994 0.0352 -0.0000
vn 0.9999 0.0146 -0.0000
vn 1.0000 0.0031 -0.0000
vn 1.0000 -0.0000 -0.0000
vn 1.0000 -0.0024 -0.0000
vn 1.0000 -0.0099 -0.0000
vn 0.9998 -0.0199 -0.0000
vn 1.0000 -0.0098 -0.0000
vn 0.9995 -0.0301 -0.0000
vn 0.9992 -0.0403 -0.0000
vn 0.9987 -0.0505 -0.0000
vn 0.9982 -0.0607 -0.0000
vn 0.9975 -0.0710 -0.0000
vn 0.9967 -0.0810 -0.0000
vn 0.9975 -0.0709 -0.0000
vn 0.9959 -0.0909 -0.0000
vn 0.9967 -0.0809 -0.0000
vn 0.9949 -0.1006 -0.0000
vn 0.9939 -0.1100 -0.0000
vn 0.9949 -0.1007 -0.0000
vn 0.7465 0.6654 -0.0000
vn -0.7334 0.6798 -0.0000
vn 0.7465 0.6653 -0.0000
vn -0.9974 -0.0717 -0.0000
vn -0.9980 -0.0638 -0.0000
vn -0.9984 -0.0561 -0.0000
vn -0.9988 -0.0487 -0.0000
vn -0.9991 -0.0416 -0.0000
vn -0.9988 -0.0488 -0.0000
vn -0.9994 -0.0348 -0.0000
vn -0.9991 -0.0417 -0.0000
vn -0.9996 -0.0283 -0.0000
vn -0.9998 -0.0220 -0.0000
vn -0.9996 -0.0282 -0.0000
vn -0.9999 -0.0161 -0.0000
vn -0.9999 -0.0104 -0.0000
vn -1.0000 -0.0051 -0.0000
vn -1.0000 -0.0012 -0.0000
vn -1.0000 0.0031 -0.0000
vn -0.9999 0.0119 -0.0000
vn -1.0000 0.0032 -0.0000
vn -0.9997 0.0224 -0.0000
vn -0.9995 0.0316 -0.0000
vn -0.9992 0.0399 -0.0000
vn -0.9989 0.0476 -0.0000
vn -0.9985 0.0549 -0.0000
vn -0.9981 0.0622 -0.0000
vn -0.9985 0.0550 -0.0000
vn -0.9976 0.0697 -0.0000
vn -0.9981 0.0623 -0.0000
vn -0.9970 0.0778 -0.0000
vn -0.9976 0.0698 -0.0000
vn -0.9962 0.0868 -0.0000
vn -0.9952 0.0975 -0.0000
vn -0.7428 -0.6696 -0.0000
vn 0.7502 -0.6612 -0.0000
vn -0.7428 -0.6695 -0.0000
vn 0.9928 0.1201 -0.0000
vn 0.7503 -0.6612 -0.0000
vn 0.9940 0.1098 -0.0000
vn 0.9950 0.1003 -0.0000
vn 0.9940 0.1097 -0.0000
vn 0.9958 0.0913 -0.0000
vn 0.9966 0.0823 -0.0000
vn 0.9973 0.0731 -0.0000
vn 0.9980 0.0634 -0.0000
vn 0.9986 0.0530 -0.0000
vn 0.9991 0.0417 -0.0000
vn 0.9996 0.0292 -0.0000
vn 0.9999 0.0153 -0.0000
vn 1.0000 0.0040 -0.0000
vn 1.0000 -0.0042 -0.0000
vn 0.9999 -0.0149 -0.0000
vn 0.9996 -0.0265 -0.0000
vn 0.9994 -0.0356 -0.0000
vn 0.9991 -0.0432 -0.0000
vn 0.9988 -0.0498 -0.0000
vn 0.9984 -0.0559 -0.0000
vn 0.9981 -0.0620 -0.0000
vn 0.9984 -0.0560 -0.0000
vn 0.9977 -0.0683 -0.0000
vn 0.9981 -0.0621 -0.0000
vn 0.9972 -0.0751 -0.0000
vn 0.9965 -0.0830 -0.0000
vn 0.9957 -0.0927 -0.0000
vn 0.9966 -0.0829 -0.0000
vn 0.7410 0.6715 -0.0000
vn 0.9957 -0.0926 -0.0000
vn -0.7417 0.6707 -0.0000
vn 0.7410 0.6716 -0.0000
vn -0.9954 -0.0962 -0.0000
vn -0.9961 -0.0884 -0.0000
vn -0.9967 -0.0811 -0.0000
vn -0.9973 -0.0738 -0.0000
vn -0.9967 -0.0810 -0.0000
vn -0.9978 -0.0666 -0.0000
vn -0.9973 -0.0739 -0.0000
vn -0.9982 -0.0592 -0.0000
vn -0.9978 -0.0667 -0.0000
vn -0.9987 -0.0515 -0.0000
vn -0.9991 -0.0431 -0.0000
vn -0.9994 -0.0341 -0.0000
vn -0.9997 -0.0240 -0.0000
vn -0.9999 -0.0127 -0.0000
vn -1.0000 -0.0033 -0.0000
vn 0.0025 1.0000 -0.0000
vn 0.0098 1.0000 -0.0000
vn 0.0195 0.9998 -0.0000
vn 0.0290 0.9996 -0.0000
vn 0.0381 0.9993 -0.0000
vn 0.0469 0.9989 -0.0000
vn 0.0553 0.9985 -0.0000
vn 0.0633 0.9980 -0.0000
vn 0.0706 0.9975 -0.0000
vn 0.0828 0.9966 -0.0000
vn 0.0873 0.9962 -0.0000
vn -0.6748 0.7380 -0.0000
vn -0.6868 -0.7268 -0.0000
vn 0.0607 -0.9982 -0.0000
vn 0.0666 -0.9978 -0.0000
vn 0.0686 -0.9976 -0.0000
vn 0.0677 -0.9977 -0.0000
vn 0.0648 -0.9979 -0.0000
vn 0.0600 -0.9982 -0.0000
vn 0.0537 -0.9986 -0.0000
vn 0.0459 -0.9989 -0.0000
vn 0.0366 -0.9993 -0.0000
vn 0.0259 -0.9997 -0.0000
vn 0.0136 -0.9999 -0.0000
vn 0.0035 -1.0000 -0.0000
vn -0.0015 -1.0000 -0.0000
vn -0.0060 -1.0000 -0.0000
vn -0.0119 -0.9999 -0.0000
vn -0.0238 -0.9997 -0.0000
vn -0.0300 -0.9996 -0.0000
vn -0.0365 -0.9993 -0.0000
vn -0.0435 -0.9991 -0.0000
vn -0.0512 -0.9987 -0.0000
vn -0.0599 -0.9982 -0.0000
vn -0.0699 -0.9976 -0.0000
vn -0.0819 -0.9966 -0.0000
vn 0.6751 -0.7377 -0.0000
vn 0.6837 0.7297 -0.0000
vn 0.6751 -0.7378 -0.0000
vn -0.0633 0.9980 -0.0000
vn 0.6838 0.7297 -0.0000
vn -0.0597 0.9982 -0.0000
vn -0.0557 0.9984 -0.0000
vn -0.0514 0.9987 -0.0000
vn -0.0467 0.9989 -0.0000
vn -0.0415 0.9991 -0.0000
vn -0.0360 0.9994 -0.0000
vn -0.0299 0.9996 -0.0000
vn -0.0234 0.9997 -0.0000
vn -0.0162 0.9999 -0.0000
vn -0.0084 1.0000 -0.0000
vn -0.0022 1.0000 -0.0000
vn 1.0000 -0.0052 -0.0000
vn 0.9998 -0.0191 -0.0000
vn 0.9994 -0.0354 -0.0000
vn 0.9998 -0.0192 -0.0000
vn 0.9988 -0.0495 -0.0000
vn 0.9994 -0.0355 -0.0000
vn 0.9981 -0.0624 -0.0000
vn 0.9972 -0.0749 -0.0000
vn 0.9981 -0.0623 -0.0000
vn 0.9962 -0.0876 -0.0000
vn 0.9948 -0.1015 -0.0000
vn 0.9961 -0.0877 -0.0000
vn 0.9931 -0.1172 -0.0000
vn 0.9907 -0.1363 -0.0000
vn 0.9931 -0.1173 -0.0000
vn 0.9870 -0.1609 -0.0000
vn 0.9907 -0.1364 -0.0000
vn 0.9808 -0.1950 -0.0000
vn 0.7794 0.6265 -0.0000
vn -0.7525 0.6585 -0.0000
vn -0.9926 -0.1213 -0.0000
vn -0.7525 0.6586 -0.0000
vn -0.9948 -0.1021 -0.0000
vn -0.9926 -0.1212 -0.0000
vn -0.9961 -0.0883 -0.0000
vn -0.9970 -0.0774 -0.0000
vn -0.9977 -0.0682 -0.0000
vn -0.9982 -0.0599 -0.0000
vn -0.9977 -0.0683 -0.0000
vn -0.9986 -0.0520 -0.0000
vn -0.9990 -0.0440 -0.0000
vn -0.9994 -0.0354 -0.0000
vn -0.9997 -0.0257 -0.0000
vn -0.9999 -0.0141 -0.0000
vn -1.0000 -0.0038 -0.0000
vn -1.0000 -0.0039 -0.0000
vn 0.0024 1.0000 -0.0000
vn 0.0093 1.0000 -0.0000
vn 0.0179 0.9998 -0.0000
vn 0.0258 0.9997 -0.0000
vn 0.0333 0.9994 -0.0000
vn 0.0406 0.9992 -0.0000
vn 0.0480 0.9988 -0.0000
vn 0.0643 0.9979 -0.0000
vn 0.0741 0.9972 -0.0000
vn 0.0862 0.9963 -0.0000
vn 0.1023 0.9948 -0.0000
vn 0.0863 0.9963 -0.0000
vn -0.6665 0.7455 -0.0000
vn -0.6686 -0.7436 -0.0000
vn 0.0932 -0.9957 -0.0000
vn 0.0720 -0.9974 -0.0000
vn 0.0574 -0.9984 -0.0000
vn 0.0466 -0.9989 -0.0000
vn 0.0381 -0.9993 -0.0000
vn 0.0311 -0.9995 -0.0000
vn 0.0251 -0.9997 -0.0000
vn 0.0198 -0.9998 -0.0000
vn 0.0148 -0.9999 -0.0000
vn 0.0100 -1.0000 -0.0000
vn 0.0051 -1.0000 -0.0000
vn 0.0013 -1.0000 -0.0000
vn -0.6967 -0.7174 -0.0000
vn -0.9981 -0.0616 -0.0000
vn -0.9915 -0.1304 -0.0000
vn -0.9783 -0.2074 -0.0000
vn -0.9915 -0.1305 -0.0000
vn -0.9567 -0.2911 -0.0000
vn -0.9252 -0.3794 -0.0000
vn -0.8833 -0.4689 -0.0000
vn -0.9253 -0.3794 -0.0000
vn -0.8312 -0.5559 -0.0000
vn -0.8833 -0.4688 -0.0000
vn -0.7709 -0.6370 -0.0000
vn -0.7049 -0.7093 -0.0000
vn -0.6365 -0.7713 -0.0000
vn -0.5685 -0.8227 -0.0000
vn 0.0377 -0.9993 -0.0000
vn 0.9968 0.0794 -0.0000
vn 0.0376 -0.9993 -0.0000
vn 0.5004 0.8658 -0.0000
vn 0.9968 0.0793 -0.0000
vn 0.5770 0.8168 -0.0000
vn 0.6541 0.7564 -0.0000
vn 0.7288 0.6847 -0.0000
vn 0.7978 0.6030 -0.0000
vn 0.8580 0.5137 -0.0000
vn 0.9074 0.4203 -0.0000
vn 0.9452 0.3265 -0.0000
vn 0.9718 0.2356 -0.0000
vn 0.9887 0.1502 -0.0000
vn 0.9974 0.0717 -0.0000
vn 0.9887 0.1501 -0.0000
vn 0.7192 -0.6948 -0.0000
vn -0.0011 -1.0000 -0.0000
vn -0.0045 -1.0000 -0.0000
vn -0.0091 -1.0000 -0.0000
vn -0.0139 -0.9999 -0.0000
vn -0.0190 -0.9998 -0.0000
vn -0.0244 -0.9997 -0.0000
vn -0.0304 -0.9995 -0.0000
vn -0.0371 -0.9993 -0.0000
vn -0.0447 -0.9990 -0.0000
vn -0.0537 -0.9986 -0.0000
vn -0.0646 -0.9979 -0.0000
vn -0.0781 -0.9969 -0.0000
vn 0.6761 -0.7368 -0.0000
vn 0.6735 0.7391 -0.0000
vn -0.0904 0.9959 -0.0000
vn -0.0856 0.9963 -0.0000
vn -0.0803 0.9968 -0.0000
vn -0.0746 0.9972 -0.0000
vn -0.0682 0.9977 -0.0000
vn -0.0613 0.9981 -0.0000
vn -0.0536 0.9986 -0.0000
vn -0.0451 0.9990 -0.0000
vn -0.0356 0.9994 -0.0000
vn -0.0250 0.9997 -0.0000
vn -0.0132 0.9999 -0.0000
vn -0.0034 1.0000 -0.0000
vn 0.5748 0.8183 -0.0000
vn 0.5530 0.8332 -0.0000
vn 0.5955 0.8033 -0.0000
vn 0.6154 0.7882 -0.0000
vn 0.6346 0.7728 -0.0000
vn 0.6535 0.7570 -0.0000
vn 0.6721 0.7405 -0.0000
vn 0.6535 0.7569 -0.0000
vn 0.6908 0.7231 -0.0000
vn 0.6721 0.7404 -0.0000
vn 0.7096 0.7046 -0.0000
vn 0.7486 0.6630 -0.0000
vn 0.0572 0.9984 -0.0000
vn -0.9997 0.0239 -0.0000
vn -0.7065 -0.7078 -0.0000
vn -0.6923 -0.7216 -0.0000
vn -0.6783 -0.7348 -0.0000
vn -0.6644 -0.7474 -0.0000
vn -0.6506 -0.7594 -0.0000
vn -0.6369 -0.7710 -0.0000
vn -0.6232 -0.7821 -0.0000
vn -0.6095 -0.7928 -0.0000
vn -0.5959 -0.8031 -0.0000
vn -0.5822 -0.8131 -0.0000
vn -0.5958 -0.8031 -0.0000
vn -0.8836 -0.4682 -0.0000
vn -1.0000 0.0021 -0.0000
vn -1.0000 0.0083 -0.0000
vn -1.0000 0.0022 -0.0000
vn -0.9999 0.0164 -0.0000
vn -1.0000 0.0085 -0.0000
vn -0.9997 0.0245 -0.0000
vn -0.9999 0.0165 -0.0000
vn -0.9995 0.0327 -0.0000
vn -0.9997 0.0244 -0.0000
vn -0.9991 0.0415 -0.0000
vn -0.9995 0.0326 -0.0000
vn -0.9987 0.0514 -0.0000
vn -0.9980 0.0628 -0.0000
vn -0.9987 0.0515 -0.0000
vn -0.9971 0.0766 -0.0000
vn -0.9980 0.0630 -0.0000
vn -0.9956 0.0940 -0.0000
vn -0.9970 0.0768 -0.0000
vn -0.9931 0.1171 -0.0000
vn -0.9956 0.0941 -0.0000
vn -0.9887 0.1498 -0.0000
vn -0.9931 0.1172 -0.0000
vn -0.7646 -0.6445 -0.0000
vn -0.9887 0.1500 -0.0000
vn 0.7544 -0.6565 -0.0000
vn 0.9921 0.1253 -0.0000
vn 0.7543 -0.6566 -0.0000
vn 0.9946 0.1038 -0.0000
vn 0.9921 0.1252 -0.0000
vn 0.9961 0.0884 -0.0000
vn 0.9946 0.1039 -0.0000
vn 0.9971 0.0764 -0.0000
vn 0.9961 0.0885 -0.0000
vn 0.9978 0.0663 -0.0000
vn 0.9971 0.0765 -0.0000
vn 0.9984 0.0573 -0.0000
vn 0.9978 0.0664 -0.0000
vn 0.9988 0.0488 -0.0000
vn 0.9992 0.0404 -0.0000
vn 0.9995 0.0317 -0.0000
vn 0.9992 0.0403 -0.0000
vn 0.9998 0.0223 -0.0000
vn 0.9995 0.0316 -0.0000
vn 0.9999 0.0118 -0.0000
vn 0.9999 0.0119 -0.0000
vn 0.5066 -0.8622 -0.0000
vn -0.4778 -0.8784 -0.0000
vn 0.5065 -0.8622 -0.0000
vn -0.4603 -0.8878 -0.0000
vn -0.4779 -0.8784 -0.0000
vn -0.4435 -0.8963 -0.0000
vn -0.4272 -0.9041 -0.0000
vn -0.4112 -0.9115 -0.0000
vn -0.3954 -0.9185 -0.0000
vn -0.3796 -0.9252 -0.0000
vn -0.3636 -0.9315 -0.0000
vn -0.3474 -0.9377 -0.0000
vn -0.3307 -0.9437 -0.0000
vn -0.3134 -0.9496 -0.0000
vn 0.3836 -0.9235 -0.0000
vn 0.9173 0.3982 -0.0000
vn 0.2863 0.9581 -0.0000
vn 0.3099 0.9508 -0.0000
vn 0.3328 0.9430 -0.0000
vn 0.3553 0.9347 -0.0000
vn 0.3774 0.9260 -0.0000
vn 0.3993 0.9168 -0.0000
vn 0.3775 0.9260 -0.0000
vn 0.4211 0.9070 -0.0000
vn 0.4428 0.8966 -0.0000
vn 0.4648 0.8854 -0.0000
vn 0.4429 0.8966 -0.0000
vn 0.4871 0.8734 -0.0000
vn 0.5099 0.8602 -0.0000
vn 0.5316 0.8470 -0.0000
vn 0.5100 0.8602 -0.0000
vn 0.9998 -0.0221 -0.0000
vn 0.9999 -0.0113 -0.0000
vn 0.9999 -0.0114 -0.0000
vn 0.9995 -0.0326 -0.0000
vn 0.9998 -0.0220 -0.0000
vn 0.9991 -0.0434 -0.0000
vn 0.9985 -0.0549 -0.0000
vn 0.9977 -0.0672 -0.0000
vn 0.9985 -0.0548 -0.0000
vn 0.9953 -0.0964 -0.0000
vn 0.9935 -0.1142 -0.0000
vn 0.9954 -0.0962 -0.0000
vn 0.9908 -0.1351 -0.0000
vn 0.9935 -0.1141 -0.0000
vn 0.9871 -0.1602 -0.0000
vn 0.9908 -0.1350 -0.0000
vn 0.7661 0.6427 -0.0000
vn 0.9871 -0.1603 -0.0000
vn -0.7402 0.6724 -0.0000
vn 0.7662 0.6426 -0.0000
vn -0.9955 -0.0948 -0.0000
vn -0.9957 -0.0926 -0.0000
vn -0.9960 -0.0895 -0.0000
vn -0.9957 -0.0925 -0.0000
vn -0.9963 -0.0855 -0.0000
vn -0.9960 -0.0894 -0.0000
vn -0.9968 -0.0805 -0.0000
vn -0.9964 -0.0853 -0.0000
vn -0.9972 -0.0744 -0.0000
vn -0.9977 -0.0672 -0.0000
vn -0.9983 -0.0585 -0.0000
vn -0.9989 -0.0479 -0.0000
vn -0.9994 -0.0350 -0.0000
vn -0.9998 -0.0192 -0.0000
vn -1.0000 -0.0052 -0.0000
vn -0.8055 0.5926 -0.0000
vn -0.3043 0.9526 -0.0000
vn -0.3168 0.9485 -0.0000
vn -0.3280 0.9447 -0.0000
vn -0.3384 0.9410 -0.0000
vn -0.3485 0.9373 -0.0000
vn -0.3586 0.9335 -0.0000
vn -0.3693 0.9293 -0.0000
vn -0.3808 0.9247 -0.0000
vn -0.3938 0.9192 -0.0000
vn -0.3808 0.9246 -0.0000
vn -0.4091 0.9125 -0.0000
vn -0.4278 0.9039 -0.0000
vn -0.9329 0.3601 -0.0000
vn -0.3471 -0.9378 -0.0000
vn 0.4519 -0.8921 -0.0000
vn 0.4313 -0.9022 -0.0000
vn 0.4141 -0.9102 -0.0000
vn 0.3992 -0.9169 -0.0000
vn 0.3859 -0.9225 -0.0000
vn 0.3738 -0.9275 -0.0000
vn 0.3623 -0.9320 -0.0000
vn 0.3512 -0.9363 -0.0000
vn 0.3400 -0.9404 -0.0000
vn 0.3283 -0.9446 -0.0000
vn 0.3153 -0.9490 -0.0000
vn 0.3282 -0.9446 -0.0000
vn -0.5892 -0.8080 -0.0000
vn -1.0000 0.0040 -0.0000
vn -0.5893 -0.8079 -0.0000
vn -1.0000 0.0094 -0.0000
vn -1.0000 0.0041 -0.0000
vn -0.9998 0.0177 -0.0000
vn -1.0000 0.0095 -0.0000
vn -0.9997 0.0250 -0.0000
vn -0.9998 0.0178 -0.0000
vn -0.9995 0.0322 -0.0000
vn -0.9997 0.0252 -0.0000
vn -0.9992 0.0393 -0.0000
vn -0.9989 0.0466 -0.0000
vn -0.9992 0.0392 -0.0000
vn -0.9985 0.0545 -0.0000
vn -0.9980 0.0634 -0.0000
vn -0.9973 0.0738 -0.0000
vn -0.9963 0.0861 -0.0000
vn -0.9973 0.0737 -0.0000
vn -0.9948 0.1014 -0.0000
vn -0.7450 -0.6671 -0.0000
vn 0.7553 -0.6554 -0.0000
vn 0.9916 0.1297 -0.0000
vn 0.9940 0.1091 -0.0000
vn 0.9915 0.1298 -0.0000
vn 0.9958 0.0921 -0.0000
vn 0.9940 0.1092 -0.0000
vn 0.9970 0.0776 -0.0000
vn 0.9979 0.0651 -0.0000
vn 0.9970 0.0777 -0.0000
vn 0.9985 0.0540 -0.0000
vn 0.9990 0.0439 -0.0000
vn 0.9985 0.0539 -0.0000
vn 0.9994 0.0347 -0.0000
vn 0.9997 0.0259 -0.0000
vn 0.9994 0.0346 -0.0000
vn 0.9998 0.0173 -0.0000
vn 0.9997 0.0258 -0.0000
vn 1.0000 0.0088 -0.0000
vn 0.9999 0.0173 -0.0000
vn 1.0000 0.0023 -0.0000
vn 1.0000 0.0087 -0.0000
vn 1.0000 0.0022 -0.0000
vn 1.0000 -0.0030 -0.0000
vt 0.113636 0.000000
vt 0.136364 0.000000
vt 0.125000 0.000000
vt 0.147727 0.000000
vt 0.159091 0.000000
vt 0.102273 0.000000
vt 0.170455 0.000000
vt 0.090909 0.000000
vt 0.181818 0.000000
vt 0.079545 0.000000
vt 0.193182 0.000000
vt 0.068182 0.000000
vt 0.204545 0.000000
vt 0.056818 0.000000
vt 0.215909 0.000000
vt 0.045455 0.000000
vt 0.227273 0.000000
vt 0.034091 0.000000
vt 0.238636 0.000000
vt 0.022727 0.000000
vt 0.250000 0.000000
vt 0.011364 0.000000
vt 0.261364 0.000000
vt 0.000000 0.000000
vt 0.272727 0.000000
vt 1.000000 0.000000
vt 0.988636 0.000000
vt 0.284091 0.000000
vt 0.977273 0.000000
vt 0.965909 0.000000
vt 0.954545 0.000000
vt 0.295455 0.000000
vt 0.306818 0.000000
vt 0.943182 0.000000
vt 0.318182 0.000000
vt 0.329545 0.000000
vt 0.340909 0.000000
vt 0.352273 0.000000
vt 0.931818 0.000000
vt 0.568182 0.000000
vt 0.363636 0.000000
vt 0.579545 0.000000
vt 0.556818 0.000000
vt 0.375000 0.000000
vt 0.545455 0.000000
vt 0.386364 0.000000
vt 0.534091 0.000000
vt 0.522727 0.000000
vt 0.397727 0.000000
vt 0.511364 0.000000
vt 0.409091 0.000000
vt 0.920455 0.000000
vt 0.500000 0.000000
vt 0.420455 0.000000
vt 0.488636 0.000000
vt 0.477273 0.000000
vt 0.465909 0.000000
vt 0.454545 0.000000
vt 0.443182 0.000000
vt 0.431818 0.000000
vt 0.909091 0.000000
vt 0.897727 0.000000
vt 0.886364 0.000000
vt 0.875000 0.000000
vt 0.863636 0.000000
vt 0.852273 0.000000
vt 0.590909 0.000000
vt 0.602273 0.000000
vt 0.840909 0.000000
vt 0.613636 0.000000
vt 0.829545 0.000000
vt 0.625000 0.000000
vt 0.818182 0.000000
vt 0.636364 0.000000
vt 0.806818 0.000000
vt 0.647727 0.000000
vt 0.795455 0.000000
vt 0.659091 0.000000
vt 0.784091 0.000000
vt 0.670455 0.000000
vt 0.772727 0.000000
vt 0.681818 0.000000
vt 0.761364 0.000000
vt 0.693182 0.000000
vt 0.750000 0.000000
vt 0.704545 0.000000
vt 0.738636 0.000000
vt 0.715909 0.000000
vt 0.727273 0.000000
vt 0.131579 0.000000
vt 0.157895 0.000000
vt 0.144737 0.000000
vt 0.118421 0.000000
vt 0.105263 0.000000
vt 0.171053 0.000000
vt 0.092105 0.000000
vt 0.184211 0.000000
vt 0.078947 0.000000
vt 0.197368 0.000000
vt 0.065789 0.000000
vt 0.210526 0.000000
vt 0.052632 0.000000
vt 0.223684 0.000000
vt 0.039474 0.000000
vt 0.236842 0.000000
vt 0.026316 0.000000
vt 0.013158 0.000000
vt 0.263158 0.000000
vt 0.276316 0.000000
vt 0.289474 0.000000
vt 0.986842 0.000000
vt 0.302632 0.000000
vt 0.973684 0.000000
vt 0.315789 0.000000
vt 0.960526 0.000000
vt 0.671053 0.000000
vt 0.328947 0.000000
vt 0.947368 0.000000
vt 0.934211 0.000000
vt 0.921053 0.000000
vt 0.684211 0.000000
vt 0.657895 0.000000
vt 0.907895 0.000000
vt 0.697368 0.000000
vt 0.894737 0.000000
vt 0.710526 0.000000
vt 0.881579 0.000000
vt 0.723684 0.000000
vt 0.868421 0.000000
vt 0.736842 0.000000
vt 0.855263 0.000000
vt 0.842105 0.000000
vt 0.828947 0.000000
vt 0.763158 0.000000
vt 0.776316 0.000000
vt 0.789474 0.000000
vt 0.802632 0.000000
vt 0.815789 0.000000
vt 0.644737 0.000000
vt 0.342105 0.000000
vt 0.355263 0.000000
vt 0.631579 0.000000
vt 0.368421 0.000000
vt 0.618421 0.000000
vt 0.381579 0.000000
vt 0.605263 0.000000
vt 0.394737 0.000000
vt 0.592105 0.000000
vt 0.407895 0.000000
vt 0.578947 0.000000
vt 0.421053 0.000000
vt 0.565789 0.000000
vt 0.434211 0.000000
vt 0.552632 0.000000
vt 0.447368 0.000000
vt 0.539474 0.000000
vt 0.460526 0.000000
vt 0.526316 0.000000
vt 0.473684 0.000000
vt 0.513158 0.000000
vt 0.486842 0.000000
vt 0.114286 0.000000
vt 0.133333 0.000000
vt 0.123810 0.000000
vt 0.142857 0.000000
vt 0.104762 0.000000
vt 0.152381 0.000000
vt 0.095238 0.000000
vt 0.161905 0.000000
vt 0.085714 0.000000
vt 0.171429 0.000000
vt 0.076190 0.000000
vt 0.180952 0.000000
vt 0.066667 0.000000
vt 0.190476 0.000000
vt 0.057143 0.000000
vt 0.200000 0.000000
vt 0.047619 0.000000
vt 0.209524 0.000000
vt 0.038095 0.000000
vt 0.219048 0.000000
vt 0.028571 0.000000
vt 0.228571 0.000000
vt 0.019048 0.000000
vt 0.238095 0.000000
vt 0.009524 0.000000
vt 0.247619 0.000000
vt 0.257143 0.000000
vt 0.876190 0.000000
vt 0.895238 0.000000
vt 0.885714 0.000000
vt 0.904762 0.000000
vt 0.371429 0.000000
vt 0.390476 0.000000
vt 0.380952 0.000000
vt 0.914286 0.000000
vt 0.361905 0.000000
vt 0.923810 0.000000
vt 0.352381 0.000000
vt 0.933333 0.000000
vt 0.342857 0.000000
vt 0.942857 0.000000
vt 0.333333 0.000000
vt 0.952381 0.000000
vt 0.323810 0.000000
vt 0.961905 0.000000
vt 0.314286 0.000000
vt 0.304762 0.000000
vt 0.971429 0.000000
vt 0.295238 0.000000
vt 0.980952 0.000000
vt 0.285714 0.000000
vt 0.990476 0.000000
vt 0.276190 0.000000
vt 0.266667 0.000000
vt 0.866667 0.000000
vt 0.857143 0.000000
vt 0.847619 0.000000
vt 0.838095 0.000000
vt 0.828571 0.000000
vt 0.819048 0.000000
vt 0.809524 0.000000
vt 0.800000 0.000000
vt 0.790476 0.000000
vt 0.780952 0.000000
vt 0.771429 0.000000
vt 0.761905 0.000000
vt 0.752381 0.000000
vt 0.514286 0.000000
vt 0.504762 0.000000
vt 0.495238 0.000000
vt 0.485714 0.000000
vt 0.476190 0.000000
vt 0.466667 0.000000
vt 0.457143 0.000000
vt 0.447619 0.000000
vt 0.438095 0.000000
vt 0.428571 0.000000
vt 0.419048 0.000000
vt 0.409524 0.000000
vt 0.400000 0.000000
vt 0.742857 0.000000
vt 0.523810 0.000000
vt 0.733333 0.000000
vt 0.533333 0.000000
vt 0.723810 0.000000
vt 0.542857 0.000000
vt 0.714286 0.000000
vt 0.552381 0.000000
vt 0.704762 0.000000
vt 0.561905 0.000000
vt 0.695238 0.000000
vt 0.571429 0.000000
vt 0.685714 0.000000
vt 0.580952 0.000000
vt 0.676190 0.000000
vt 0.590476 0.000000
vt 0.666667 0.000000
vt 0.657143 0.000000
vt 0.600000 0.000000
vt 0.647619 0.000000
vt 0.609524 0.000000
vt 0.638095 0.000000
vt 0.619048 0.000000
vt 0.628571 0.000000
vt 0.821918 0.000000
vt 0.849315 0.000000
vt 0.835616 0.000000
vt 0.301370 0.000000
vt 0.328767 0.000000
vt 0.315068 0.000000
vt 0.863014 0.000000
vt 0.287671 0.000000
vt 0.876712 0.000000
vt 0.273973 0.000000
vt 0.890411 0.000000
vt 0.260274 0.000000
vt 0.904110 0.000000
vt 0.246575 0.000000
vt 0.917808 0.000000
vt 0.232877 0.000000
vt 0.931507 0.000000
vt 0.219178 0.000000
vt 0.945205 0.000000
vt 0.205479 0.000000
vt 0.958904 0.000000
vt 0.191781 0.000000
vt 0.972603 0.000000
vt 0.178082 0.000000
vt 0.986301 0.000000
vt 0.164384 0.000000
vt 0.150685 0.000000
vt 0.013699 0.000000
vt 0.027397 0.000000
vt 0.041096 0.000000
vt 0.054795 0.000000
vt 0.068493 0.000000
vt 0.082192 0.000000
vt 0.095890 0.000000
vt 0.109589 0.000000
vt 0.123288 0.000000
vt 0.136986 0.000000
vt 0.808219 0.000000
vt 0.794521 0.000000
vt 0.780822 0.000000
vt 0.767123 0.000000
vt 0.753425 0.000000
vt 0.739726 0.000000
vt 0.726027 0.000000
vt 0.712329 0.000000
vt 0.698630 0.000000
vt 0.684932 0.000000
vt 0.671233 0.000000
vt 0.657534 0.000000
vt 0.643836 0.000000
vt 0.630137 0.000000
vt 0.616438 0.000000
vt 0.589041 0.000000
vt 0.547945 0.000000
vt 0.506849 0.000000
vt 0.493151 0.000000
vt 0.479452 0.000000
vt 0.465753 0.000000
vt 0.452055 0.000000
vt 0.438356 0.000000
vt 0.424658 0.000000
vt 0.410959 0.000000
vt 0.397260 0.000000
vt 0.602740 0.000000
vt 0.575342 0.000000
vt 0.561644 0.000000
vt 0.534247 0.000000
vt 0.520548 0.000000
vt 0.383562 0.000000
vt 0.369863 0.000000
vt 0.356164 0.000000
vt 0.342466 0.000000
vt 0.918129 0.000000
vt 0.929825 0.000000
vt 0.923977 0.000000
vt 0.935673 0.000000
vt 0.912281 0.000000
vt 0.941520 0.000000
vt 0.906433 0.000000
vt 0.900585 0.000000
vt 0.953216 0.000000
vt 0.959064 0.000000
vt 0.888889 0.000000
vt 0.964912 0.000000
vt 0.883041 0.000000
vt 0.970760 0.000000
vt 0.877193 0.000000
vt 0.976608 0.000000
vt 0.871345 0.000000
vt 0.982456 0.000000
vt 0.865497 0.000000
vt 0.988304 0.000000
vt 0.859649 0.000000
vt 0.994152 0.000000
vt 0.853801 0.000000
vt 0.847953 0.000000
vt 0.432749 0.000000
vt 0.438596 0.000000
vt 0.836257 0.000000
vt 0.444444 0.000000
vt 0.830409 0.000000
vt 0.450292 0.000000
vt 0.824561 0.000000
vt 0.456140 0.000000
vt 0.818713 0.000000
vt 0.461988 0.000000
vt 0.812865 0.000000
vt 0.467836 0.000000
vt 0.807018 0.000000
vt 0.801170 0.000000
vt 0.479532 0.000000
vt 0.795322 0.000000
vt 0.485380 0.000000
vt 0.491228 0.000000
vt 0.783626 0.000000
vt 0.497076 0.000000
vt 0.777778 0.000000
vt 0.502924 0.000000
vt 0.771930 0.000000
vt 0.508772 0.000000
vt 0.766082 0.000000
vt 0.514620 0.000000
vt 0.760234 0.000000
vt 0.520468 0.000000
vt 0.754386 0.000000
vt 0.748538 0.000000
vt 0.742690 0.000000
vt 0.532164 0.000000
vt 0.538012 0.000000
vt 0.730994 0.000000
vt 0.725146 0.000000
vt 0.543860 0.000000
vt 0.719298 0.000000
vt 0.549708 0.000000
vt 0.713450 0.000000
vt 0.555556 0.000000
vt 0.707602 0.000000
vt 0.561404 0.000000
vt 0.701754 0.000000
vt 0.695906 0.000000
vt 0.567251 0.000000
vt 0.690058 0.000000
vt 0.573099 0.000000
vt 0.678363 0.000000
vt 0.672515 0.000000
vt 0.584795 0.000000
vt 0.660819 0.000000
vt 0.590643 0.000000
vt 0.654971 0.000000
vt 0.649123 0.000000
vt 0.596491 0.000000
vt 0.643275 0.000000
vt 0.637427 0.000000
vt 0.602339 0.000000
vt 0.608187 0.000000
vt 0.614035 0.000000
vt 0.619883 0.000000
vt 0.625731 0.000000
vt 0.345029 0.000000
vt 0.356725 0.000000
vt 0.350877 0.000000
vt 0.362573 0.000000
vt 0.339181 0.000000
vt 0.374269 0.000000
vt 0.380117 0.000000
vt 0.327485 0.000000
vt 0.385965 0.000000
vt 0.321637 0.000000
vt 0.391813 0.000000
vt 0.397661 0.000000
vt 0.309942 0.000000
vt 0.403509 0.000000
vt 0.304094 0.000000
vt 0.409357 0.000000
vt 0.298246 0.000000
vt 0.415205 0.000000
vt 0.292398 0.000000
vt 0.286550 0.000000
vt 0.426901 0.000000
vt 0.280702 0.000000
vt 0.274854 0.000000
vt 0.269006 0.000000
vt 0.005848 0.000000
vt 0.011696 0.000000
vt 0.257310 0.000000
vt 0.017544 0.000000
vt 0.251462 0.000000
vt 0.023392 0.000000
vt 0.245614 0.000000
vt 0.029240 0.000000
vt 0.239766 0.000000
vt 0.035088 0.000000
vt 0.233918 0.000000
vt 0.040936 0.000000
vt 0.228070 0.000000
vt 0.046784 0.000000
vt 0.222222 0.000000
vt 0.216374 0.000000
vt 0.058480 0.000000
vt 0.064327 0.000000
vt 0.204678 0.000000
vt 0.070175 0.000000
vt 0.076023 0.000000
vt 0.198830 0.000000
vt 0.081871 0.000000
vt 0.192982 0.000000
vt 0.087719 0.000000
vt 0.187135 0.000000
vt 0.093567 0.000000
vt 0.181287 0.000000
vt 0.099415 0.000000
vt 0.175439 0.000000
vt 0.169591 0.000000
vt 0.111111 0.000000
vt 0.163743 0.000000
vt 0.116959 0.000000
vt 0.122807 0.000000
vt 0.152047 0.000000
vt 0.128655 0.000000
vt 0.146199 0.000000
vt 0.134503 0.000000
vt 0.140351 0.000000
vt 0.324324 0.000000
vt 0.337838 0.000000
vt 0.331081 0.000000
vt 0.344595 0.000000
vt 0.351351 0.000000
vt 0.567568 0.000000
vt 0.581081 0.000000
vt 0.574324 0.000000
vt 0.358108 0.000000
vt 0.560811 0.000000
vt 0.554054 0.000000
vt 0.364865 0.000000
vt 0.547297 0.000000
vt 0.371622 0.000000
vt 0.540541 0.000000
vt 0.378378 0.000000
vt 0.533784 0.000000
vt 0.527027 0.000000
vt 0.385135 0.000000
vt 0.520270 0.000000
vt 0.391892 0.000000
vt 0.513514 0.000000
vt 0.398649 0.000000
vt 0.506757 0.000000
vt 0.405405 0.000000
vt 0.412162 0.000000
vt 0.493243 0.000000
vt 0.418919 0.000000
vt 0.425676 0.000000
vt 0.432432 0.000000
vt 0.439189 0.000000
vt 0.445946 0.000000
vt 0.452703 0.000000
vt 0.459459 0.000000
vt 0.466216 0.000000
vt 0.472973 0.000000
vt 0.479730 0.000000
vt 0.486486 0.000000
vt 0.317568 0.000000
vt 0.310811 0.000000
vt 0.304054 0.000000
vt 0.297297 0.000000
vt 0.290541 0.000000
vt 0.283784 0.000000
vt 0.277027 0.000000
vt 0.587838 0.000000
vt 0.594595 0.000000
vt 0.270270 0.000000
vt 0.601351 0.000000
vt 0.608108 0.000000
vt 0.263514 0.000000
vt 0.614865 0.000000
vt 0.621622 0.000000
vt 0.256757 0.000000
vt 0.628378 0.000000
vt 0.635135 0.000000
vt 0.641892 0.000000
vt 0.648649 0.000000
vt 0.243243 0.000000
vt 0.655405 0.000000
vt 0.236486 0.000000
vt 0.229730 0.000000
vt 0.222973 0.000000
vt 0.216216 0.000000
vt 0.202703 0.000000
vt 0.195946 0.000000
vt 0.189189 0.000000
vt 0.182432 0.000000
vt 0.175676 0.000000
vt 0.168919 0.000000
vt 0.162162 0.000000
vt 0.662162 0.000000
vt 0.209459 0.000000
vt 0.155405 0.000000
vt 0.148649 0.000000
vt 0.006757 0.000000
vt 0.141892 0.000000
vt 0.013514 0.000000
vt 0.135135 0.000000
vt 0.020270 0.000000
vt 0.128378 0.000000
vt 0.027027 0.000000
vt 0.121622 0.000000
vt 0.905405 0.000000
vt 0.918919 0.000000
vt 0.912162 0.000000
vt 0.925676 0.000000
vt 0.898649 0.000000
vt 0.891892 0.000000
vt 0.033784 0.000000
vt 0.114865 0.000000
vt 0.885135 0.000000
vt 0.878378 0.000000
vt 0.871622 0.000000
vt 0.864865 0.000000
vt 0.040541 0.000000
vt 0.108108 0.000000
vt 0.858108 0.000000
vt 0.851351 0.000000
vt 0.844595 0.000000
vt 0.101351 0.000000
vt 0.837838 0.000000
vt 0.047297 0.000000
vt 0.932432 0.000000
vt 0.831081 0.000000
vt 0.824324 0.000000
vt 0.094595 0.000000
vt 0.054054 0.000000
vt 0.087838 0.000000
vt 0.081081 0.000000
vt 0.060811 0.000000
vt 0.817568 0.000000
vt 0.074324 0.000000
vt 0.939189 0.000000
vt 0.067568 0.000000
vt 0.810811 0.000000
vt 0.945946 0.000000
vt 0.804054 0.000000
vt 0.797297 0.000000
vt 0.952703 0.000000
vt 0.790541 0.000000
vt 0.959459 0.000000
vt 0.783784 0.000000
vt 0.777027 0.000000
vt 0.966216 0.000000
vt 0.770270 0.000000
vt 0.972973 0.000000
vt 0.763514 0.000000
vt 0.756757 0.000000
vt 0.979730 0.000000
vt 0.986486 0.000000
vt 0.743243 0.000000
vt 0.736486 0.000000
vt 0.729730 0.000000
vt 0.722973 0.000000
vt 0.716216 0.000000
vt 0.709459 0.000000
vt 0.702703 0.000000
vt 0.695946 0.000000
vt 0.689189 0.000000
vt 0.993243 0.000000
vt 0.682432 0.000000
vt 0.675676 0.000000
vt 0.668919 0.000000
vt 0.130841 0.000000
vt 0.149533 0.000000
vt 0.140187 0.000000
vt 0.364486 0.000000
vt 0.383178 0.000000
vt 0.373832 0.000000
vt 0.355140 0.000000
vt 0.158879 0.000000
vt 0.345794 0.000000
vt 0.168224 0.000000
vt 0.336449 0.000000
vt 0.177570 0.000000
vt 0.327103 0.000000
vt 0.186916 0.000000
vt 0.317757 0.000000
vt 0.196262 0.000000
vt 0.308411 0.000000
vt 0.205607 0.000000
vt 0.299065 0.000000
vt 0.214953 0.000000
vt 0.289720 0.000000
vt 0.224299 0.000000
vt 0.280374 0.000000
vt 0.233645 0.000000
vt 0.271028 0.000000
vt 0.242991 0.000000
vt 0.261682 0.000000
vt 0.252336 0.000000
vt 0.121495 0.000000
vt 0.112150 0.000000
vt 0.102804 0.000000
vt 0.093458 0.000000
vt 0.084112 0.000000
vt 0.074766 0.000000
vt 0.065421 0.000000
vt 0.056075 0.000000
vt 0.046729 0.000000
vt 0.037383 0.000000
vt 0.028037 0.000000
vt 0.018692 0.000000
vt 0.009346 0.000000
vt 0.504673 0.000000
vt 0.495327 0.000000
vt 0.485981 0.000000
vt 0.476636 0.000000
vt 0.467290 0.000000
vt 0.457944 0.000000
vt 0.448598 0.000000
vt 0.439252 0.000000
vt 0.429907 0.000000
vt 0.420561 0.000000
vt 0.411215 0.000000
vt 0.401869 0.000000
vt 0.392523 0.000000
vt 0.514019 0.000000
vt 0.878505 0.000000
vt 0.897196 0.000000
vt 0.887850 0.000000
vt 0.626168 0.000000
vt 0.644860 0.000000
vt 0.635514 0.000000
vt 0.616822 0.000000
vt 0.906542 0.000000
vt 0.607477 0.000000
vt 0.915888 0.000000
vt 0.598131 0.000000
vt 0.925234 0.000000
vt 0.588785 0.000000
vt 0.934579 0.000000
vt 0.579439 0.000000
vt 0.943925 0.000000
vt 0.570093 0.000000
vt 0.953271 0.000000
vt 0.560748 0.000000
vt 0.962617 0.000000
vt 0.551402 0.000000
vt 0.971963 0.000000
vt 0.542056 0.000000
vt 0.981308 0.000000
vt 0.532710 0.000000
vt 0.990654 0.000000
vt 0.523364 0.000000
vt 0.869159 0.000000
vt 0.859813 0.000000
vt 0.850467 0.000000
vt 0.841121 0.000000
vt 0.831776 0.000000
vt 0.822430 0.000000
vt 0.813084 0.000000
vt 0.803738 0.000000
vt 0.794393 0.000000
vt 0.785047 0.000000
vt 0.775701 0.000000
vt 0.766355 0.000000
vt 0.757009 0.000000
vt 0.747664 0.000000
vt 0.738318 0.000000
vt 0.728972 0.000000
vt 0.719626 0.000000
vt 0.710280 0.000000
vt 0.700935 0.000000
vt 0.691589 0.000000
vt 0.682243 0.000000
vt 0.672897 0.000000
vt 0.663551 0.000000
vt 0.654206 0.000000
vt 0.009259 1.000000
vt 0.000000 1.000000
vt 0.018519 1.000000
vt 0.009259 0.000000
vt 0.027778 1.000000
vt 0.018519 0.000000
vt 0.037037 1.000000
vt 0.027778 0.000000
vt 0.046296 1.000000
vt 0.037037 0.000000
vt 0.055556 1.000000
vt 0.046296 0.000000
vt 0.064815 1.000000
vt 0.055556 0.000000
vt 0.074074 1.000000
vt 0.064815 0.000000
vt 0.083333 1.000000
vt 0.074074 0.000000
vt 0.092593 1.000000
vt 0.083333 0.000000
vt 0.101852 1.000000
vt 0.092593 0.000000
vt 0.111111 1.000000
vt 0.101852 0.000000
vt 0.120370 1.000000
vt 0.129630 1.000000
vt 0.120370 0.000000
vt 0.138889 1.000000
vt 0.129630 0.000000
vt 0.148148 1.000000
vt 0.138889 0.000000
vt 0.157407 1.000000
vt 0.148148 0.000000
vt 0.166667 1.000000
vt 0.157407 0.000000
vt 0.175926 1.000000
vt 0.166667 0.000000
vt 0.185185 1.000000
vt 0.175926 0.000000
vt 0.194444 1.000000
vt 0.185185 0.000000
vt 0.203704 1.000000
vt 0.194444 0.000000
vt 0.212963 1.000000
vt 0.203704 0.000000
vt 0.222222 1.000000
vt 0.212963 0.000000
vt 0.231481 1.000000
vt 0.240741 1.000000
vt 0.231481 0.000000
vt 0.250000 1.000000
vt 0.240741 0.000000
vt 0.259259 1.000000
vt 0.268519 1.000000
vt 0.259259 0.000000
vt 0.277778 1.000000
vt 0.268519 0.000000
vt 0.287037 1.000000
vt 0.277778 0.000000
vt 0.296296 1.000000
vt 0.287037 0.000000
vt 0.305556 1.000000
vt 0.296296 0.000000
vt 0.314815 1.000000
vt 0.305556 0.000000
vt 0.324074 1.000000
vt 0.314815 0.000000
vt 0.333333 1.000000
vt 0.324074 0.000000
vt 0.342593 1.000000
vt 0.351852 1.000000
vt 0.342593 0.000000
vt 0.361111 1.000000
vt 0.351852 0.000000
vt 0.370370 1.000000
vt 0.361111 0.000000
vt 0.379630 1.000000
vt 0.370370 0.000000
vt 0.388889 1.000000
vt 0.379630 0.000000
vt 0.398148 1.000000
vt 0.388889 0.000000
vt 0.407407 1.000000
vt 0.398148 0.000000
vt 0.416667 1.000000
vt 0.407407 0.000000
vt 0.425926 1.000000
vt 0.416667 0.000000
vt 0.435185 1.000000
vt 0.425926 0.000000
vt 0.444444 1.000000
vt 0.435185 0.000000
vt 0.453704 1.000000
vt 0.462963 1.000000
vt 0.453704 0.000000
vt 0.472222 1.000000
vt 0.462963 0.000000
vt 0.481481 1.000000
vt 0.472222 0.000000
vt 0.490741 1.000000
vt 0.481481 0.000000
vt 0.500000 1.000000
vt 0.490741 0.000000
vt 0.509259 1.000000
vt 0.518519 1.000000
vt 0.509259 0.000000
vt 0.527778 1.000000
vt 0.518519 0.000000
vt 0.537037 1.000000
vt 0.527778 0.000000
vt 0.546296 1.000000
vt 0.537037 0.000000
vt 0.555556 1.000000
vt 0.546296 0.000000
vt 0.564815 1.000000
vt 0.574074 1.000000
vt 0.564815 0.000000
vt 0.583333 1.000000
vt 0.574074 0.000000
vt 0.592593 1.000000
vt 0.583333 0.000000
vt 0.601852 1.000000
vt 0.592593 0.000000
vt 0.611111 1.000000
vt 0.601852 0.000000
vt 0.620370 1.000000
vt 0.611111 0.000000
vt 0.629630 1.000000
vt 0.620370 0.000000
vt 0.638889 1.000000
vt 0.629630 0.000000
vt 0.648148 1.000000
vt 0.638889 0.000000
vt 0.657407 1.000000
vt 0.648148 0.000000
vt 0.666667 1.000000
vt 0.657407 0.000000
vt 0.675926 1.000000
vt 0.685185 1.000000
vt 0.675926 0.000000
vt 0.694444 1.000000
vt 0.685185 0.000000
vt 0.703704 1.000000
vt 0.694444 0.000000
vt 0.712963 1.000000
vt 0.703704 0.000000
vt 0.722222 1.000000
vt 0.712963 0.000000
vt 0.731481 1.000000
vt 0.722222 0.000000
vt 0.740741 1.000000
vt 0.731481 0.000000
vt 0.750000 1.000000
vt 0.740741 0.000000
vt 0.759259 1.000000
vt 0.768519 1.000000
vt 0.759259 0.000000
vt 0.777778 1.000000
vt 0.768519 0.000000
vt 0.787037 1.000000
vt 0.796296 1.000000
vt 0.787037 0.000000
vt 0.805556 1.000000
vt 0.796296 0.000000
vt 0.814815 1.000000
vt 0.805556 0.000000
vt 0.824074 1.000000
vt 0.814815 0.000000
vt 0.833333 1.000000
vt 0.824074 0.000000
vt 0.842593 1.000000
vt 0.833333 0.000000
vt 0.851852 1.000000
vt 0.842593 0.000000
vt 0.861111 1.000000
vt 0.851852 0.000000
vt 0.870370 1.000000
vt 0.861111 0.000000
vt 0.879630 1.000000
vt 0.870370 0.000000
vt 0.888889 1.000000
vt 0.879630 0.000000
vt 0.898148 1.000000
vt 0.907407 1.000000
vt 0.898148 0.000000
vt 0.916667 1.000000
vt 0.907407 0.000000
vt 0.925926 1.000000
vt 0.916667 0.000000
vt 0.935185 1.000000
vt 0.925926 0.000000
vt 0.944444 1.000000
vt 0.935185 0.000000
vt 0.953704 1.000000
vt 0.944444 0.000000
vt 0.962963 1.000000
vt 0.953704 0.000000
vt 0.972222 1.000000
vt 0.962963 0.000000
vt 0.981481 1.000000
vt 0.972222 0.000000
vt 0.990741 1.000000
vt 0.981481 0.000000
vt 1.000000 1.000000
vt 0.990741 0.000000
vt 0.010101 1.000000
vt 0.020202 1.000000
vt 0.010101 0.000000
vt 0.030303 1.000000
vt 0.020202 0.000000
vt 0.040404 1.000000
vt 0.030303 0.000000
vt 0.050505 1.000000
vt 0.040404 0.000000
vt 0.060606 1.000000
vt 0.050505 0.000000
vt 0.070707 1.000000
vt 0.060606 0.000000
vt 0.080808 1.000000
vt 0.070707 0.000000
vt 0.090909 1.000000
vt 0.080808 0.000000
vt 0.101010 1.000000
vt 0.101010 0.000000
vt 0.121212 1.000000
vt 0.131313 1.000000
vt 0.121212 0.000000
vt 0.141414 1.000000
vt 0.131313 0.000000
vt 0.151515 1.000000
vt 0.141414 0.000000
vt 0.161616 1.000000
vt 0.151515 0.000000
vt 0.171717 1.000000
vt 0.161616 0.000000
vt 0.181818 1.000000
vt 0.171717 0.000000
vt 0.191919 1.000000
vt 0.202020 1.000000
vt 0.191919 0.000000
vt 0.212121 1.000000
vt 0.202020 0.000000
vt 0.212121 0.000000
vt 0.232323 1.000000
vt 0.242424 1.000000
vt 0.232323 0.000000
vt 0.252525 1.000000
vt 0.242424 0.000000
vt 0.262626 1.000000
vt 0.252525 0.000000
vt 0.272727 1.000000
vt 0.262626 0.000000
vt 0.282828 1.000000
vt 0.292929 1.000000
vt 0.282828 0.000000
vt 0.303030 1.000000
vt 0.292929 0.000000
vt 0.313131 1.000000
vt 0.303030 0.000000
vt 0.323232 1.000000
vt 0.313131 0.000000
vt 0.323232 0.000000
vt 0.343434 1.000000
vt 0.353535 1.000000
vt 0.343434 0.000000
vt 0.363636 1.000000
vt 0.353535 0.000000
vt 0.373737 1.000000
vt 0.383838 1.000000
vt 0.373737 0.000000
vt 0.393939 1.000000
vt 0.383838 0.000000
vt 0.404040 1.000000
vt 0.393939 0.000000
vt 0.414141 1.000000
vt 0.404040 0.000000
vt 0.424242 1.000000
vt 0.414141 0.000000
vt 0.434343 1.000000
vt 0.424242 0.000000
vt 0.434343 0.000000
vt 0.454545 1.000000
vt 0.464646 1.000000
vt 0.474747 1.000000
vt 0.464646 0.000000
vt 0.484848 1.000000
vt 0.474747 0.000000
vt 0.494949 1.000000
vt 0.484848 0.000000
vt 0.505050 1.000000
vt 0.494949 0.000000
vt 0.515152 1.000000
vt 0.505050 0.000000
vt 0.525253 1.000000
vt 0.515152 0.000000
vt 0.535354 1.000000
vt 0.525253 0.000000
vt 0.545455 1.000000
vt 0.535354 0.000000
vt 0.565657 1.000000
vt 0.575758 1.000000
vt 0.565657 0.000000
vt 0.585859 1.000000
vt 0.575758 0.000000
vt 0.595960 1.000000
vt 0.585859 0.000000
vt 0.606061 1.000000
vt 0.595960 0.000000
vt 0.616162 1.000000
vt 0.606061 0.000000
vt 0.626263 1.000000
vt 0.616162 0.000000
vt 0.636364 1.000000
vt 0.626263 0.000000
vt 0.646465 1.000000
vt 0.656566 1.000000
vt 0.646465 0.000000
vt 0.656566 0.000000
vt 0.676768 1.000000
vt 0.686869 1.000000
vt 0.676768 0.000000
vt 0.696970 1.000000
vt 0.686869 0.000000
vt 0.707071 1.000000
vt 0.696970 0.000000
vt 0.717172 1.000000
vt 0.707071 0.000000
vt 0.727273 1.000000
vt 0.717172 0.000000
vt 0.737374 1.000000
vt 0.747475 1.000000
vt 0.737374 0.000000
vt 0.757576 1.000000
vt 0.747475 0.000000
vt 0.767677 1.000000
vt 0.757576 0.000000
vt 0.767677 0.000000
vt 0.787879 1.000000
vt 0.797980 1.000000
vt 0.787879 0.000000
vt 0.808081 1.000000
vt 0.797980 0.000000
vt 0.818182 1.000000
vt 0.808081 0.000000
vt 0.828283 1.000000
vt 0.838384 1.000000
vt 0.828283 0.000000
vt 0.848485 1.000000
vt 0.838384 0.000000
vt 0.858586 1.000000
vt 0.848485 0.000000
vt 0.868687 1.000000
vt 0.858586 0.000000
vt 0.878788 1.000000
vt 0.868687 0.000000
vt 0.878788 0.000000
vt 0.898990 1.000000
vt 0.909091 1.000000
vt 0.898990 0.000000
vt 0.919192 1.000000
vt 0.929293 1.000000
vt 0.919192 0.000000
vt 0.939394 1.000000
vt 0.929293 0.000000
vt 0.949495 1.000000
vt 0.939394 0.000000
vt 0.959596 1.000000
vt 0.949495 0.000000
vt 0.969697 1.000000
vt 0.959596 0.000000
vt 0.979798 1.000000
vt 0.969697 0.000000
vt 0.989899 1.000000
vt 0.979798 0.000000
vt 0.989899 0.000000
vt 0.020000 1.000000
vt 0.040000 1.000000
vt 0.020000 0.000000
vt 0.060000 1.000000
vt 0.040000 0.000000
vt 0.080000 1.000000
vt 0.060000 0.000000
vt 0.100000 1.000000
vt 0.080000 0.000000
vt 0.120000 1.000000
vt 0.100000 0.000000
vt 0.140000 1.000000
vt 0.120000 0.000000
vt 0.160000 1.000000
vt 0.140000 0.000000
vt 0.180000 1.000000
vt 0.160000 0.000000
vt 0.200000 1.000000
vt 0.180000 0.000000
vt 0.220000 1.000000
vt 0.240000 1.000000
vt 0.220000 0.000000
vt 0.260000 1.000000
vt 0.240000 0.000000
vt 0.280000 1.000000
vt 0.260000 0.000000
vt 0.300000 1.000000
vt 0.280000 0.000000
vt 0.320000 1.000000
vt 0.300000 0.000000
vt 0.340000 1.000000
vt 0.320000 0.000000
vt 0.360000 1.000000
vt 0.340000 0.000000
vt 0.380000 1.000000
vt 0.360000 0.000000
vt 0.400000 1.000000
vt 0.380000 0.000000
vt 0.420000 1.000000
vt 0.440000 1.000000
vt 0.420000 0.000000
vt 0.460000 1.000000
vt 0.440000 0.000000
vt 0.480000 1.000000
vt 0.460000 0.000000
vt 0.480000 0.000000
vt 0.520000 1.000000
vt 0.540000 1.000000
vt 0.520000 0.000000
vt 0.560000 1.000000
vt 0.540000 0.000000
vt 0.580000 1.000000
vt 0.560000 0.000000
vt 0.600000 1.000000
vt 0.580000 0.000000
vt 0.620000 1.000000
vt 0.640000 1.000000
vt 0.620000 0.000000
vt 0.660000 1.000000
vt 0.640000 0.000000
vt 0.680000 1.000000
vt 0.660000 0.000000
vt 0.700000 1.000000
vt 0.680000 0.000000
vt 0.720000 1.000000
vt 0.700000 0.000000
vt 0.740000 1.000000
vt 0.720000 0.000000
vt 0.760000 1.000000
vt 0.740000 0.000000
vt 0.780000 1.000000
vt 0.760000 0.000000
vt 0.800000 1.000000
vt 0.780000 0.000000
vt 0.820000 1.000000
vt 0.840000 1.000000
vt 0.820000 0.000000
vt 0.860000 1.000000
vt 0.840000 0.000000
vt 0.880000 1.000000
vt 0.860000 0.000000
vt 0.900000 1.000000
vt 0.880000 0.000000
vt 0.920000 1.000000
vt 0.900000 0.000000
vt 0.940000 1.000000
vt 0.920000 0.000000
vt 0.960000 1.000000
vt 0.940000 0.000000
vt 0.980000 1.000000
vt 0.960000 0.000000
vt 0.980000 0.000000
vt 0.010204 1.000000
vt 0.020408 1.000000
vt 0.010204 0.000000
vt 0.030612 1.000000
vt 0.020408 0.000000
vt 0.040816 1.000000
vt 0.030612 0.000000
vt 0.051020 1.000000
vt 0.040816 0.000000
vt 0.061224 1.000000
vt 0.051020 0.000000
vt 0.071429 1.000000
vt 0.061224 0.000000
vt 0.081633 1.000000
vt 0.071429 0.000000
vt 0.091837 1.000000
vt 0.081633 0.000000
vt 0.102041 1.000000
vt 0.091837 0.000000
vt 0.112245 1.000000
vt 0.102041 0.000000
vt 0.122449 1.000000
vt 0.112245 0.000000
vt 0.132653 1.000000
vt 0.122449 0.000000
vt 0.142857 1.000000
vt 0.132653 0.000000
vt 0.153061 1.000000
vt 0.163265 1.000000
vt 0.153061 0.000000
vt 0.173469 1.000000
vt 0.163265 0.000000
vt 0.183673 1.000000
vt 0.173469 0.000000
vt 0.193878 1.000000
vt 0.183673 0.000000
vt 0.204082 1.000000
vt 0.193878 0.000000
vt 0.214286 1.000000
vt 0.204082 0.000000
vt 0.224490 1.000000
vt 0.214286 0.000000
vt 0.234694 1.000000
vt 0.224490 0.000000
vt 0.244898 1.000000
vt 0.234694 0.000000
vt 0.255102 1.000000
vt 0.244898 0.000000
vt 0.265306 1.000000
vt 0.255102 0.000000
vt 0.275510 1.000000
vt 0.265306 0.000000
vt 0.285714 1.000000
vt 0.275510 0.000000
vt 0.295918 1.000000
vt 0.306122 1.000000
vt 0.295918 0.000000
vt 0.316327 1.000000
vt 0.306122 0.000000
vt 0.326531 1.000000
vt 0.316327 0.000000
vt 0.336735 1.000000
vt 0.326531 0.000000
vt 0.346939 1.000000
vt 0.336735 0.000000
vt 0.357143 1.000000
vt 0.346939 0.000000
vt 0.367347 1.000000
vt 0.357143 0.000000
vt 0.377551 1.000000
vt 0.367347 0.000000
vt 0.387755 1.000000
vt 0.377551 0.000000
vt 0.397959 1.000000
vt 0.387755 0.000000
vt 0.408163 1.000000
vt 0.397959 0.000000
vt 0.418367 1.000000
vt 0.408163 0.000000
vt 0.428571 1.000000
vt 0.418367 0.000000
vt 0.438776 1.000000
vt 0.448980 1.000000
vt 0.438776 0.000000
vt 0.459184 1.000000
vt 0.448980 0.000000
vt 0.469388 1.000000
vt 0.459184 0.000000
vt 0.479592 1.000000
vt 0.469388 0.000000
vt 0.489796 1.000000
vt 0.479592 0.000000
vt 0.489796 0.000000
vt 0.510204 1.000000
vt 0.520408 1.000000
vt 0.510204 0.000000
vt 0.530612 1.000000
vt 0.520408 0.000000
vt 0.540816 1.000000
vt 0.530612 0.000000
vt 0.551020 1.000000
vt 0.540816 0.000000
vt 0.561224 1.000000
vt 0.551020 0.000000
vt 0.571429 1.000000
vt 0.561224 0.000000
vt 0.581633 1.000000
vt 0.591837 1.000000
vt 0.581633 0.000000
vt 0.602041 1.000000
vt 0.591837 0.000000
vt 0.612245 1.000000
vt 0.602041 0.000000
vt 0.622449 1.000000
vt 0.612245 0.000000
vt 0.632653 1.000000
vt 0.622449 0.000000
vt 0.642857 1.000000
vt 0.632653 0.000000
vt 0.653061 1.000000
vt 0.642857 0.000000
vt 0.663265 1.000000
vt 0.653061 0.000000
vt 0.673469 1.000000
vt 0.663265 0.000000
vt 0.683673 1.000000
vt 0.673469 0.000000
vt 0.693878 1.000000
vt 0.683673 0.000000
vt 0.704082 1.000000
vt 0.693878 0.000000
vt 0.714286 1.000000
vt 0.704082 0.000000
vt 0.724490 1.000000
vt 0.734694 1.000000
vt 0.724490 0.000000
vt 0.744898 1.000000
vt 0.734694 0.000000
vt 0.755102 1.000000
vt 0.744898 0.000000
vt 0.765306 1.000000
vt 0.755102 0.000000
vt 0.775510 1.000000
vt 0.765306 0.000000
vt 0.785714 1.000000
vt 0.775510 0.000000
vt 0.795918 1.000000
vt 0.785714 0.000000
vt 0.806122 1.000000
vt 0.795918 0.000000
vt 0.816327 1.000000
vt 0.806122 0.000000
vt 0.826531 1.000000
vt 0.816327 0.000000
vt 0.836735 1.000000
vt 0.826531 0.000000
vt 0.846939 1.000000
vt 0.836735 0.000000
vt 0.857143 1.000000
vt 0.846939 0.000000
vt 0.867347 1.000000
vt 0.877551 1.000000
vt 0.867347 0.000000
vt 0.887755 1.000000
vt 0.877551 0.000000
vt 0.897959 1.000000
vt 0.887755 0.000000
vt 0.908163 1.000000
vt 0.897959 0.000000
vt 0.918367 1.000000
vt 0.908163 0.000000
vt 0.928571 1.000000
vt 0.918367 0.000000
vt 0.938776 1.000000
vt 0.928571 0.000000
vt 0.948980 1.000000
vt 0.938776 0.000000
vt 0.959184 1.000000
vt 0.948980 0.000000
vt 0.969388 1.000000
vt 0.959184 0.000000
vt 0.979592 1.000000
vt 0.969388 0.000000
vt 0.989796 1.000000
vt 0.979592 0.000000
vt 0.989796 0.000000
vt 0.013514 1.000000
vt 0.027027 1.000000
vt 0.040541 1.000000
vt 0.054054 1.000000
vt 0.067568 1.000000
vt 0.081081 1.000000
vt 0.094595 1.000000
vt 0.108108 1.000000
vt 0.121622 1.000000
vt 0.135135 1.000000
vt 0.148649 1.000000
vt 0.162162 1.000000
vt 0.175676 1.000000
vt 0.189189 1.000000
vt 0.202703 1.000000
vt 0.216216 1.000000
vt 0.229730 1.000000
vt 0.243243 1.000000
vt 0.256757 1.000000
vt 0.270270 1.000000
vt 0.283784 1.000000
vt 0.297297 1.000000
vt 0.310811 1.000000
vt 0.324324 1.000000
vt 0.337838 1.000000
vt 0.351351 1.000000
vt 0.364865 1.000000
vt 0.378378 1.000000
vt 0.391892 1.000000
vt 0.405405 1.000000
vt 0.418919 1.000000
vt 0.432432 1.000000
vt 0.445946 1.000000
vt 0.459459 1.000000
vt 0.472973 1.000000
vt 0.486486 1.000000
vt 0.513514 1.000000
vt 0.527027 1.000000
vt 0.540541 1.000000
vt 0.554054 1.000000
vt 0.567568 1.000000
vt 0.581081 1.000000
vt 0.594595 1.000000
vt 0.608108 1.000000
vt 0.621622 1.000000
vt 0.635135 1.000000
vt 0.648649 1.000000
vt 0.662162 1.000000
vt 0.675676 1.000000
vt 0.689189 1.000000
vt 0.702703 1.000000
vt 0.716216 1.000000
vt 0.729730 1.000000
vt 0.743243 1.000000
vt 0.756757 1.000000
vt 0.770270 1.000000
vt 0.783784 1.000000
vt 0.797297 1.000000
vt 0.810811 1.000000
vt 0.824324 1.000000
vt 0.837838 1.000000
vt 0.851351 1.000000
vt 0.864865 1.000000
vt 0.878378 1.000000
vt 0.891892 1.000000
vt 0.905405 1.000000
vt 0.918919 1.000000
vt 0.932432 1.000000
vt 0.945946 1.000000
vt 0.959459 1.000000
vt 0.972973 1.000000
vt 0.986486 1.000000
vt 0.009434 1.000000
vt 0.018868 1.000000
vt 0.009434 0.000000
vt 0.028302 1.000000
vt 0.018868 0.000000
vt 0.037736 1.000000
vt 0.028302 0.000000
vt 0.047170 1.000000
vt 0.037736 0.000000
vt 0.056604 1.000000
vt 0.047170 0.000000
vt 0.066038 1.000000
vt 0.056604 0.000000
vt 0.075472 1.000000
vt 0.066038 0.000000
vt 0.084906 1.000000
vt 0.075472 0.000000
vt 0.094340 1.000000
vt 0.084906 0.000000
vt 0.103774 1.000000
vt 0.094340 0.000000
vt 0.113208 1.000000
vt 0.103774 0.000000
vt 0.122642 1.000000
vt 0.113208 0.000000
vt 0.132075 1.000000
vt 0.122642 0.000000
vt 0.141509 1.000000
vt 0.132075 0.000000
vt 0.150943 1.000000
vt 0.141509 0.000000
vt 0.160377 1.000000
vt 0.150943 0.000000
vt 0.169811 1.000000
vt 0.160377 0.000000
vt 0.179245 1.000000
vt 0.169811 0.000000
vt 0.188679 1.000000
vt 0.179245 0.000000
vt 0.198113 1.000000
vt 0.188679 0.000000
vt 0.207547 1.000000
vt 0.198113 0.000000
vt 0.216981 1.000000
vt 0.207547 0.000000
vt 0.226415 1.000000
vt 0.216981 0.000000
vt 0.235849 1.000000
vt 0.226415 0.000000
vt 0.245283 1.000000
vt 0.235849 0.000000
vt 0.254717 1.000000
vt 0.245283 0.000000
vt 0.264151 1.000000
vt 0.254717 0.000000
vt 0.273585 1.000000
vt 0.264151 0.000000
vt 0.283019 1.000000
vt 0.273585 0.000000
vt 0.292453 1.000000
vt 0.283019 0.000000
vt 0.301887 1.000000
vt 0.292453 0.000000
vt 0.311321 1.000000
vt 0.301887 0.000000
vt 0.320755 1.000000
vt 0.311321 0.000000
vt 0.330189 1.000000
vt 0.320755 0.000000
vt 0.339623 1.000000
vt 0.330189 0.000000
vt 0.349057 1.000000
vt 0.339623 0.000000
vt 0.358491 1.000000
vt 0.349057 0.000000
vt 0.367925 1.000000
vt 0.358491 0.000000
vt 0.377358 1.000000
vt 0.367925 0.000000
vt 0.386792 1.000000
vt 0.377358 0.000000
vt 0.396226 1.000000
vt 0.386792 0.000000
vt 0.405660 1.000000
vt 0.396226 0.000000
vt 0.415094 1.000000
vt 0.405660 0.000000
vt 0.424528 1.000000
vt 0.415094 0.000000
vt 0.433962 1.000000
vt 0.424528 0.000000
vt 0.443396 1.000000
vt 0.433962 0.000000
vt 0.452830 1.000000
vt 0.443396 0.000000
vt 0.462264 1.000000
vt 0.452830 0.000000
vt 0.471698 1.000000
vt 0.462264 0.000000
vt 0.481132 1.000000
vt 0.471698 0.000000
vt 0.490566 1.000000
vt 0.481132 0.000000
vt 0.490566 0.000000
vt 0.509434 1.000000
vt 0.518868 1.000000
vt 0.509434 0.000000
vt 0.528302 1.000000
vt 0.518868 0.000000
vt 0.537736 1.000000
vt 0.528302 0.000000
vt 0.547170 1.000000
vt 0.537736 0.000000
vt 0.556604 1.000000
vt 0.547170 0.000000
vt 0.566038 1.000000
vt 0.556604 0.000000
vt 0.575472 1.000000
vt 0.566038 0.000000
vt 0.584906 1.000000
vt 0.575472 0.000000
vt 0.594340 1.000000
vt 0.584906 0.000000
vt 0.603774 1.000000
vt 0.594340 0.000000
vt 0.613208 1.000000
vt 0.603774 0.000000
vt 0.622642 1.000000
vt 0.613208 0.000000
vt 0.632075 1.000000
vt 0.622642 0.000000
vt 0.641509 1.000000
vt 0.632075 0.000000
vt 0.650943 1.000000
vt 0.641509 0.000000
vt 0.660377 1.000000
vt 0.650943 0.000000
vt 0.669811 1.000000
vt 0.660377 0.000000
vt 0.679245 1.000000
vt 0.669811 0.000000
vt 0.688679 1.000000
vt 0.679245 0.000000
vt 0.698113 1.000000
vt 0.688679 0.000000
vt 0.707547 1.000000
vt 0.698113 0.000000
vt 0.716981 1.000000
vt 0.707547 0.000000
vt 0.726415 1.000000
vt 0.716981 0.000000
vt 0.735849 1.000000
vt 0.726415 0.000000
vt 0.745283 1.000000
vt 0.735849 0.000000
vt 0.754717 1.000000
vt 0.745283 0.000000
vt 0.764151 1.000000
vt 0.754717 0.000000
vt 0.773585 1.000000
vt 0.764151 0.000000
vt 0.783019 1.000000
vt 0.773585 0.000000
vt 0.792453 1.000000
vt 0.783019 0.000000
vt 0.801887 1.000000
vt 0.792453 0.000000
vt 0.811321 1.000000
vt 0.801887 0.000000
vt 0.820755 1.000000
vt 0.811321 0.000000
vt 0.830189 1.000000
vt 0.820755 0.000000
vt 0.839623 1.000000
vt 0.830189 0.000000
vt 0.849057 1.000000
vt 0.839623 0.000000
vt 0.858491 1.000000
vt 0.849057 0.000000
vt 0.867925 1.000000
vt 0.858491 0.000000
vt 0.877358 1.000000
vt 0.867925 0.000000
vt 0.886792 1.000000
vt 0.877358 0.000000
vt 0.896226 1.000000
vt 0.886792 0.000000
vt 0.905660 1.000000
vt 0.896226 0.000000
vt 0.915094 1.000000
vt 0.905660 0.000000
vt 0.924528 1.000000
vt 0.915094 0.000000
vt 0.933962 1.000000
vt 0.924528 0.000000
vt 0.943396 1.000000
vt 0.933962 0.000000
vt 0.952830 1.000000
vt 0.943396 0.000000
vt 0.962264 1.000000
vt 0.952830 0.000000
vt 0.971698 1.000000
vt 0.962264 0.000000
vt 0.981132 1.000000
vt 0.971698 0.000000
vt 0.990566 1.000000
vt 0.981132 0.000000
vt 0.990566 0.000000
vt 0.012987 1.000000
vt 0.025974 1.000000
vt 0.012987 0.000000
vt 0.038961 1.000000
vt 0.025974 0.000000
vt 0.051948 1.000000
vt 0.038961 0.000000
vt 0.064935 1.000000
vt 0.051948 0.000000
vt 0.077922 1.000000
vt 0.064935 0.000000
vt 0.077922 0.000000
vt 0.103896 1.000000
vt 0.116883 1.000000
vt 0.103896 0.000000
vt 0.129870 1.000000
vt 0.116883 0.000000
vt 0.129870 0.000000
vt 0.155844 1.000000
vt 0.168831 1.000000
vt 0.155844 0.000000
vt 0.168831 0.000000
vt 0.194805 1.000000
vt 0.207792 1.000000
vt 0.194805 0.000000
vt 0.220779 1.000000
vt 0.207792 0.000000
vt 0.233766 1.000000
vt 0.220779 0.000000
vt 0.246753 1.000000
vt 0.233766 0.000000
vt 0.259740 1.000000
vt 0.246753 0.000000
vt 0.259740 0.000000
vt 0.298701 1.000000
vt 0.311688 1.000000
vt 0.298701 0.000000
vt 0.324675 1.000000
vt 0.311688 0.000000
vt 0.337662 1.000000
vt 0.324675 0.000000
vt 0.350649 1.000000
vt 0.337662 0.000000
vt 0.350649 0.000000
vt 0.376623 1.000000
vt 0.389610 1.000000
vt 0.376623 0.000000
vt 0.402597 1.000000
vt 0.389610 0.000000
vt 0.415584 1.000000
vt 0.402597 0.000000
vt 0.415584 0.000000
vt 0.441558 1.000000
vt 0.441558 0.000000
vt 0.467532 1.000000
vt 0.480519 1.000000
vt 0.467532 0.000000
vt 0.493506 1.000000
vt 0.480519 0.000000
vt 0.506494 1.000000
vt 0.493506 0.000000
vt 0.519481 1.000000
vt 0.506494 0.000000
vt 0.532468 1.000000
vt 0.519481 0.000000
vt 0.532468 0.000000
vt 0.558442 1.000000
vt 0.558442 0.000000
vt 0.584416 1.000000
vt 0.597403 1.000000
vt 0.584416 0.000000
vt 0.610390 1.000000
vt 0.597403 0.000000
vt 0.623377 1.000000
vt 0.610390 0.000000
vt 0.623377 0.000000
vt 0.649351 1.000000
vt 0.662338 1.000000
vt 0.649351 0.000000
vt 0.675325 1.000000
vt 0.662338 0.000000
vt 0.688312 1.000000
vt 0.675325 0.000000
vt 0.701299 1.000000
vt 0.688312 0.000000
vt 0.701299 0.000000
vt 0.740260 1.000000
vt 0.753247 1.000000
vt 0.740260 0.000000
vt 0.766234 1.000000
vt 0.753247 0.000000
vt 0.779221 1.000000
vt 0.766234 0.000000
vt 0.792208 1.000000
vt 0.779221 0.000000
vt 0.805195 1.000000
vt 0.792208 0.000000
vt 0.805195 0.000000
vt 0.831169 1.000000
vt 0.844156 1.000000
vt 0.831169 0.000000
vt 0.844156 0.000000
vt 0.870130 1.000000
vt 0.883117 1.000000
vt 0.870130 0.000000
vt 0.896104 1.000000
vt 0.883117 0.000000
vt 0.896104 0.000000
vt 0.922078 1.000000
vt 0.935065 1.000000
vt 0.922078 0.000000
vt 0.948052 1.000000
vt 0.935065 0.000000
vt 0.961039 1.000000
vt 0.948052 0.000000
vt 0.974026 1.000000
vt 0.961039 0.000000
vt 0.987013 1.000000
vt 0.974026 0.000000
vt 0.987013 0.000000
vt 0.011236 1.000000
vt 0.022472 1.000000
vt 0.011236 0.000000
vt 0.033708 1.000000
vt 0.022472 0.000000
vt 0.044944 1.000000
vt 0.033708 0.000000
vt 0.056180 1.000000
vt 0.044944 0.000000
vt 0.067416 1.000000
vt 0.056180 0.000000
vt 0.078652 1.000000
vt 0.067416 0.000000
vt 0.089888 1.000000
vt 0.078652 0.000000
vt 0.101124 1.000000
vt 0.089888 0.000000
vt 0.112360 1.000000
vt 0.101124 0.000000
vt 0.123596 1.000000
vt 0.112360 0.000000
vt 0.134831 1.000000
vt 0.123596 0.000000
vt 0.146067 1.000000
vt 0.134831 0.000000
vt 0.157303 1.000000
vt 0.146067 0.000000
vt 0.168539 1.000000
vt 0.157303 0.000000
vt 0.179775 1.000000
vt 0.168539 0.000000
vt 0.191011 1.000000
vt 0.179775 0.000000
vt 0.202247 1.000000
vt 0.191011 0.000000
vt 0.213483 1.000000
vt 0.202247 0.000000
vt 0.224719 1.000000
vt 0.213483 0.000000
vt 0.235955 1.000000
vt 0.224719 0.000000
vt 0.247191 1.000000
vt 0.235955 0.000000
vt 0.258427 1.000000
vt 0.247191 0.000000
vt 0.269663 1.000000
vt 0.258427 0.000000
vt 0.280899 1.000000
vt 0.269663 0.000000
vt 0.292135 1.000000
vt 0.280899 0.000000
vt 0.303371 1.000000
vt 0.292135 0.000000
vt 0.314607 1.000000
vt 0.303371 0.000000
vt 0.325843 1.000000
vt 0.314607 0.000000
vt 0.337079 1.000000
vt 0.325843 0.000000
vt 0.348315 1.000000
vt 0.337079 0.000000
vt 0.359551 1.000000
vt 0.348315 0.000000
vt 0.370787 1.000000
vt 0.359551 0.000000
vt 0.382022 1.000000
vt 0.370787 0.000000
vt 0.393258 1.000000
vt 0.382022 0.000000
vt 0.404494 1.000000
vt 0.393258 0.000000
vt 0.415730 1.000000
vt 0.404494 0.000000
vt 0.426966 1.000000
vt 0.415730 0.000000
vt 0.438202 1.000000
vt 0.426966 0.000000
vt 0.449438 1.000000
vt 0.438202 0.000000
vt 0.460674 1.000000
vt 0.449438 0.000000
vt 0.471910 1.000000
vt 0.460674 0.000000
vt 0.483146 1.000000
vt 0.471910 0.000000
vt 0.494382 1.000000
vt 0.483146 0.000000
vt 0.505618 1.000000
vt 0.494382 0.000000
vt 0.516854 1.000000
vt 0.505618 0.000000
vt 0.528090 1.000000
vt 0.516854 0.000000
vt 0.539326 1.000000
vt 0.528090 0.000000
vt 0.550562 1.000000
vt 0.539326 0.000000
vt 0.561798 1.000000
vt 0.550562 0.000000
vt 0.573034 1.000000
vt 0.561798 0.000000
vt 0.584270 1.000000
vt 0.573034 0.000000
vt 0.595506 1.000000
vt 0.584270 0.000000
vt 0.606742 1.000000
vt 0.595506 0.000000
vt 0.617977 1.000000
vt 0.606742 0.000000
vt 0.629214 1.000000
vt 0.617977 0.000000
vt 0.640449 1.000000
vt 0.629214 0.000000
vt 0.651685 1.000000
vt 0.640449 0.000000
vt 0.662921 1.000000
vt 0.651685 0.000000
vt 0.674157 1.000000
vt 0.662921 0.000000
vt 0.685393 1.000000
vt 0.674157 0.000000
vt 0.696629 1.000000
vt 0.685393 0.000000
vt 0.707865 1.000000
vt 0.696629 0.000000
vt 0.719101 1.000000
vt 0.707865 0.000000
vt 0.730337 1.000000
vt 0.719101 0.000000
vt 0.741573 1.000000
vt 0.730337 0.000000
vt 0.752809 1.000000
vt 0.741573 0.000000
vt 0.764045 1.000000
vt 0.752809 0.000000
vt 0.775281 1.000000
vt 0.764045 0.000000
vt 0.786517 1.000000
vt 0.775281 0.000000
vt 0.797753 1.000000
vt 0.786517 0.000000
vt 0.808989 1.000000
vt 0.797753 0.000000
vt 0.820225 1.000000
vt 0.808989 0.000000
vt 0.831461 1.000000
vt 0.820225 0.000000
vt 0.842697 1.000000
vt 0.831461 0.000000
vt 0.853933 1.000000
vt 0.842697 0.000000
vt 0.865169 1.000000
vt 0.853933 0.000000
vt 0.876405 1.000000
vt 0.865169 0.000000
vt 0.887640 1.000000
vt 0.876405 0.000000
vt 0.898876 1.000000
vt 0.887640 0.000000
vt 0.910112 1.000000
vt 0.898876 0.000000
vt 0.921348 1.000000
vt 0.910112 0.000000
vt 0.932584 1.000000
vt 0.921348 0.000000
vt 0.943820 1.000000
vt 0.932584 0.000000
vt 0.955056 1.000000
vt 0.943820 0.000000
vt 0.966292 1.000000
vt 0.955056 0.000000
vt 0.977528 1.000000
vt 0.966292 0.000000
vt 0.988764 1.000000
vt 0.977528 0.000000
vt 0.988764 0.000000
s 0
usemtl マテリアル.003
f 11/1/1 13/2/1 12/3/1
f 11/1/1 14/4/1 13/2/1
f 11/1/1 15/5/1 14/4/1
f 10/6/1 15/5/1 11/1/1
f 10/6/1 16/7/1 15/5/1
f 9/8/1 16/7/1 10/6/1
f 9/8/1 17/9/1 16/7/1
f 8/10/1 17/9/1 9/8/1
f 8/10/1 18/11/1 17/9/1
f 7/12/1 18/11/1 8/10/1
f 7/12/1 19/13/1 18/11/1
f 6/14/1 19/13/1 7/12/1
f 6/14/1 20/15/1 19/13/1
f 5/16/1 20/15/1 6/14/1
f 5/16/1 21/17/1 20/15/1
f 4/18/1 21/17/1 5/16/1
f 4/18/1 22/19/1 21/17/1
f 3/20/1 22/19/1 4/18/1
f 3/20/1 23/21/1 22/19/1
f 2/22/1 23/21/1 3/20/1
f 2/22/1 24/23/1 23/21/1
f 1/24/1 24/23/1 2/22/1
f 1/24/1 25/25/1 24/23/1
f 89/26/1 25/25/1 1/24/1
f 88/27/1 25/25/1 89/26/1
f 88/27/1 26/28/1 25/25/1
f 87/29/1 26/28/1 88/27/1
f 86/30/1 26/28/1 87/29/1
f 85/31/1 26/28/1 86/30/1
f 85/31/1 27/32/1 26/28/1
f 85/31/1 28/33/1 27/32/1
f 84/34/1 28/33/1 85/31/1
f 84/34/1 29/35/1 28/33/1
f 84/34/1 30/36/1 29/35/1
f 84/34/1 31/37/1 30/36/1
f 84/34/1 32/38/1 31/37/1
f 83/39/1 51/40/1 84/34/1
f 51/40/1 32/38/1 84/34/1
f 51/40/1 33/41/1 32/38/1
f 83/39/1 52/42/1 51/40/1
f 50/43/1 33/41/1 51/40/1
f 50/43/1 34/44/1 33/41/1
f 49/45/1 34/44/1 50/43/1
f 49/45/1 35/46/1 34/44/1
f 48/47/1 35/46/1 49/45/1
f 47/48/1 35/46/1 48/47/1
f 47/48/1 36/49/1 35/46/1
f 46/50/1 36/49/1 47/48/1
f 46/50/1 37/51/1 36/49/1
f 82/52/1 52/42/1 83/39/1
f 45/53/1 37/51/1 46/50/1
f 45/53/1 38/54/1 37/51/1
f 44/55/1 38/54/1 45/53/1
f 44/55/1 43/56/1 38/54/1
f 43/56/1 42/57/1 38/54/1
f 42/57/1 41/58/1 38/54/1
f 41/58/1 40/59/1 38/54/1
f 40/59/1 39/60/1 38/54/1
f 81/61/1 52/42/1 82/52/1
f 80/62/1 52/42/1 81/61/1
f 79/63/1 52/42/1 80/62/1
f 78/64/1 52/42/1 79/63/1
f 77/65/1 52/42/1 78/64/1
f 76/66/1 52/42/1 77/65/1
f 76/66/1 53/67/1 52/42/1
f 76/66/1 54/68/1 53/67/1
f 75/69/1 54/68/1 76/66/1
f 75/69/1 55/70/1 54/68/1
f 74/71/1 55/70/1 75/69/1
f 74/71/1 56/72/1 55/70/1
f 73/73/1 56/72/1 74/71/1
f 73/73/1 57/74/1 56/72/1
f 72/75/1 57/74/1 73/73/1
f 72/75/1 58/76/1 57/74/1
f 71/77/1 58/76/1 72/75/1
f 71/77/1 59/78/1 58/76/1
f 70/79/1 59/78/1 71/77/1
f 70/79/1 60/80/1 59/78/1
f 69/81/1 60/80/1 70/79/1
f 69/81/1 61/82/1 60/80/1
f 68/83/1 61/82/1 69/81/1
f 68/83/1 62/84/1 61/82/1
f 67/85/1 62/84/1 68/83/1
f 67/85/1 63/86/1 62/84/1
f 66/87/1 63/86/1 67/85/1
f 66/87/1 64/88/1 63/86/1
f 65/89/1 64/88/1 66/87/1
f 100/90/1 102/91/1 101/92/1
f 99/93/1 102/91/1 100/90/1
f 98/94/1 102/91/1 99/93/1
f 98/94/1 103/95/1 102/91/1
f 97/96/1 103/95/1 98/94/1
f 97/96/1 104/97/1 103/95/1
f 96/98/1 104/97/1 97/96/1
f 96/98/1 105/99/1 104/97/1
f 95/100/1 105/99/1 96/98/1
f 95/100/1 106/101/1 105/99/1
f 94/102/1 106/101/1 95/100/1
f 94/102/1 107/103/1 106/101/1
f 93/104/1 107/103/1 94/102/1
f 93/104/1 108/105/1 107/103/1
f 92/106/1 108/105/1 93/104/1
f 92/106/1 109/21/1 108/105/1
f 91/107/1 109/21/1 92/106/1
f 91/107/1 110/108/1 109/21/1
f 90/24/1 110/108/1 91/107/1
f 90/24/1 111/109/1 110/108/1
f 166/26/1 111/109/1 90/24/1
f 166/26/1 112/110/1 111/109/1
f 165/111/1 112/110/1 166/26/1
f 165/111/1 113/112/1 112/110/1
f 164/113/1 113/112/1 165/111/1
f 164/113/1 114/114/1 113/112/1
f 163/115/1 114/114/1 164/113/1
f 163/115/1 141/116/1 114/114/1
f 141/116/1 115/117/1 114/114/1
f 162/118/1 141/116/1 163/115/1
f 161/119/1 141/116/1 162/118/1
f 160/120/1 141/116/1 161/119/1
f 160/120/1 142/121/1 141/116/1
f 140/122/1 115/117/1 141/116/1
f 159/123/1 142/121/1 160/120/1
f 159/123/1 143/124/1 142/121/1
f 158/125/1 143/124/1 159/123/1
f 158/125/1 144/126/1 143/124/1
f 157/127/1 144/126/1 158/125/1
f 157/127/1 145/128/1 144/126/1
f 156/129/1 145/128/1 157/127/1
f 156/129/1 146/130/1 145/128/1
f 155/131/1 146/130/1 156/129/1
f 154/132/1 146/130/1 155/131/1
f 154/132/1 147/85/1 146/130/1
f 153/133/1 147/85/1 154/132/1
f 153/133/1 148/134/1 147/85/1
f 153/133/1 149/135/1 148/134/1
f 153/133/1 150/136/1 149/135/1
f 153/133/1 151/137/1 150/136/1
f 153/133/1 152/138/1 151/137/1
f 139/139/1 115/117/1 140/122/1
f 139/139/1 116/140/1 115/117/1
f 139/139/1 117/141/1 116/140/1
f 138/142/1 117/141/1 139/139/1
f 138/142/1 118/143/1 117/141/1
f 137/144/1 118/143/1 138/142/1
f 137/144/1 119/145/1 118/143/1
f 136/146/1 119/145/1 137/144/1
f 136/146/1 120/147/1 119/145/1
f 135/148/1 120/147/1 136/146/1
f 135/148/1 121/149/1 120/147/1
f 134/150/1 121/149/1 135/148/1
f 134/150/1 122/151/1 121/149/1
f 133/152/1 122/151/1 134/150/1
f 133/152/1 123/153/1 122/151/1
f 132/154/1 123/153/1 133/152/1
f 132/154/1 124/155/1 123/153/1
f 131/156/1 124/155/1 132/154/1
f 131/156/1 125/157/1 124/155/1
f 130/158/1 125/157/1 131/156/1
f 130/158/1 126/159/1 125/157/1
f 129/160/1 126/159/1 130/158/1
f 129/160/1 127/161/1 126/159/1
f 128/53/1 127/161/1 129/160/1
f 179/162/1 181/163/1 180/164/1
f 179/162/1 182/165/1 181/163/1
f 178/166/1 182/165/1 179/162/1
f 178/166/1 183/167/1 182/165/1
f 177/168/1 183/167/1 178/166/1
f 177/168/1 184/169/1 183/167/1
f 176/170/1 184/169/1 177/168/1
f 176/170/1 185/171/1 184/169/1
f 175/172/1 185/171/1 176/170/1
f 175/172/1 186/173/1 185/171/1
f 174/174/1 186/173/1 175/172/1
f 174/174/1 187/175/1 186/173/1
f 173/176/1 187/175/1 174/174/1
f 173/176/1 188/177/1 187/175/1
f 172/178/1 188/177/1 173/176/1
f 172/178/1 189/179/1 188/177/1
f 171/180/1 189/179/1 172/178/1
f 171/180/1 190/181/1 189/179/1
f 170/182/1 190/181/1 171/180/1
f 170/182/1 191/183/1 190/181/1
f 169/184/1 191/183/1 170/182/1
f 169/184/1 192/185/1 191/183/1
f 168/186/1 192/185/1 169/184/1
f 168/186/1 193/187/1 192/185/1
f 167/24/1 193/187/1 168/186/1
f 167/24/1 194/188/1 193/187/1
f 259/189/1 261/190/1 260/191/1
f 259/189/1 262/192/1 261/190/1
f 206/193/1 208/194/1 207/195/1
f 259/189/1 263/196/1 262/192/1
f 205/197/1 208/194/1 206/193/1
f 259/189/1 264/198/1 263/196/1
f 204/199/1 208/194/1 205/197/1
f 259/189/1 265/200/1 264/198/1
f 203/201/1 208/194/1 204/199/1
f 259/189/1 266/202/1 265/200/1
f 202/203/1 208/194/1 203/201/1
f 259/189/1 267/204/1 266/202/1
f 201/205/1 208/194/1 202/203/1
f 259/189/1 268/206/1 267/204/1
f 200/207/1 208/194/1 201/205/1
f 199/208/1 208/194/1 200/207/1
f 259/189/1 269/209/1 268/206/1
f 198/210/1 208/194/1 199/208/1
f 259/189/1 270/211/1 269/209/1
f 197/212/1 208/194/1 198/210/1
f 259/189/1 271/213/1 270/211/1
f 196/214/1 208/194/1 197/212/1
f 259/189/1 272/26/1 271/213/1
f 195/215/1 208/194/1 196/214/1
f 259/189/1 167/24/1 272/26/1
f 259/189/1 194/188/1 167/24/1
f 259/189/1 195/215/1 194/188/1
f 259/189/1 258/216/1 195/215/1
f 258/216/1 257/217/1 195/215/1
f 257/217/1 256/218/1 195/215/1
f 256/218/1 255/219/1 195/215/1
f 255/219/1 254/220/1 195/215/1
f 254/220/1 253/221/1 195/215/1
f 253/221/1 252/222/1 195/215/1
f 252/222/1 251/223/1 195/215/1
f 251/223/1 250/224/1 195/215/1
f 250/224/1 249/225/1 195/215/1
f 249/225/1 248/226/1 195/215/1
f 248/226/1 247/227/1 195/215/1
f 247/227/1 246/228/1 195/215/1
f 246/228/1 221/229/1 195/215/1
f 221/229/1 220/230/1 195/215/1
f 220/230/1 219/231/1 195/215/1
f 219/231/1 218/232/1 195/215/1
f 218/232/1 217/233/1 195/215/1
f 217/233/1 216/234/1 195/215/1
f 216/234/1 215/235/1 195/215/1
f 215/235/1 214/236/1 195/215/1
f 214/236/1 213/237/1 195/215/1
f 213/237/1 212/238/1 195/215/1
f 212/238/1 211/239/1 195/215/1
f 211/239/1 210/240/1 195/215/1
f 210/240/1 209/241/1 195/215/1
f 209/241/1 208/194/1 195/215/1
f 245/242/1 221/229/1 246/228/1
f 245/242/1 222/243/1 221/229/1
f 244/244/1 222/243/1 245/242/1
f 244/244/1 223/245/1 222/243/1
f 243/246/1 223/245/1 244/244/1
f 243/246/1 224/247/1 223/245/1
f 242/248/1 224/247/1 243/246/1
f 242/248/1 225/249/1 224/247/1
f 241/250/1 225/249/1 242/248/1
f 241/250/1 226/251/1 225/249/1
f 240/252/1 226/251/1 241/250/1
f 240/252/1 227/253/1 226/251/1
f 239/254/1 227/253/1 240/252/1
f 239/254/1 228/255/1 227/253/1
f 238/256/1 228/255/1 239/254/1
f 238/256/1 229/257/1 228/255/1
f 237/258/1 229/257/1 238/256/1
f 236/259/1 229/257/1 237/258/1
f 236/259/1 230/260/1 229/257/1
f 235/261/1 230/260/1 236/259/1
f 235/261/1 231/262/1 230/260/1
f 234/263/1 231/262/1 235/261/1
f 234/263/1 232/264/1 231/262/1
f 233/265/1 232/264/1 234/263/1
f 333/266/1 335/267/1 334/268/1
f 295/269/1 297/270/1 296/271/1
f 333/266/1 336/272/1 335/267/1
f 294/273/1 297/270/1 295/269/1
f 333/266/1 337/274/1 336/272/1
f 293/275/1 297/270/1 294/273/1
f 333/266/1 338/276/1 337/274/1
f 292/277/1 297/270/1 293/275/1
f 333/266/1 339/278/1 338/276/1
f 291/279/1 297/270/1 292/277/1
f 333/266/1 340/280/1 339/278/1
f 290/281/1 297/270/1 291/279/1
f 333/266/1 341/282/1 340/280/1
f 289/283/1 297/270/1 290/281/1
f 333/266/1 342/284/1 341/282/1
f 288/285/1 297/270/1 289/283/1
f 333/266/1 343/286/1 342/284/1
f 287/287/1 297/270/1 288/285/1
f 333/266/1 344/288/1 343/286/1
f 286/289/1 297/270/1 287/287/1
f 333/266/1 345/290/1 344/288/1
f 285/291/1 297/270/1 286/289/1
f 333/266/1 346/26/1 345/290/1
f 284/292/1 297/270/1 285/291/1
f 333/266/1 273/24/1 346/26/1
f 333/266/1 274/293/1 273/24/1
f 333/266/1 275/294/1 274/293/1
f 333/266/1 276/295/1 275/294/1
f 333/266/1 277/296/1 276/295/1
f 333/266/1 278/297/1 277/296/1
f 333/266/1 279/298/1 278/297/1
f 333/266/1 280/299/1 279/298/1
f 333/266/1 281/300/1 280/299/1
f 333/266/1 282/301/1 281/300/1
f 333/266/1 283/302/1 282/301/1
f 333/266/1 284/292/1 283/302/1
f 333/266/1 332/303/1 284/292/1
f 332/303/1 331/304/1 284/292/1
f 331/304/1 330/305/1 284/292/1
f 330/305/1 329/306/1 284/292/1
f 329/306/1 328/307/1 284/292/1
f 328/307/1 327/308/1 284/292/1
f 327/308/1 326/309/1 284/292/1
f 326/309/1 325/310/1 284/292/1
f 325/310/1 324/311/1 284/292/1
f 324/311/1 323/312/1 284/292/1
f 323/312/1 322/313/1 284/292/1
f 322/313/1 321/314/1 284/292/1
f 321/314/1 320/315/1 284/292/1
f 320/315/1 319/316/1 284/292/1
f 319/316/1 318/317/1 284/292/1
f 318/317/1 316/318/1 284/292/1
f 316/318/1 313/319/1 284/292/1
f 313/319/1 310/320/1 284/292/1
f 310/320/1 309/321/1 284/292/1
f 309/321/1 308/322/1 284/292/1
f 308/322/1 307/323/1 284/292/1
f 307/323/1 306/324/1 284/292/1
f 306/324/1 305/325/1 284/292/1
f 305/325/1 304/326/1 284/292/1
f 304/326/1 303/327/1 284/292/1
f 303/327/1 302/328/1 284/292/1
f 302/328/1 297/270/1 284/292/1
f 317/329/1 316/318/1 318/317/1
f 315/330/1 313/319/1 316/318/1
f 314/331/1 313/319/1 315/330/1
f 312/332/2 310/320/2 313/319/2
f 311/333/1 310/320/1 312/332/1
f 301/334/3 297/270/3 302/328/3
f 300/335/1 297/270/1 301/334/1
f 299/336/1 297/270/1 300/335/1
f 298/337/4 297/270/4 299/336/4
f 504/338/1 506/339/1 505/340/1
f 504/338/1 507/341/1 506/339/1
f 503/342/1 507/341/1 504/338/1
f 503/342/1 508/343/1 507/341/1
f 502/344/1 508/343/1 503/342/1
f 502/344/1 509/118/1 508/343/1
f 501/345/1 509/118/1 502/344/1
f 501/345/1 510/346/1 509/118/1
f 500/125/1 510/346/1 501/345/1
f 500/125/1 511/347/1 510/346/1
f 499/348/1 511/347/1 500/125/1
f 499/348/1 512/349/1 511/347/1
f 498/350/1 512/349/1 499/348/1
f 498/350/1 513/351/1 512/349/1
f 497/352/1 513/351/1 498/350/1
f 497/352/1 514/353/1 513/351/1
f 496/354/1 514/353/1 497/352/1
f 496/354/1 515/355/1 514/353/1
f 495/356/1 515/355/1 496/354/1
f 495/356/1 516/357/1 515/355/1
f 494/358/1 516/357/1 495/356/1
f 494/358/1 517/359/1 516/357/1
f 493/360/1 517/359/1 494/358/1
f 493/360/1 518/26/1 517/359/1
f 492/361/1 518/26/1 493/360/1
f 492/361/1 421/362/1 518/26/1
f 491/132/1 421/362/1 492/361/1
f 491/132/1 422/363/1 421/362/1
f 490/364/1 422/363/1 491/132/1
f 490/364/1 423/365/1 422/363/1
f 489/366/1 423/365/1 490/364/1
f 489/366/1 424/367/1 423/365/1
f 488/368/1 424/367/1 489/366/1
f 488/368/1 425/369/1 424/367/1
f 487/370/1 425/369/1 488/368/1
f 487/370/1 426/371/1 425/369/1
f 486/372/1 426/371/1 487/370/1
f 486/372/1 427/373/1 426/371/1
f 485/374/1 427/373/1 486/372/1
f 485/374/1 428/159/1 427/373/1
f 484/375/1 428/159/1 485/374/1
f 484/375/1 429/376/1 428/159/1
f 483/377/1 429/376/1 484/375/1
f 483/377/1 430/378/1 429/376/1
f 482/136/1 430/378/1 483/377/1
f 482/136/1 431/379/1 430/378/1
f 481/380/1 431/379/1 482/136/1
f 481/380/1 432/381/1 431/379/1
f 480/382/1 432/381/1 481/380/1
f 480/382/1 433/383/1 432/381/1
f 479/384/1 433/383/1 480/382/1
f 479/384/1 434/385/1 433/383/1
f 478/386/1 434/385/1 479/384/1
f 478/386/1 435/387/1 434/385/1
f 477/388/1 435/387/1 478/386/1
f 477/388/1 436/389/1 435/387/1
f 476/390/1 436/389/1 477/388/1
f 475/391/1 436/389/1 476/390/1
f 475/391/1 437/158/1 436/389/1
f 474/392/1 437/158/1 475/391/1
f 474/392/1 438/393/1 437/158/1
f 473/130/1 438/393/1 474/392/1
f 473/130/1 439/394/1 438/393/1
f 472/395/1 439/394/1 473/130/1
f 471/396/1 439/394/1 472/395/1
f 471/396/1 440/397/1 439/394/1
f 470/398/1 440/397/1 471/396/1
f 470/398/1 441/399/1 440/397/1
f 469/400/1 441/399/1 470/398/1
f 469/400/1 442/401/1 441/399/1
f 468/402/1 442/401/1 469/400/1
f 468/402/1 443/403/1 442/401/1
f 467/404/1 443/403/1 468/402/1
f 466/405/1 443/403/1 467/404/1
f 466/405/1 444/406/1 443/403/1
f 465/407/1 444/406/1 466/405/1
f 465/407/1 445/408/1 444/406/1
f 464/121/1 445/408/1 465/407/1
f 463/409/1 445/408/1 464/121/1
f 463/409/1 446/150/1 445/408/1
f 462/410/1 446/150/1 463/409/1
f 462/410/1 447/411/1 446/150/1
f 461/258/1 447/411/1 462/410/1
f 460/412/1 447/411/1 461/258/1
f 460/412/1 448/413/1 447/411/1
f 459/414/1 448/413/1 460/412/1
f 458/415/1 448/413/1 459/414/1
f 458/415/1 449/416/1 448/413/1
f 457/417/1 449/416/1 458/415/1
f 456/418/1 449/416/1 457/417/1
f 456/418/1 450/419/1 449/416/1
f 456/418/1 451/420/1 450/419/1
f 456/418/1 452/421/1 451/420/1
f 456/418/1 453/422/1 452/421/1
f 456/418/1 454/423/1 453/422/1
f 456/418/1 455/142/1 454/423/1
f 406/424/1 408/425/1 407/426/1
f 406/424/1 409/427/1 408/425/1
f 406/424/1 410/143/1 409/427/1
f 405/428/1 410/143/1 406/424/1
f 405/428/1 411/429/1 410/143/1
f 404/203/1 411/429/1 405/428/1
f 404/203/1 412/430/1 411/429/1
f 403/431/1 412/430/1 404/203/1
f 403/431/1 413/432/1 412/430/1
f 402/433/1 413/432/1 403/431/1
f 402/433/1 414/434/1 413/432/1
f 401/114/1 414/434/1 402/433/1
f 401/114/1 415/435/1 414/434/1
f 400/436/1 415/435/1 401/114/1
f 400/436/1 416/437/1 415/435/1
f 399/438/1 416/437/1 400/436/1
f 399/438/1 417/439/1 416/437/1
f 398/440/1 417/439/1 399/438/1
f 398/440/1 418/441/1 417/439/1
f 397/442/1 418/441/1 398/440/1
f 397/442/1 419/151/1 418/441/1
f 396/443/1 419/151/1 397/442/1
f 396/443/1 420/444/1 419/151/1
f 395/445/1 420/444/1 396/443/1
f 394/446/1 420/444/1 395/445/1
f 394/446/1 347/24/1 420/444/1
f 393/447/1 347/24/1 394/446/1
f 393/447/1 348/448/1 347/24/1
f 392/108/1 348/448/1 393/447/1
f 392/108/1 349/449/1 348/448/1
f 391/450/1 349/449/1 392/108/1
f 391/450/1 350/451/1 349/449/1
f 390/452/1 350/451/1 391/450/1
f 390/452/1 351/453/1 350/451/1
f 389/454/1 351/453/1 390/452/1
f 389/454/1 352/455/1 351/453/1
f 388/456/1 352/455/1 389/454/1
f 388/456/1 353/457/1 352/455/1
f 387/458/1 353/457/1 388/456/1
f 387/458/1 354/459/1 353/457/1
f 386/460/1 354/459/1 387/458/1
f 386/460/1 355/461/1 354/459/1
f 385/462/1 355/461/1 386/460/1
f 385/462/1 356/102/1 355/461/1
f 384/463/1 356/102/1 385/462/1
f 384/463/1 357/464/1 356/102/1
f 383/101/1 357/464/1 384/463/1
f 383/101/1 358/465/1 357/464/1
f 382/466/1 358/465/1 383/101/1
f 382/466/1 359/467/1 358/465/1
f 382/466/1 360/468/1 359/467/1
f 381/469/1 360/468/1 382/466/1
f 381/469/1 361/470/1 360/468/1
f 380/471/1 361/470/1 381/469/1
f 380/471/1 362/472/1 361/470/1
f 379/473/1 362/472/1 380/471/1
f 379/473/1 363/474/1 362/472/1
f 378/475/1 363/474/1 379/473/1
f 378/475/1 364/476/1 363/474/1
f 377/477/1 364/476/1 378/475/1
f 377/477/1 365/94/1 364/476/1
f 376/478/1 365/94/1 377/477/1
f 376/478/1 366/479/1 365/94/1
f 375/480/1 366/479/1 376/478/1
f 375/480/1 367/481/1 366/479/1
f 374/91/1 367/481/1 375/480/1
f 374/91/1 368/482/1 367/481/1
f 373/483/1 368/482/1 374/91/1
f 373/483/1 369/484/1 368/482/1
f 372/485/1 369/484/1 373/483/1
f 372/485/1 370/486/1 369/484/1
f 371/487/1 370/486/1 372/485/1
f 567/488/1 569/489/1 568/490/1
f 567/488/1 570/491/1 569/489/1
f 567/488/1 571/492/1 570/491/1
f 603/493/1 605/494/1 604/495/1
f 567/488/1 572/496/1 571/492/1
f 602/497/1 605/494/1 603/493/1
f 601/498/1 605/494/1 602/497/1
f 567/488/1 573/499/1 572/496/1
f 600/500/1 605/494/1 601/498/1
f 567/488/1 574/501/1 573/499/1
f 599/502/1 605/494/1 600/500/1
f 567/488/1 575/503/1 574/501/1
f 598/504/1 605/494/1 599/502/1
f 597/505/1 605/494/1 598/504/1
f 567/488/1 576/506/1 575/503/1
f 596/507/1 605/494/1 597/505/1
f 567/488/1 577/508/1 576/506/1
f 595/509/1 605/494/1 596/507/1
f 567/488/1 578/510/1 577/508/1
f 594/511/1 605/494/1 595/509/1
f 567/488/1 579/512/1 578/510/1
f 593/53/1 605/494/1 594/511/1
f 567/488/1 580/513/1 579/512/1
f 592/514/1 605/494/1 593/53/1
f 567/488/1 581/515/1 580/513/1
f 567/488/1 582/516/1 581/515/1
f 567/488/1 583/517/1 582/516/1
f 567/488/1 584/518/1 583/517/1
f 567/488/1 585/519/1 584/518/1
f 567/488/1 586/520/1 585/519/1
f 567/488/1 587/521/1 586/520/1
f 567/488/1 588/522/1 587/521/1
f 567/488/1 589/523/1 588/522/1
f 567/488/1 590/524/1 589/523/1
f 567/488/1 591/525/1 590/524/1
f 567/488/1 592/514/1 591/525/1
f 567/488/1 566/526/1 592/514/1
f 566/526/1 565/527/1 592/514/1
f 565/527/1 564/528/1 592/514/1
f 564/528/1 563/529/1 592/514/1
f 563/529/1 562/530/1 592/514/1
f 562/530/1 561/531/1 592/514/1
f 561/531/1 605/494/1 592/514/1
f 561/531/1 560/532/1 605/494/1
f 560/532/1 606/533/1 605/494/1
f 560/532/1 607/534/1 606/533/1
f 560/532/5 559/535/5 607/534/5
f 559/535/1 608/536/1 607/534/1
f 559/535/1 609/537/1 608/536/1
f 559/535/5 558/538/5 609/537/5
f 558/538/1 610/539/1 609/537/1
f 558/538/1 611/540/1 610/539/1
f 558/538/1 557/541/1 611/540/1
f 557/541/1 612/542/1 611/540/1
f 557/541/1 613/543/1 612/542/1
f 557/541/1 556/21/1 613/543/1
f 556/21/1 614/544/1 613/543/1
f 556/21/1 615/545/1 614/544/1
f 556/21/1 555/546/1 615/545/1
f 555/546/1 616/547/1 615/545/1
f 555/546/1 554/548/1 616/547/1
f 554/548/1 553/549/1 616/547/1
f 553/549/1 552/550/1 616/547/1
f 552/550/1 551/551/1 616/547/1
f 551/551/1 549/552/1 616/547/1
f 549/552/1 548/553/1 616/547/1
f 548/553/1 547/554/1 616/547/1
f 547/554/1 546/555/1 616/547/1
f 546/555/1 545/556/1 616/547/1
f 545/556/1 544/557/1 616/547/1
f 544/557/1 543/558/1 616/547/1
f 543/558/1 617/559/1 616/547/1
f 550/560/1 549/552/1 551/551/1
f 542/561/1 617/559/1 543/558/1
f 542/561/1 519/24/1 617/559/1
f 541/562/1 519/24/1 542/561/1
f 541/562/1 520/563/1 519/24/1
f 540/564/1 520/563/1 541/562/1
f 540/564/1 521/565/1 520/563/1
f 539/566/1 521/565/1 540/564/1
f 539/566/1 522/567/1 521/565/1
f 538/568/1 522/567/1 539/566/1
f 538/568/1 523/569/1 522/567/1
f 537/570/1 523/569/1 538/568/1
f 653/571/1 655/572/1 654/573/1
f 653/571/1 656/574/1 655/572/1
f 652/575/1 656/574/1 653/571/1
f 651/576/1 656/574/1 652/575/1
f 537/570/1 524/577/1 523/569/1
f 536/578/1 524/577/1 537/570/1
f 650/579/1 656/574/1 651/576/1
f 649/580/1 656/574/1 650/579/1
f 648/581/1 656/574/1 649/580/1
f 647/582/1 656/574/1 648/581/1
f 536/578/1 525/583/1 524/577/1
f 535/584/1 525/583/1 536/578/1
f 646/585/1 656/574/1 647/582/1
f 645/586/1 656/574/1 646/585/1
f 644/587/1 656/574/1 645/586/1
f 534/588/1 525/583/1 535/584/1
f 643/589/1 656/574/1 644/587/1
f 534/588/1 526/590/1 525/583/1
f 643/589/1 657/591/1 656/574/1
f 642/592/1 657/591/1 643/589/1
f 641/593/1 657/591/1 642/592/1
f 533/594/1 526/590/1 534/588/1
f 533/594/1 527/595/1 526/590/1
f 532/596/1 527/595/1 533/594/1
f 531/597/1 527/595/1 532/596/1
f 531/597/1 528/598/1 527/595/1
f 640/599/1 657/591/1 641/593/1
f 530/600/1 528/598/1 531/597/1
f 640/599/1 658/601/1 657/591/1
f 530/600/1 529/602/1 528/598/1
f 639/603/1 658/601/1 640/599/1
f 639/603/1 659/604/1 658/601/1
f 638/605/1 659/604/1 639/603/1
f 637/606/1 659/604/1 638/605/1
f 637/606/1 660/607/1 659/604/1
f 636/608/1 660/607/1 637/606/1
f 636/608/1 661/609/1 660/607/1
f 635/610/1 661/609/1 636/608/1
f 634/611/1 661/609/1 635/610/1
f 634/611/1 662/612/1 661/609/1
f 633/613/1 662/612/1 634/611/1
f 633/613/1 663/614/1 662/612/1
f 632/615/1 663/614/1 633/613/1
f 631/616/1 663/614/1 632/615/1
f 631/616/1 664/617/1 663/614/1
f 630/85/1 664/617/1 631/616/1
f 630/85/1 665/618/1 664/617/1
f 629/619/1 665/618/1 630/85/1
f 628/620/1 665/618/1 629/619/1
f 627/621/1 665/618/1 628/620/1
f 626/622/1 665/618/1 627/621/1
f 625/623/1 665/618/1 626/622/1
f 624/624/1 665/618/1 625/623/1
f 623/625/1 665/618/1 624/624/1
f 622/626/1 665/618/1 623/625/1
f 621/627/1 665/618/1 622/626/1
f 621/627/1 666/628/1 665/618/1
f 620/629/1 666/628/1 621/627/1
f 619/630/1 666/628/1 620/629/1
f 618/631/1 666/628/1 619/630/1
f 667/26/1 666/628/1 618/631/1
f 682/632/1 684/633/1 683/634/1
f 707/635/1 709/636/1 708/637/1
f 706/638/1 709/636/1 707/635/1
f 682/632/1 685/639/1 684/633/1
f 705/640/1 709/636/1 706/638/1
f 682/632/1 686/641/1 685/639/1
f 704/642/1 709/636/1 705/640/1
f 682/632/1 687/643/1 686/641/1
f 703/644/1 709/636/1 704/642/1
f 682/632/1 688/645/1 687/643/1
f 702/646/1 709/636/1 703/644/1
f 682/632/1 689/647/1 688/645/1
f 701/648/1 709/636/1 702/646/1
f 682/632/1 690/649/1 689/647/1
f 700/650/1 709/636/1 701/648/1
f 682/632/1 691/651/1 690/649/1
f 699/652/1 709/636/1 700/650/1
f 682/632/1 692/653/1 691/651/1
f 698/654/1 709/636/1 699/652/1
f 682/632/1 693/655/1 692/653/1
f 697/656/1 709/636/1 698/654/1
f 682/632/1 694/657/1 693/655/1
f 696/658/1 709/636/1 697/656/1
f 682/632/1 695/659/1 694/657/1
f 682/632/1 696/658/1 695/659/1
f 682/632/1 681/660/1 696/658/1
f 681/660/1 680/661/1 696/658/1
f 680/661/1 679/662/1 696/658/1
f 679/662/1 678/663/1 696/658/1
f 678/663/1 677/664/1 696/658/1
f 677/664/1 676/665/1 696/658/1
f 676/665/1 675/666/1 696/658/1
f 675/666/1 674/667/1 696/658/1
f 674/667/1 673/668/1 696/658/1
f 673/668/1 672/669/1 696/658/1
f 672/669/1 671/670/1 696/658/1
f 671/670/1 670/671/1 696/658/1
f 670/671/1 669/672/1 696/658/1
f 669/672/1 722/673/1 696/658/1
f 722/673/1 721/674/1 696/658/1
f 721/674/1 720/675/1 696/658/1
f 720/675/1 719/676/1 696/658/1
f 719/676/1 718/677/1 696/658/1
f 718/677/1 717/678/1 696/658/1
f 717/678/1 716/679/1 696/658/1
f 716/679/1 715/680/1 696/658/1
f 715/680/1 714/681/1 696/658/1
f 714/681/1 713/682/1 696/658/1
f 713/682/1 712/683/1 696/658/1
f 712/683/1 711/684/1 696/658/1
f 711/684/1 710/685/1 696/658/1
f 710/685/1 709/636/1 696/658/1
f 668/24/1 722/673/1 669/672/1
f 668/24/1 723/686/1 722/673/1
f 762/687/1 764/688/1 763/689/1
f 735/690/1 737/691/1 736/692/1
f 734/693/1 737/691/1 735/690/1
f 762/687/1 765/694/1 764/688/1
f 733/695/1 737/691/1 734/693/1
f 762/687/1 766/696/1 765/694/1
f 732/697/1 737/691/1 733/695/1
f 762/687/1 767/698/1 766/696/1
f 731/699/1 737/691/1 732/697/1
f 762/687/1 768/700/1 767/698/1
f 730/701/1 737/691/1 731/699/1
f 762/687/1 769/702/1 768/700/1
f 729/703/1 737/691/1 730/701/1
f 762/687/1 770/704/1 769/702/1
f 728/705/1 737/691/1 729/703/1
f 762/687/1 771/706/1 770/704/1
f 727/707/1 737/691/1 728/705/1
f 762/687/1 772/708/1 771/706/1
f 726/709/1 737/691/1 727/707/1
f 762/687/1 773/710/1 772/708/1
f 725/711/1 737/691/1 726/709/1
f 762/687/1 774/712/1 773/710/1
f 724/713/1 737/691/1 725/711/1
f 762/687/1 775/26/1 774/712/1
f 762/687/1 668/24/1 775/26/1
f 762/687/1 723/686/1 668/24/1
f 762/687/1 724/713/1 723/686/1
f 762/687/1 761/714/1 724/713/1
f 761/714/1 760/715/1 724/713/1
f 760/715/1 759/716/1 724/713/1
f 759/716/1 758/717/1 724/713/1
f 758/717/1 757/718/1 724/713/1
f 757/718/1 756/719/1 724/713/1
f 756/719/1 755/720/1 724/713/1
f 755/720/1 754/721/1 724/713/1
f 754/721/1 753/722/1 724/713/1
f 753/722/1 752/723/1 724/713/1
f 752/723/1 751/724/1 724/713/1
f 751/724/1 750/725/1 724/713/1
f 750/725/1 749/726/1 724/713/1
f 749/726/1 748/727/1 724/713/1
f 748/727/1 747/728/1 724/713/1
f 747/728/1 746/729/1 724/713/1
f 746/729/1 745/730/1 724/713/1
f 745/730/1 744/731/1 724/713/1
f 744/731/1 743/732/1 724/713/1
f 743/732/1 742/733/1 724/713/1
f 742/733/1 741/734/1 724/713/1
f 741/734/1 740/735/1 724/713/1
f 740/735/1 739/736/1 724/713/1
f 739/736/1 738/737/1 724/713/1
f 738/737/1 737/691/1 724/713/1
f 786/1/2 787/3/2 788/2/2
f 786/1/2 788/2/2 789/4/2
f 786/1/2 789/4/2 790/5/2
f 785/6/2 786/1/2 790/5/2
f 785/6/2 790/5/2 791/7/2
f 784/8/2 785/6/2 791/7/2
f 784/8/2 791/7/2 792/9/2
f 783/10/2 784/8/2 792/9/2
f 783/10/2 792/9/2 793/11/2
f 782/12/2 783/10/2 793/11/2
f 782/12/2 793/11/2 794/13/2
f 781/14/2 782/12/2 794/13/2
f 781/14/2 794/13/2 795/15/2
f 780/16/2 781/14/2 795/15/2
f 780/16/2 795/15/2 796/17/2
f 779/18/2 780/16/2 796/17/2
f 779/18/2 796/17/2 797/19/2
f 778/20/2 779/18/2 797/19/2
f 778/20/2 797/19/2 798/21/2
f 777/22/2 778/20/2 798/21/2
f 777/22/2 798/21/2 799/23/2
f 776/24/2 777/22/2 799/23/2
f 776/24/2 799/23/2 800/25/2
f 864/26/2 776/24/2 800/25/2
f 863/27/2 864/26/2 800/25/2
f 863/27/2 800/25/2 801/28/2
f 862/29/2 863/27/2 801/28/2
f 861/30/2 862/29/2 801/28/2
f 860/31/2 861/30/2 801/28/2
f 860/31/2 801/28/2 802/32/2
f 860/31/2 802/32/2 803/33/2
f 859/34/2 860/31/2 803/33/2
f 859/34/2 803/33/2 804/35/2
f 859/34/2 804/35/2 805/36/2
f 859/34/2 805/36/2 806/37/2
f 859/34/2 806/37/2 807/38/2
f 858/39/2 859/34/2 826/40/2
f 826/40/2 859/34/2 807/38/2
f 826/40/2 807/38/2 808/41/2
f 858/39/2 826/40/2 827/42/2
f 825/43/2 826/40/2 808/41/2
f 825/43/2 808/41/2 809/44/2
f 824/45/2 825/43/2 809/44/2
f 824/45/2 809/44/2 810/46/2
f 823/47/2 824/45/2 810/46/2
f 822/48/2 823/47/2 810/46/2
f 822/48/2 810/46/2 811/49/2
f 821/50/2 822/48/2 811/49/2
f 821/50/2 811/49/2 812/51/2
f 857/52/2 858/39/2 827/42/2
f 820/53/2 821/50/2 812/51/2
f 820/53/2 812/51/2 813/54/2
f 819/55/2 820/53/2 813/54/2
f 819/55/2 813/54/2 818/56/2
f 818/56/2 813/54/2 817/57/2
f 817/57/2 813/54/2 816/58/2
f 816/58/2 813/54/2 815/59/2
f 815/59/2 813/54/2 814/60/2
f 856/61/2 857/52/2 827/42/2
f 855/62/2 856/61/2 827/42/2
f 854/63/2 855/62/2 827/42/2
f 853/64/2 854/63/2 827/42/2
f 852/65/2 853/64/2 827/42/2
f 851/66/2 852/65/2 827/42/2
f 851/66/2 827/42/2 828/67/2
f 851/66/2 828/67/2 829/68/2
f 850/69/2 851/66/2 829/68/2
f 850/69/2 829/68/2 830/70/2
f 849/71/2 850/69/2 830/70/2
f 849/71/2 830/70/2 831/72/2
f 848/73/2 849/71/2 831/72/2
f 848/73/2 831/72/2 832/74/2
f 847/75/2 848/73/2 832/74/2
f 847/75/2 832/74/2 833/76/2
f 846/77/2 847/75/2 833/76/2
f 846/77/2 833/76/2 834/78/2
f 845/79/2 846/77/2 834/78/2
f 845/79/2 834/78/2 835/80/2
f 844/81/2 845/79/2 835/80/2
f 844/81/2 835/80/2 836/82/2
f 843/83/2 844/81/2 836/82/2
f 843/83/2 836/82/2 837/84/2
f 842/85/2 843/83/2 837/84/2
f 842/85/2 837/84/2 838/86/2
f 841/87/2 842/85/2 838/86/2
f 841/87/2 838/86/2 839/88/2
f 840/89/2 841/87/2 839/88/2
f 875/90/2 876/92/2 877/91/2
f 874/93/2 875/90/2 877/91/2
f 873/94/2 874/93/2 877/91/2
f 873/94/2 877/91/2 878/95/2
f 872/96/2 873/94/2 878/95/2
f 872/96/2 878/95/2 879/97/2
f 871/98/2 872/96/2 879/97/2
f 871/98/2 879/97/2 880/99/2
f 870/100/2 871/98/2 880/99/2
f 870/100/2 880/99/2 881/101/2
f 869/102/2 870/100/2 881/101/2
f 869/102/2 881/101/2 882/103/2
f 868/104/2 869/102/2 882/103/2
f 868/104/2 882/103/2 883/105/2
f 867/106/2 868/104/2 883/105/2
f 867/106/2 883/105/2 884/21/2
f 866/107/2 867/106/2 884/21/2
f 866/107/2 884/21/2 885/108/2
f 865/24/2 866/107/2 885/108/2
f 865/24/2 885/108/2 886/109/2
f 941/26/2 865/24/2 886/109/2
f 941/26/2 886/109/2 887/110/2
f 940/111/2 941/26/2 887/110/2
f 940/111/2 887/110/2 888/112/2
f 939/113/2 940/111/2 888/112/2
f 939/113/2 888/112/2 889/114/2
f 938/115/2 939/113/2 889/114/2
f 938/115/2 889/114/2 916/116/2
f 916/116/2 889/114/2 890/117/2
f 937/118/2 938/115/2 916/116/2
f 936/119/2 937/118/2 916/116/2
f 935/120/2 936/119/2 916/116/2
f 935/120/2 916/116/2 917/121/2
f 915/122/2 916/116/2 890/117/2
f 934/123/2 935/120/2 917/121/2
f 934/123/2 917/121/2 918/124/2
f 933/125/2 934/123/2 918/124/2
f 933/125/2 918/124/2 919/126/2
f 932/127/2 933/125/2 919/126/2
f 932/127/2 919/126/2 920/128/2
f 931/129/2 932/127/2 920/128/2
f 931/129/2 920/128/2 921/130/2
f 930/131/2 931/129/2 921/130/2
f 929/132/2 930/131/2 921/130/2
f 929/132/2 921/130/2 922/85/2
f 928/133/2 929/132/2 922/85/2
f 928/133/2 922/85/2 923/134/2
f 928/133/2 923/134/2 924/135/2
f 928/133/2 924/135/2 925/136/2
f 928/133/2 925/136/2 926/137/2
f 928/133/2 926/137/2 927/138/2
f 914/139/2 915/122/2 890/117/2
f 914/139/2 890/117/2 891/140/2
f 914/139/2 891/140/2 892/141/2
f 913/142/2 914/139/2 892/141/2
f 913/142/2 892/141/2 893/143/2
f 912/144/2 913/142/2 893/143/2
f 912/144/2 893/143/2 894/145/2
f 911/146/2 912/144/2 894/145/2
f 911/146/2 894/145/2 895/147/2
f 910/148/2 911/146/2 895/147/2
f 910/148/2 895/147/2 896/149/2
f 909/150/2 910/148/2 896/149/2
f 909/150/2 896/149/2 897/151/2
f 908/152/2 909/150/2 897/151/2
f 908/152/2 897/151/2 898/153/2
f 907/154/2 908/152/2 898/153/2
f 907/154/2 898/153/2 899/155/2
f 906/156/2 907/154/2 899/155/2
f 906/156/2 899/155/2 900/157/2
f 905/158/2 906/156/2 900/157/2
f 905/158/2 900/157/2 901/159/2
f 904/160/2 905/158/2 901/159/2
f 904/160/2 901/159/2 902/161/2
f 903/53/2 904/160/2 902/161/2
f 954/162/2 955/164/2 956/163/2
f 954/162/2 956/163/2 957/165/2
f 953/166/2 954/162/2 957/165/2
f 953/166/2 957/165/2 958/167/2
f 952/168/2 953/166/2 958/167/2
f 952/168/2 958/167/2 959/169/2
f 951/170/2 952/168/2 959/169/2
f 951/170/2 959/169/2 960/171/2
f 950/172/2 951/170/2 960/171/2
f 950/172/2 960/171/2 961/173/2
f 949/174/2 950/172/2 961/173/2
f 949/174/2 961/173/2 962/175/2
f 948/176/2 949/174/2 962/175/2
f 948/176/2 962/175/2 963/177/2
f 947/178/2 948/176/2 963/177/2
f 947/178/2 963/177/2 964/179/2
f 946/180/2 947/178/2 964/179/2
f 946/180/2 964/179/2 965/181/2
f 945/182/2 946/180/2 965/181/2
f 945/182/2 965/181/2 966/183/2
f 944/184/2 945/182/2 966/183/2
f 944/184/2 966/183/2 967/185/2
f 943/186/2 944/184/2 967/185/2
f 943/186/2 967/185/2 968/187/2
f 942/24/2 943/186/2 968/187/2
f 942/24/2 968/187/2 969/188/2
f 1034/189/2 1035/191/2 1036/190/2
f 1034/189/2 1036/190/2 1037/192/2
f 981/193/2 982/195/2 983/194/2
f 1034/189/2 1037/192/2 1038/196/2
f 980/197/2 981/193/2 983/194/2
f 1034/189/2 1038/196/2 1039/198/2
f 979/199/2 980/197/2 983/194/2
f 1034/189/2 1039/198/2 1040/200/2
f 978/201/2 979/199/2 983/194/2
f 1034/189/2 1040/200/2 1041/202/2
f 977/203/2 978/201/2 983/194/2
f 1034/189/2 1041/202/2 1042/204/2
f 976/205/2 977/203/2 983/194/2
f 1034/189/2 1042/204/2 1043/206/2
f 975/207/2 976/205/2 983/194/2
f 974/208/2 975/207/2 983/194/2
f 1034/189/2 1043/206/2 1044/209/2
f 973/210/2 974/208/2 983/194/2
f 1034/189/2 1044/209/2 1045/211/2
f 972/212/2 973/210/2 983/194/2
f 1034/189/2 1045/211/2 1046/213/2
f 971/214/2 972/212/2 983/194/2
f 1034/189/2 1046/213/2 1047/26/2
f 970/215/2 971/214/2 983/194/2
f 1034/189/2 1047/26/2 942/24/2
f 1034/189/2 942/24/2 969/188/2
f 1034/189/2 969/188/2 970/215/2
f 1034/189/2 970/215/2 1033/216/2
f 1033/216/2 970/215/2 1032/217/2
f 1032/217/2 970/215/2 1031/218/2
f 1031/218/2 970/215/2 1030/219/2
f 1030/219/2 970/215/2 1029/220/2
f 1029/220/2 970/215/2 1028/221/2
f 1028/221/2 970/215/2 1027/222/2
f 1027/222/2 970/215/2 1026/223/2
f 1026/223/2 970/215/2 1025/224/2
f 1025/224/2 970/215/2 1024/225/2
f 1024/225/2 970/215/2 1023/226/2
f 1023/226/2 970/215/2 1022/227/2
f 1022/227/2 970/215/2 1021/228/2
f 1021/228/2 970/215/2 996/229/2
f 996/229/2 970/215/2 995/230/2
f 995/230/2 970/215/2 994/231/2
f 994/231/2 970/215/2 993/232/2
f 993/232/2 970/215/2 992/233/2
f 992/233/2 970/215/2 991/234/2
f 991/234/2 970/215/2 990/235/2
f 990/235/2 970/215/2 989/236/2
f 989/236/2 970/215/2 988/237/2
f 988/237/2 970/215/2 987/238/2
f 987/238/2 970/215/2 986/239/2
f 986/239/2 970/215/2 985/240/2
f 985/240/2 970/215/2 984/241/2
f 984/241/2 970/215/2 983/194/2
f 1020/242/2 1021/228/2 996/229/2
f 1020/242/2 996/229/2 997/243/2
f 1019/244/2 1020/242/2 997/243/2
f 1019/244/2 997/243/2 998/245/2
f 1018/246/2 1019/244/2 998/245/2
f 1018/246/2 998/245/2 999/247/2
f 1017/248/2 1018/246/2 999/247/2
f 1017/248/2 999/247/2 1000/249/2
f 1016/250/2 1017/248/2 1000/249/2
f 1016/250/2 1000/249/2 1001/251/2
f 1015/252/2 1016/250/2 1001/251/2
f 1015/252/2 1001/251/2 1002/253/2
f 1014/254/2 1015/252/2 1002/253/2
f 1014/254/2 1002/253/2 1003/255/2
f 1013/256/2 1014/254/2 1003/255/2
f 1013/256/2 1003/255/2 1004/257/2
f 1012/258/2 1013/256/2 1004/257/2
f 1011/259/2 1012/258/2 1004/257/2
f 1011/259/2 1004/257/2 1005/260/2
f 1010/261/2 1011/259/2 1005/260/2
f 1010/261/2 1005/260/2 1006/262/2
f 1009/263/2 1010/261/2 1006/262/2
f 1009/263/2 1006/262/2 1007/264/2
f 1008/265/2 1009/263/2 1007/264/2
f 1108/266/2 1109/268/2 1110/267/2
f 1070/269/2 1071/271/2 1072/270/2
f 1108/266/2 1110/267/2 1111/272/2
f 1069/273/2 1070/269/2 1072/270/2
f 1108/266/2 1111/272/2 1112/274/2
f 1068/275/2 1069/273/2 1072/270/2
f 1108/266/2 1112/274/2 1113/276/2
f 1067/277/2 1068/275/2 1072/270/2
f 1108/266/2 1113/276/2 1114/278/2
f 1066/279/2 1067/277/2 1072/270/2
f 1108/266/2 1114/278/2 1115/280/2
f 1065/281/2 1066/279/2 1072/270/2
f 1108/266/2 1115/280/2 1116/282/2
f 1064/283/2 1065/281/2 1072/270/2
f 1108/266/2 1116/282/2 1117/284/2
f 1063/285/2 1064/283/2 1072/270/2
f 1108/266/2 1117/284/2 1118/286/2
f 1062/287/2 1063/285/2 1072/270/2
f 1108/266/2 1118/286/2 1119/288/2
f 1061/289/2 1062/287/2 1072/270/2
f 1108/266/2 1119/288/2 1120/290/2
f 1060/291/2 1061/289/2 1072/270/2
f 1108/266/2 1120/290/2 1121/26/2
f 1059/292/2 1060/291/2 1072/270/2
f 1108/266/2 1121/26/2 1048/24/2
f 1108/266/2 1048/24/2 1049/293/2
f 1108/266/2 1049/293/2 1050/294/2
f 1108/266/2 1050/294/2 1051/295/2
f 1108/266/2 1051/295/2 1052/296/2
f 1108/266/2 1052/296/2 1053/297/2
f 1108/266/2 1053/297/2 1054/298/2
f 1108/266/2 1054/298/2 1055/299/2
f 1108/266/2 1055/299/2 1056/300/2
f 1108/266/2 1056/300/2 1057/301/2
f 1108/266/2 1057/301/2 1058/302/2
f 1108/266/2 1058/302/2 1059/292/2
f 1108/266/2 1059/292/2 1107/303/2
f 1107/303/2 1059/292/2 1106/304/2
f 1106/304/2 1059/292/2 1105/305/2
f 1105/305/2 1059/292/2 1104/306/2
f 1104/306/2 1059/292/2 1103/307/2
f 1103/307/2 1059/292/2 1102/308/2
f 1102/308/2 1059/292/2 1101/309/2
f 1101/309/2 1059/292/2 1100/310/2
f 1100/310/2 1059/292/2 1099/311/2
f 1099/311/2 1059/292/2 1098/312/2
f 1098/312/2 1059/292/2 1097/313/2
f 1097/313/2 1059/292/2 1096/314/2
f 1096/314/2 1059/292/2 1095/315/2
f 1095/315/2 1059/292/2 1094/316/2
f 1094/316/2 1059/292/2 1093/317/2
f 1093/317/2 1059/292/2 1091/318/2
f 1091/318/2 1059/292/2 1088/319/2
f 1088/319/2 1059/292/2 1085/320/2
f 1085/320/2 1059/292/2 1084/321/2
f 1084/321/2 1059/292/2 1083/322/2
f 1083/322/2 1059/292/2 1082/323/2
f 1082/323/2 1059/292/2 1081/324/2
f 1081/324/2 1059/292/2 1080/325/2
f 1080/325/2 1059/292/2 1079/326/2
f 1079/326/2 1059/292/2 1078/327/2
f 1078/327/2 1059/292/2 1077/328/2
f 1077/328/2 1059/292/2 1072/270/2
f 1092/329/1 1093/317/1 1091/318/1
f 1090/330/1 1091/318/1 1088/319/1
f 1089/331/1 1090/330/1 1088/319/1
f 1087/332/1 1088/319/1 1085/320/1
f 1086/333/1 1087/332/1 1085/320/1
f 1076/334/6 1077/328/6 1072/270/6
f 1075/335/2 1076/334/2 1072/270/2
f 1074/336/2 1075/335/2 1072/270/2
f 1073/337/7 1074/336/7 1072/270/7
f 1279/338/2 1280/340/2 1281/339/2
f 1279/338/2 1281/339/2 1282/341/2
f 1278/342/2 1279/338/2 1282/341/2
f 1278/342/2 1282/341/2 1283/343/2
f 1277/344/2 1278/342/2 1283/343/2
f 1277/344/2 1283/343/2 1284/118/2
f 1276/345/2 1277/344/2 1284/118/2
f 1276/345/2 1284/118/2 1285/346/2
f 1275/125/2 1276/345/2 1285/346/2
f 1275/125/2 1285/346/2 1286/347/2
f 1274/348/2 1275/125/2 1286/347/2
f 1274/348/2 1286/347/2 1287/349/2
f 1273/350/2 1274/348/2 1287/349/2
f 1273/350/2 1287/349/2 1288/351/2
f 1272/352/2 1273/350/2 1288/351/2
f 1272/352/2 1288/351/2 1289/353/2
f 1271/354/2 1272/352/2 1289/353/2
f 1271/354/2 1289/353/2 1290/355/2
f 1270/356/2 1271/354/2 1290/355/2
f 1270/356/2 1290/355/2 1291/357/2
f 1269/358/2 1270/356/2 1291/357/2
f 1269/358/2 1291/357/2 1292/359/2
f 1268/360/2 1269/358/2 1292/359/2
f 1268/360/2 1292/359/2 1293/26/2
f 1267/361/2 1268/360/2 1293/26/2
f 1267/361/2 1293/26/2 1196/362/2
f 1266/132/2 1267/361/2 1196/362/2
f 1266/132/2 1196/362/2 1197/363/2
f 1265/364/2 1266/132/2 1197/363/2
f 1265/364/2 1197/363/2 1198/365/2
f 1264/366/2 1265/364/2 1198/365/2
f 1264/366/2 1198/365/2 1199/367/2
f 1263/368/2 1264/366/2 1199/367/2
f 1263/368/2 1199/367/2 1200/369/2
f 1262/370/2 1263/368/2 1200/369/2
f 1262/370/2 1200/369/2 1201/371/2
f 1261/372/2 1262/370/2 1201/371/2
f 1261/372/2 1201/371/2 1202/373/2
f 1260/374/2 1261/372/2 1202/373/2
f 1260/374/2 1202/373/2 1203/159/2
f 1259/375/2 1260/374/2 1203/159/2
f 1259/375/2 1203/159/2 1204/376/2
f 1258/377/2 1259/375/2 1204/376/2
f 1258/377/2 1204/376/2 1205/378/2
f 1257/136/2 1258/377/2 1205/378/2
f 1257/136/2 1205/378/2 1206/379/2
f 1256/380/2 1257/136/2 1206/379/2
f 1256/380/2 1206/379/2 1207/381/2
f 1255/382/2 1256/380/2 1207/381/2
f 1255/382/2 1207/381/2 1208/383/2
f 1254/384/2 1255/382/2 1208/383/2
f 1254/384/2 1208/383/2 1209/385/2
f 1253/386/2 1254/384/2 1209/385/2
f 1253/386/2 1209/385/2 1210/387/2
f 1252/388/2 1253/386/2 1210/387/2
f 1252/388/2 1210/387/2 1211/389/2
f 1251/390/2 1252/388/2 1211/389/2
f 1250/391/2 1251/390/2 1211/389/2
f 1250/391/2 1211/389/2 1212/158/2
f 1249/392/2 1250/391/2 1212/158/2
f 1249/392/2 1212/158/2 1213/393/2
f 1248/130/2 1249/392/2 1213/393/2
f 1248/130/2 1213/393/2 1214/394/2
f 1247/395/2 1248/130/2 1214/394/2
f 1246/396/2 1247/395/2 1214/394/2
f 1246/396/2 1214/394/2 1215/397/2
f 1245/398/2 1246/396/2 1215/397/2
f 1245/398/2 1215/397/2 1216/399/2
f 1244/400/2 1245/398/2 1216/399/2
f 1244/400/2 1216/399/2 1217/401/2
f 1243/402/2 1244/400/2 1217/401/2
f 1243/402/2 1217/401/2 1218/403/2
f 1242/404/2 1243/402/2 1218/403/2
f 1241/405/2 1242/404/2 1218/403/2
f 1241/405/2 1218/403/2 1219/406/2
f 1240/407/2 1241/405/2 1219/406/2
f 1240/407/2 1219/406/2 1220/408/2
f 1239/121/2 1240/407/2 1220/408/2
f 1238/409/2 1239/121/2 1220/408/2
f 1238/409/2 1220/408/2 1221/150/2
f 1237/410/2 1238/409/2 1221/150/2
f 1237/410/2 1221/150/2 1222/411/2
f 1236/258/2 1237/410/2 1222/411/2
f 1235/412/2 1236/258/2 1222/411/2
f 1235/412/2 1222/411/2 1223/413/2
f 1234/414/2 1235/412/2 1223/413/2
f 1233/415/2 1234/414/2 1223/413/2
f 1233/415/2 1223/413/2 1224/416/2
f 1232/417/2 1233/415/2 1224/416/2
f 1231/418/2 1232/417/2 1224/416/2
f 1231/418/2 1224/416/2 1225/419/2
f 1231/418/2 1225/419/2 1226/420/2
f 1231/418/2 1226/420/2 1227/421/2
f 1231/418/2 1227/421/2 1228/422/2
f 1231/418/2 1228/422/2 1229/423/2
f 1231/418/2 1229/423/2 1230/142/2
f 1181/424/2 1182/426/2 1183/425/2
f 1181/424/2 1183/425/2 1184/427/2
f 1181/424/2 1184/427/2 1185/143/2
f 1180/428/2 1181/424/2 1185/143/2
f 1180/428/2 1185/143/2 1186/429/2
f 1179/203/2 1180/428/2 1186/429/2
f 1179/203/2 1186/429/2 1187/430/2
f 1178/431/2 1179/203/2 1187/430/2
f 1178/431/2 1187/430/2 1188/432/2
f 1177/433/2 1178/431/2 1188/432/2
f 1177/433/2 1188/432/2 1189/434/2
f 1176/114/2 1177/433/2 1189/434/2
f 1176/114/2 1189/434/2 1190/435/2
f 1175/436/2 1176/114/2 1190/435/2
f 1175/436/2 1190/435/2 1191/437/2
f 1174/438/2 1175/436/2 1191/437/2
f 1174/438/2 1191/437/2 1192/439/2
f 1173/440/2 1174/438/2 1192/439/2
f 1173/440/2 1192/439/2 1193/441/2
f 1172/442/2 1173/440/2 1193/441/2
f 1172/442/2 1193/441/2 1194/151/2
f 1171/443/2 1172/442/2 1194/151/2
f 1171/443/2 1194/151/2 1195/444/2
f 1170/445/2 1171/443/2 1195/444/2
f 1169/446/2 1170/445/2 1195/444/2
f 1169/446/2 1195/444/2 1122/24/2
f 1168/447/2 1169/446/2 1122/24/2
f 1168/447/2 1122/24/2 1123/448/2
f 1167/108/2 1168/447/2 1123/448/2
f 1167/108/2 1123/448/2 1124/449/2
f 1166/450/2 1167/108/2 1124/449/2
f 1166/450/2 1124/449/2 1125/451/2
f 1165/452/2 1166/450/2 1125/451/2
f 1165/452/2 1125/451/2 1126/453/2
f 1164/454/2 1165/452/2 1126/453/2
f 1164/454/2 1126/453/2 1127/455/2
f 1163/456/2 1164/454/2 1127/455/2
f 1163/456/2 1127/455/2 1128/457/2
f 1162/458/2 1163/456/2 1128/457/2
f 1162/458/2 1128/457/2 1129/459/2
f 1161/460/2 1162/458/2 1129/459/2
f 1161/460/2 1129/459/2 1130/461/2
f 1160/462/2 1161/460/2 1130/461/2
f 1160/462/2 1130/461/2 1131/102/2
f 1159/463/2 1160/462/2 1131/102/2
f 1159/463/2 1131/102/2 1132/464/2
f 1158/101/2 1159/463/2 1132/464/2
f 1158/101/2 1132/464/2 1133/465/2
f 1157/466/2 1158/101/2 1133/465/2
f 1157/466/2 1133/465/2 1134/467/2
f 1157/466/2 1134/467/2 1135/468/2
f 1156/469/2 1157/466/2 1135/468/2
f 1156/469/2 1135/468/2 1136/470/2
f 1155/471/2 1156/469/2 1136/470/2
f 1155/471/2 1136/470/2 1137/472/2
f 1154/473/2 1155/471/2 1137/472/2
f 1154/473/2 1137/472/2 1138/474/2
f 1153/475/2 1154/473/2 1138/474/2
f 1153/475/2 1138/474/2 1139/476/2
f 1152/477/2 1153/475/2 1139/476/2
f 1152/477/2 1139/476/2 1140/94/2
f 1151/478/2 1152/477/2 1140/94/2
f 1151/478/2 1140/94/2 1141/479/2
f 1150/480/2 1151/478/2 1141/479/2
f 1150/480/2 1141/479/2 1142/481/2
f 1149/91/2 1150/480/2 1142/481/2
f 1149/91/2 1142/481/2 1143/482/2
f 1148/483/2 1149/91/2 1143/482/2
f 1148/483/2 1143/482/2 1144/484/2
f 1147/485/2 1148/483/2 1144/484/2
f 1147/485/2 1144/484/2 1145/486/2
f 1146/487/2 1147/485/2 1145/486/2
f 1342/488/2 1343/490/2 1344/489/2
f 1342/488/2 1344/489/2 1345/491/2
f 1342/488/2 1345/491/2 1346/492/2
f 1378/493/2 1379/495/2 1380/494/2
f 1342/488/2 1346/492/2 1347/496/2
f 1377/497/2 1378/493/2 1380/494/2
f 1376/498/2 1377/497/2 1380/494/2
f 1342/488/2 1347/496/2 1348/499/2
f 1375/500/2 1376/498/2 1380/494/2
f 1342/488/2 1348/499/2 1349/501/2
f 1374/502/2 1375/500/2 1380/494/2
f 1342/488/2 1349/501/2 1350/503/2
f 1373/504/2 1374/502/2 1380/494/2
f 1372/505/2 1373/504/2 1380/494/2
f 1342/488/2 1350/503/2 1351/506/2
f 1371/507/2 1372/505/2 1380/494/2
f 1342/488/2 1351/506/2 1352/508/2
f 1370/509/2 1371/507/2 1380/494/2
f 1342/488/2 1352/508/2 1353/510/2
f 1369/511/2 1370/509/2 1380/494/2
f 1342/488/2 1353/510/2 1354/512/2
f 1368/53/2 1369/511/2 1380/494/2
f 1342/488/2 1354/512/2 1355/513/2
f 1367/514/2 1368/53/2 1380/494/2
f 1342/488/2 1355/513/2 1356/515/2
f 1342/488/2 1356/515/2 1357/516/2
f 1342/488/2 1357/516/2 1358/517/2
f 1342/488/2 1358/517/2 1359/518/2
f 1342/488/2 1359/518/2 1360/519/2
f 1342/488/2 1360/519/2 1361/520/2
f 1342/488/2 1361/520/2 1362/521/2
f 1342/488/2 1362/521/2 1363/522/2
f 1342/488/2 1363/522/2 1364/523/2
f 1342/488/2 1364/523/2 1365/524/2
f 1342/488/2 1365/524/2 1366/525/2
f 1342/488/2 1366/525/2 1367/514/2
f 1342/488/2 1367/514/2 1341/526/2
f 1341/526/2 1367/514/2 1340/527/2
f 1340/527/2 1367/514/2 1339/528/2
f 1339/528/2 1367/514/2 1338/529/2
f 1338/529/2 1367/514/2 1337/530/2
f 1337/530/2 1367/514/2 1336/531/2
f 1336/531/2 1367/514/2 1380/494/2
f 1336/531/2 1380/494/2 1335/532/2
f 1335/532/2 1380/494/2 1381/533/2
f 1335/532/2 1381/533/2 1382/534/2
f 1335/532/8 1382/534/8 1334/535/8
f 1334/535/2 1382/534/2 1383/536/2
f 1334/535/2 1383/536/2 1384/537/2
f 1334/535/8 1384/537/8 1333/538/8
f 1333/538/2 1384/537/2 1385/539/2
f 1333/538/2 1385/539/2 1386/540/2
f 1333/538/2 1386/540/2 1332/541/2
f 1332/541/2 1386/540/2 1387/542/2
f 1332/541/2 1387/542/2 1388/543/2
f 1332/541/2 1388/543/2 1331/21/2
f 1331/21/2 1388/543/2 1389/544/2
f 1331/21/2 1389/544/2 1390/545/2
f 1331/21/2 1390/545/2 1330/546/2
f 1330/546/2 1390/545/2 1391/547/2
f 1330/546/2 1391/547/2 1329/548/2
f 1329/548/2 1391/547/2 1328/549/2
f 1328/549/2 1391/547/2 1327/550/2
f 1327/550/2 1391/547/2 1326/551/2
f 1326/551/2 1391/547/2 1324/552/2
f 1324/552/2 1391/547/2 1323/553/2
f 1323/553/2 1391/547/2 1322/554/2
f 1322/554/2 1391/547/2 1321/555/2
f 1321/555/2 1391/547/2 1320/556/2
f 1320/556/2 1391/547/2 1319/557/2
f 1319/557/2 1391/547/2 1318/558/2
f 1318/558/2 1391/547/2 1392/559/2
f 1325/560/1 1326/551/1 1324/552/1
f 1317/561/2 1318/558/2 1392/559/2
f 1317/561/2 1392/559/2 1294/24/2
f 1316/562/2 1317/561/2 1294/24/2
f 1316/562/2 1294/24/2 1295/563/2
f 1315/564/2 1316/562/2 1295/563/2
f 1315/564/2 1295/563/2 1296/565/2
f 1314/566/2 1315/564/2 1296/565/2
f 1314/566/2 1296/565/2 1297/567/2
f 1313/568/2 1314/566/2 1297/567/2
f 1313/568/2 1297/567/2 1298/569/2
f 1312/570/2 1313/568/2 1298/569/2
f 1428/571/2 1429/573/2 1430/572/2
f 1428/571/2 1430/572/2 1431/574/2
f 1427/575/2 1428/571/2 1431/574/2
f 1426/576/2 1427/575/2 1431/574/2
f 1312/570/2 1298/569/2 1299/577/2
f 1311/578/2 1312/570/2 1299/577/2
f 1425/579/2 1426/576/2 1431/574/2
f 1424/580/2 1425/579/2 1431/574/2
f 1423/581/2 1424/580/2 1431/574/2
f 1422/582/2 1423/581/2 1431/574/2
f 1311/578/2 1299/577/2 1300/583/2
f 1310/584/2 1311/578/2 1300/583/2
f 1421/585/2 1422/582/2 1431/574/2
f 1420/586/2 1421/585/2 1431/574/2
f 1419/587/2 1420/586/2 1431/574/2
f 1309/588/2 1310/584/2 1300/583/2
f 1418/589/2 1419/587/2 1431/574/2
f 1309/588/2 1300/583/2 1301/590/2
f 1418/589/2 1431/574/2 1432/591/2
f 1417/592/2 1418/589/2 1432/591/2
f 1416/593/2 1417/592/2 1432/591/2
f 1308/594/2 1309/588/2 1301/590/2
f 1308/594/2 1301/590/2 1302/595/2
f 1307/596/2 1308/594/2 1302/595/2
f 1306/597/2 1307/596/2 1302/595/2
f 1306/597/2 1302/595/2 1303/598/2
f 1415/599/2 1416/593/2 1432/591/2
f 1305/600/2 1306/597/2 1303/598/2
f 1415/599/2 1432/591/2 1433/601/2
f 1305/600/2 1303/598/2 1304/602/2
f 1414/603/2 1415/599/2 1433/601/2
f 1414/603/2 1433/601/2 1434/604/2
f 1413/605/2 1414/603/2 1434/604/2
f 1412/606/2 1413/605/2 1434/604/2
f 1412/606/2 1434/604/2 1435/607/2
f 1411/608/2 1412/606/2 1435/607/2
f 1411/608/2 1435/607/2 1436/609/2
f 1410/610/2 1411/608/2 1436/609/2
f 1409/611/2 1410/610/2 1436/609/2
f 1409/611/2 1436/609/2 1437/612/2
f 1408/613/2 1409/611/2 1437/612/2
f 1408/613/2 1437/612/2 1438/614/2
f 1407/615/2 1408/613/2 1438/614/2
f 1406/616/2 1407/615/2 1438/614/2
f 1406/616/2 1438/614/2 1439/617/2
f 1405/85/2 1406/616/2 1439/617/2
f 1405/85/2 1439/617/2 1440/618/2
f 1404/619/2 1405/85/2 1440/618/2
f 1403/620/2 1404/619/2 1440/618/2
f 1402/621/2 1403/620/2 1440/618/2
f 1401/622/2 1402/621/2 1440/618/2
f 1400/623/2 1401/622/2 1440/618/2
f 1399/624/2 1400/623/2 1440/618/2
f 1398/625/2 1399/624/2 1440/618/2
f 1397/626/2 1398/625/2 1440/618/2
f 1396/627/2 1397/626/2 1440/618/2
f 1396/627/2 1440/618/2 1441/628/2
f 1395/629/2 1396/627/2 1441/628/2
f 1394/630/2 1395/629/2 1441/628/2
f 1393/631/2 1394/630/2 1441/628/2
f 1442/26/2 1393/631/2 1441/628/2
f 1457/632/2 1458/634/2 1459/633/2
f 1482/635/2 1483/637/2 1484/636/2
f 1481/638/2 1482/635/2 1484/636/2
f 1457/632/2 1459/633/2 1460/639/2
f 1480/640/2 1481/638/2 1484/636/2
f 1457/632/2 1460/639/2 1461/641/2
f 1479/642/2 1480/640/2 1484/636/2
f 1457/632/2 1461/641/2 1462/643/2
f 1478/644/2 1479/642/2 1484/636/2
f 1457/632/2 1462/643/2 1463/645/2
f 1477/646/2 1478/644/2 1484/636/2
f 1457/632/2 1463/645/2 1464/647/2
f 1476/648/2 1477/646/2 1484/636/2
f 1457/632/2 1464/647/2 1465/649/2
f 1475/650/2 1476/648/2 1484/636/2
f 1457/632/2 1465/649/2 1466/651/2
f 1474/652/2 1475/650/2 1484/636/2
f 1457/632/2 1466/651/2 1467/653/2
f 1473/654/2 1474/652/2 1484/636/2
f 1457/632/2 1467/653/2 1468/655/2
f 1472/656/2 1473/654/2 1484/636/2
f 1457/632/2 1468/655/2 1469/657/2
f 1471/658/2 1472/656/2 1484/636/2
f 1457/632/2 1469/657/2 1470/659/2
f 1457/632/2 1470/659/2 1471/658/2
f 1457/632/2 1471/658/2 1456/660/2
f 1456/660/2 1471/658/2 1455/661/2
f 1455/661/2 1471/658/2 1454/662/2
f 1454/662/2 1471/658/2 1453/663/2
f 1453/663/2 1471/658/2 1452/664/2
f 1452/664/2 1471/658/2 1451/665/2
f 1451/665/2 1471/658/2 1450/666/2
f 1450/666/2 1471/658/2 1449/667/2
f 1449/667/2 1471/658/2 1448/668/2
f 1448/668/2 1471/658/2 1447/669/2
f 1447/669/2 1471/658/2 1446/670/2
f 1446/670/2 1471/658/2 1445/671/2
f 1445/671/2 1471/658/2 1444/672/2
f 1444/672/2 1471/658/2 1497/673/2
f 1497/673/2 1471/658/2 1496/674/2
f 1496/674/2 1471/658/2 1495/675/2
f 1495/675/2 1471/658/2 1494/676/2
f 1494/676/2 1471/658/2 1493/677/2
f 1493/677/2 1471/658/2 1492/678/2
f 1492/678/2 1471/658/2 1491/679/2
f 1491/679/2 1471/658/2 1490/680/2
f 1490/680/2 1471/658/2 1489/681/2
f 1489/681/2 1471/658/2 1488/682/2
f 1488/682/2 1471/658/2 1487/683/2
f 1487/683/2 1471/658/2 1486/684/2
f 1486/684/2 1471/658/2 1485/685/2
f 1485/685/2 1471/658/2 1484/636/2
f 1443/24/2 1444/672/2 1497/673/2
f 1443/24/2 1497/673/2 1498/686/2
f 1537/687/2 1538/689/2 1539/688/2
f 1510/690/2 1511/692/2 1512/691/2
f 1509/693/2 1510/690/2 1512/691/2
f 1537/687/2 1539/688/2 1540/694/2
f 1508/695/2 1509/693/2 1512/691/2
f 1537/687/2 1540/694/2 1541/696/2
f 1507/697/2 1508/695/2 1512/691/2
f 1537/687/2 1541/696/2 1542/698/2
f 1506/699/2 1507/697/2 1512/691/2
f 1537/687/2 1542/698/2 1543/700/2
f 1505/701/2 1506/699/2 1512/691/2
f 1537/687/2 1543/700/2 1544/702/2
f 1504/703/2 1505/701/2 1512/691/2
f 1537/687/2 1544/702/2 1545/704/2
f 1503/705/2 1504/703/2 1512/691/2
f 1537/687/2 1545/704/2 1546/706/2
f 1502/707/2 1503/705/2 1512/691/2
f 1537/687/2 1546/706/2 1547/708/2
f 1501/709/2 1502/707/2 1512/691/2
f 1537/687/2 1547/708/2 1548/710/2
f 1500/711/2 1501/709/2 1512/691/2
f 1537/687/2 1548/710/2 1549/712/2
f 1499/713/2 1500/711/2 1512/691/2
f 1537/687/2 1549/712/2 1550/26/2
f 1537/687/2 1550/26/2 1443/24/2
f 1537/687/2 1443/24/2 1498/686/2
f 1537/687/2 1498/686/2 1499/713/2
f 1537/687/2 1499/713/2 1536/714/2
f 1536/714/2 1499/713/2 1535/715/2
f 1535/715/2 1499/713/2 1534/716/2
f 1534/716/2 1499/713/2 1533/717/2
f 1533/717/2 1499/713/2 1532/718/2
f 1532/718/2 1499/713/2 1531/719/2
f 1531/719/2 1499/713/2 1530/720/2
f 1530/720/2 1499/713/2 1529/721/2
f 1529/721/2 1499/713/2 1528/722/2
f 1528/722/2 1499/713/2 1527/723/2
f 1527/723/2 1499/713/2 1526/724/2
f 1526/724/2 1499/713/2 1525/725/2
f 1525/725/2 1499/713/2 1524/726/2
f 1524/726/2 1499/713/2 1523/727/2
f 1523/727/2 1499/713/2 1522/728/2
f 1522/728/2 1499/713/2 1521/729/2
f 1521/729/2 1499/713/2 1520/730/2
f 1520/730/2 1499/713/2 1519/731/2
f 1519/731/2 1499/713/2 1518/732/2
f 1518/732/2 1499/713/2 1517/733/2
f 1517/733/2 1499/713/2 1516/734/2
f 1516/734/2 1499/713/2 1515/735/2
f 1515/735/2 1499/713/2 1514/736/2
f 1514/736/2 1499/713/2 1513/737/2
f 1513/737/2 1499/713/2 1512/691/2
s 1
f 1554/738/9 1551/24/10 1552/739/10
f 1556/740/11 1553/741/9 1554/738/9
f 1558/742/12 1555/743/11 1556/740/11
f 1560/744/13 1557/745/12 1558/742/12
f 1562/746/14 1559/747/13 1560/744/13
f 1564/748/15 1561/749/14 1562/746/14
f 1566/750/16 1563/751/15 1564/748/15
f 1568/752/17 1565/753/16 1566/750/16
f 1570/754/18 1567/755/17 1568/752/17
f 1572/756/19 1569/757/18 1570/754/18
f 1574/758/20 1571/759/19 1572/756/19
f 1576/760/21 1573/761/20 1574/758/20
f 1578/762/22 1575/479/21 1576/760/21
f 1580/763/23 1577/764/22 1578/762/22
f 1582/765/24 1579/766/23 1580/763/23
f 1584/767/25 1581/768/24 1582/765/24
f 1586/769/26 1583/770/25 1584/767/25
f 1588/771/27 1585/772/26 1586/769/26
f 1590/773/28 1587/774/27 1588/771/27
f 1592/775/29 1589/776/28 1590/773/28
f 1594/777/30 1591/778/29 1592/775/29
f 1596/779/31 1593/780/30 1594/777/30
f 1598/781/32 1595/782/31 1596/779/31
f 1600/783/33 1597/784/32 1598/781/32
f 1602/785/34 1599/462/33 1600/783/33
f 1604/786/35 1601/787/34 1602/785/34
f 1606/788/36 1603/789/35 1604/786/35
f 1608/790/37 1605/21/36 1606/788/36
f 1610/791/38 1607/792/37 1608/790/37
f 1612/793/39 1609/794/38 1610/791/38
f 1614/795/40 1611/796/39 1612/793/39
f 1616/797/41 1613/798/40 1614/795/40
f 1618/799/42 1615/800/41 1616/797/41
f 1620/801/43 1617/802/42 1618/799/42
f 1622/803/44 1619/804/43 1620/801/43
f 1624/805/45 1621/806/44 1622/803/44
f 1626/807/46 1623/203/45 1624/805/45
f 1628/808/47 1625/809/46 1626/807/46
f 1630/810/48 1627/811/47 1628/808/47
f 1632/812/49 1629/813/48 1630/810/48
f 1634/814/50 1631/815/49 1632/812/49
f 1636/816/51 1633/817/50 1634/814/50
f 1638/818/52 1635/819/51 1636/816/51
f 1640/820/53 1637/821/52 1638/818/52
f 1642/822/54 1639/823/53 1640/820/53
f 1644/824/55 1641/825/54 1642/822/54
f 1646/826/56 1643/827/55 1644/824/55
f 1648/828/57 1645/829/56 1646/826/56
f 1650/830/58 1647/365/57 1648/828/57
f 1652/831/59 1649/832/58 1650/830/58
f 1654/833/60 1651/834/59 1652/831/59
f 1656/835/61 1653/836/60 1654/833/60
f 1658/837/62 1655/838/61 1656/835/61
f 1660/839/63 1657/840/62 1658/837/62
f 1662/841/64 1659/53/63 1660/839/63
f 1664/842/65 1661/843/64 1662/841/64
f 1666/844/66 1663/845/65 1664/842/65
f 1668/846/67 1665/847/66 1666/844/66
f 1670/848/68 1667/849/67 1668/846/67
f 1672/850/69 1669/851/68 1670/848/68
f 1674/852/70 1671/401/69 1672/850/69
f 1676/853/71 1673/854/70 1674/852/70
f 1678/855/72 1675/856/71 1676/853/71
f 1680/857/73 1677/858/72 1678/855/72
f 1682/859/74 1679/860/73 1680/857/73
f 1684/861/75 1681/862/74 1682/859/74
f 1686/863/76 1683/864/75 1684/861/75
f 1688/865/77 1685/866/76 1686/863/76
f 1690/867/78 1687/868/77 1688/865/77
f 1692/869/79 1689/870/78 1690/867/78
f 1694/871/80 1691/872/79 1692/869/79
f 1696/873/81 1693/874/80 1694/871/80
f 1698/875/82 1695/258/81 1696/873/81
f 1700/876/83 1697/877/84 1698/875/82
f 1702/878/85 1699/879/83 1700/876/83
f 1704/880/86 1701/881/85 1702/878/85
f 1706/882/87 1703/883/86 1704/880/86
f 1708/884/88 1705/885/87 1706/882/87
f 1710/886/89 1707/887/88 1708/884/88
f 1712/888/90 1709/889/89 1710/886/89
f 1714/890/91 1711/891/90 1712/888/90
f 1716/892/92 1713/85/91 1714/890/91
f 1718/893/93 1715/894/92 1716/892/92
f 1720/895/94 1717/896/93 1718/893/93
f 1722/897/95 1719/382/94 1720/895/94
f 1724/898/96 1721/899/95 1722/897/95
f 1726/900/97 1723/901/96 1724/898/96
f 1728/902/98 1725/903/97 1726/900/97
f 1730/904/99 1727/905/98 1728/902/98
f 1732/906/100 1729/907/99 1730/904/99
f 1734/908/101 1731/909/100 1732/906/100
f 1736/910/102 1733/911/101 1734/908/101
f 1738/912/103 1735/913/102 1736/910/102
f 1740/914/104 1737/915/103 1738/912/103
f 1742/916/105 1739/917/104 1740/914/104
f 1744/918/106 1741/919/105 1742/916/105
f 1746/920/107 1743/348/106 1744/918/106
f 1748/921/108 1745/922/107 1746/920/107
f 1750/923/109 1747/924/108 1748/921/108
f 1752/925/110 1749/926/109 1750/923/109
f 1754/927/111 1751/928/110 1752/925/110
f 1756/929/112 1753/930/111 1754/927/111
f 1758/931/113 1755/932/112 1756/929/112
f 1760/933/114 1757/934/113 1758/931/113
f 1762/935/115 1759/936/114 1760/933/114
f 1764/937/116 1761/938/115 1762/935/115
f 1766/939/117 1763/940/116 1764/937/116
f 1552/941/10 1765/942/117 1766/939/117
f 1770/943/118 1767/24/119 1768/739/119
f 1772/944/120 1769/945/118 1770/943/118
f 1774/946/121 1771/947/120 1772/944/120
f 1776/948/122 1773/949/123 1774/946/121
f 1778/950/124 1775/951/122 1776/948/122
f 1780/952/125 1777/953/124 1778/950/124
f 1782/954/126 1779/955/125 1780/952/125
f 1784/956/127 1781/957/126 1782/954/126
f 1786/958/128 1783/959/129 1784/956/127
f 1788/960/130 1785/8/128 1786/958/128
f 1790/760/131 1787/961/130 1788/960/130
f 1792/962/132 1789/479/131 1790/760/131
f 1794/963/133 1791/964/132 1792/962/132
f 1796/965/134 1793/966/133 1794/963/133
f 1798/967/135 1795/968/134 1796/965/134
f 1800/969/136 1797/970/135 1798/967/135
f 1802/971/137 1799/972/136 1800/969/136
f 1804/973/138 1801/974/137 1802/971/137
f 1806/975/139 1803/9/138 1804/973/138
f 1808/976/140 1805/977/139 1806/975/139
f 1810/978/141 1807/979/140 1808/976/140
f 1812/783/142 1809/980/141 1810/978/141
f 1814/981/143 1811/462/142 1812/783/142
f 1816/982/144 1813/983/143 1814/981/143
f 1818/984/145 1815/985/144 1816/982/144
f 1820/986/145 1817/987/145 1818/984/145
f 1822/988/145 1819/989/145 1820/986/145
f 1824/990/145 1821/25/145 1822/988/145
f 1826/991/145 1823/992/145 1824/990/145
f 1828/993/145 1825/994/145 1826/991/145
f 1830/995/145 1827/996/145 1828/993/145
f 1832/997/145 1829/998/145 1830/995/145
f 1834/805/145 1831/999/145 1832/997/145
f 1836/1000/145 1833/203/145 1834/805/145
f 1838/1001/145 1835/1002/145 1836/1000/145
f 1840/1003/146 1837/1004/145 1838/1001/145
f 1842/1005/147 1839/41/146 1840/1003/146
f 1844/1006/148 1841/1007/147 1842/1005/147
f 1846/1008/149 1843/1009/148 1844/1006/148
f 1848/1010/150 1845/1011/149 1846/1008/149
f 1850/1012/151 1847/1013/150 1848/1010/150
f 1852/1014/152 1849/1015/151 1850/1012/151
f 1854/1016/153 1851/1017/152 1852/1014/152
f 1856/828/154 1853/1018/153 1854/1016/153
f 1858/1019/155 1855/365/154 1856/828/154
f 1860/1020/156 1857/58/155 1858/1019/155
f 1862/1021/157 1859/1022/156 1860/1020/156
f 1864/1023/158 1861/1024/157 1862/1021/157
f 1866/1025/159 1863/1026/160 1864/1023/158
f 1868/1027/161 1865/1028/159 1866/1025/159
f 1870/1029/162 1867/1030/161 1868/1027/161
f 1872/1031/163 1869/1032/162 1870/1029/162
f 1874/1033/164 1871/1034/163 1872/1031/163
f 1876/1035/165 1873/1036/164 1874/1033/164
f 1878/850/166 1875/45/165 1876/1035/165
f 1880/1037/167 1877/401/166 1878/850/166
f 1882/1038/168 1879/1039/167 1880/1037/167
f 1884/1040/32 1881/1041/168 1882/1038/168
f 1886/1042/169 1883/1043/32 1884/1040/32
f 1888/1044/170 1885/1045/169 1886/1042/169
f 1890/1046/171 1887/1047/170 1888/1044/170
f 1892/1048/172 1889/1049/171 1890/1046/171
f 1894/1050/172 1891/1051/172 1892/1048/172
f 1896/1052/172 1893/74/172 1894/1050/172
f 1898/1053/172 1895/1054/172 1896/1052/172
f 1900/873/172 1897/1055/172 1898/1053/172
f 1902/1056/172 1899/258/172 1900/873/172
f 1904/1057/172 1901/1058/172 1902/1056/172
f 1906/1059/172 1903/1060/172 1904/1057/172
f 1908/1061/172 1905/1062/172 1906/1059/172
f 1910/1063/172 1907/1064/172 1908/1061/172
f 1912/1065/172 1909/1066/172 1910/1063/172
f 1914/1067/173 1911/89/172 1912/1065/172
f 1916/1068/174 1913/1069/173 1914/1067/173
f 1918/1070/175 1915/1071/174 1916/1068/174
f 1920/1072/176 1917/1073/175 1918/1070/175
f 1922/895/177 1919/1074/176 1920/1072/176
f 1924/1075/178 1921/382/177 1922/895/177
f 1926/1076/179 1923/1077/178 1924/1075/178
f 1928/1078/45 1925/1079/179 1926/1076/179
f 1930/1080/180 1927/1081/45 1928/1078/45
f 1932/1082/181 1929/73/180 1930/1080/180
f 1934/1083/182 1931/1084/181 1932/1082/181
f 1936/1085/183 1933/1086/182 1934/1083/182
f 1938/1087/184 1935/1088/183 1936/1085/183
f 1940/1089/185 1937/1090/184 1938/1087/184
f 1942/1091/186 1939/1092/185 1940/1089/185
f 1944/918/187 1941/1093/186 1942/1091/186
f 1946/1094/188 1943/348/189 1944/918/187
f 1948/1095/190 1945/1096/188 1946/1094/188
f 1950/1097/191 1947/61/190 1948/1095/190
f 1952/1098/192 1949/1099/191 1950/1097/191
f 1954/1100/193 1951/1101/192 1952/1098/192
f 1956/1102/194 1953/1103/193 1954/1100/193
f 1958/1104/195 1955/1105/194 1956/1102/194
f 1960/1106/196 1957/1107/195 1958/1104/195
f 1962/1108/197 1959/1109/198 1960/1106/196
f 1964/1110/199 1961/1111/200 1962/1108/197
f 1768/941/119 1963/1112/201 1964/1110/199
f 1968/1113/202 1965/24/203 1966/739/203
f 1970/1114/204 1967/1115/202 1968/1113/202
f 1972/1116/205 1969/1117/204 1970/1114/204
f 1974/1118/206 1971/1119/205 1972/1116/205
f 1976/1120/207 1973/1121/206 1974/1118/206
f 1978/1122/208 1975/1123/207 1976/1120/207
f 1980/1124/209 1977/1125/208 1978/1122/208
f 1982/1126/210 1979/1127/209 1980/1124/209
f 1984/1128/211 1981/1129/210 1982/1126/210
f 1986/1130/212 1983/1131/211 1984/1128/211
f 1988/1132/213 1985/177/212 1986/1130/212
f 1990/1133/214 1987/1134/213 1988/1132/213
f 1992/1135/215 1989/1136/214 1990/1133/214
f 1994/1137/216 1991/1138/215 1992/1135/215
f 1996/1139/217 1993/1140/216 1994/1137/216
f 1998/1141/218 1995/1142/217 1996/1139/217
f 2000/1143/219 1997/1144/218 1998/1141/218
f 2002/1145/220 1999/1146/219 2000/1143/219
f 2004/1147/221 2001/1148/220 2002/1145/220
f 2006/1149/222 2003/1150/221 2004/1147/221
f 2008/1151/223 2005/241/222 2006/1149/222
f 2010/1152/224 2007/1153/223 2008/1151/223
f 2012/1154/225 2009/1155/224 2010/1152/224
f 2014/1156/226 2011/1157/225 2012/1154/225
f 2016/839/227 2013/1158/226 2014/1156/226
f 2018/1159/228 2015/53/227 2016/839/227
f 2020/1160/229 2017/1161/228 2018/1159/228
f 2022/1162/230 2019/1163/229 2020/1160/229
f 2024/1164/231 2021/1165/230 2022/1162/230
f 2026/1166/232 2023/1167/231 2024/1164/231
f 2028/1168/233 2025/260/234 2026/1166/232
f 2030/1169/235 2027/1170/233 2028/1168/233
f 2032/1171/236 2029/1172/235 2030/1169/235
f 2034/1173/237 2031/1174/236 2032/1171/236
f 2036/1175/238 2033/1176/239 2034/1173/237
f 2038/1177/240 2035/1178/241 2036/1175/238
f 2040/1179/242 2037/1180/240 2038/1177/240
f 2042/1181/243 2039/1182/242 2040/1179/242
f 2044/1183/244 2041/1184/243 2042/1181/243
f 2046/1185/245 2043/1186/244 2044/1183/244
f 2048/1187/246 2045/223/245 2046/1185/245
f 2050/1188/247 2047/1189/246 2048/1187/246
f 2052/1190/248 2049/1191/247 2050/1188/247
f 2054/1192/249 2051/1193/248 2052/1190/248
f 2056/1194/250 2053/1195/249 2054/1192/249
f 2058/1196/251 2055/1197/250 2056/1194/250
f 2060/1198/252 2057/1199/251 2058/1196/251
f 2062/1200/253 2059/1201/252 2060/1198/252
f 2064/1202/254 2061/1203/253 2062/1200/253
f 1966/941/203 2063/1204/254 2064/1202/254
f 2068/1205/255 2065/24/255 2066/739/255
f 2070/1206/255 2067/1207/255 2068/1205/255
f 2072/1208/255 2069/1209/255 2070/1206/255
f 2074/1210/255 2071/1211/255 2072/1208/255
f 2076/1212/255 2073/1213/255 2074/1210/255
f 2078/1214/255 2075/1215/255 2076/1212/255
f 2080/1216/255 2077/1217/255 2078/1214/255
f 2082/1218/255 2079/1219/255 2080/1216/255
f 2084/1220/255 2081/1221/255 2082/1218/255
f 2086/1222/255 2083/1223/255 2084/1220/255
f 2088/1224/256 2085/1225/255 2086/1222/255
f 2090/1226/257 2087/1227/256 2088/1224/256
f 2092/1228/258 2089/1229/257 2090/1226/257
f 2094/1230/259 2091/1231/260 2092/1228/258
f 2096/1232/261 2093/165/259 2094/1230/259
f 2098/1233/262 2095/1234/261 2096/1232/261
f 2100/1235/263 2097/1236/262 2098/1233/262
f 2102/1237/264 2099/1238/263 2100/1235/263
f 2104/1239/265 2101/1240/264 2102/1237/264
f 2106/1241/266 2103/1242/267 2104/1239/265
f 2108/1243/268 2105/1244/266 2106/1241/266
f 2110/1245/269 2107/1246/268 2108/1243/268
f 2112/1247/270 2109/1248/269 2110/1245/269
f 2114/1249/271 2111/1250/272 2112/1247/270
f 2116/1251/273 2113/1252/271 2114/1249/271
f 2118/1253/274 2115/1254/273 2116/1251/273
f 2120/1255/275 2117/1256/274 2118/1253/274
f 2122/1257/276 2119/1258/275 2120/1255/275
f 2124/1259/277 2121/212/278 2122/1257/276
f 2126/1260/279 2123/1261/277 2124/1259/277
f 2128/1262/280 2125/1263/279 2126/1260/279
f 2130/1264/281 2127/1265/280 2128/1262/280
f 2132/1266/282 2129/1267/281 2130/1264/281
f 2134/1268/283 2131/1269/282 2132/1266/282
f 2136/1270/284 2133/1271/283 2134/1268/283
f 2138/1272/285 2135/1273/284 2136/1270/284
f 2140/1274/286 2137/1275/285 2138/1272/285
f 2142/1276/287 2139/1277/286 2140/1274/286
f 2144/1278/288 2141/1279/287 2142/1276/287
f 2146/1280/289 2143/1281/288 2144/1278/288
f 2148/1282/290 2145/1283/289 2146/1280/289
f 2150/1284/291 2147/1285/290 2148/1282/290
f 2152/1286/292 2149/238/291 2150/1284/291
f 2154/1287/293 2151/1288/292 2152/1286/292
f 2156/1289/294 2153/1290/293 2154/1287/293
f 2158/1291/295 2155/1292/294 2156/1289/294
f 2160/1293/296 2157/1294/295 2158/1291/295
f 2162/1295/297 2159/1296/296 2160/1293/296
f 2164/839/298 2161/1297/297 2162/1295/297
f 2166/1298/299 2163/53/298 2164/839/298
f 2168/1299/300 2165/1300/299 2166/1298/299
f 2170/1301/301 2167/1302/300 2168/1299/300
f 2172/1303/302 2169/1304/301 2170/1301/301
f 2174/1305/303 2171/1306/302 2172/1303/302
f 2176/1307/304 2173/1308/303 2174/1305/303
f 2178/1309/305 2175/1310/306 2176/1307/304
f 2180/1311/307 2177/253/305 2178/1309/305
f 2182/1312/308 2179/1313/307 2180/1311/307
f 2184/1314/309 2181/1315/308 2182/1312/308
f 2186/1316/310 2183/1317/309 2184/1314/309
f 2188/1318/311 2185/1319/310 2186/1316/310
f 2190/1320/311 2187/1321/311 2188/1318/311
f 2192/1322/311 2189/1323/311 2190/1320/311
f 2194/1324/311 2191/1325/311 2192/1322/311
f 2196/1326/311 2193/1327/311 2194/1324/311
f 2198/1328/311 2195/1329/311 2196/1326/311
f 2200/1330/311 2197/1331/311 2198/1328/311
f 2202/1332/311 2199/1333/311 2200/1330/311
f 2204/1334/311 2201/1335/311 2202/1332/311
f 2206/1336/311 2203/1337/311 2204/1334/311
f 2208/1338/311 2205/248/311 2206/1336/311
f 2210/1339/312 2207/1340/311 2208/1338/311
f 2212/1341/313 2209/1342/312 2210/1339/312
f 2214/1343/314 2211/1344/315 2212/1341/313
f 2216/1345/316 2213/1346/314 2214/1343/314
f 2218/1347/317 2215/1348/316 2216/1345/316
f 2220/1349/318 2217/1350/317 2218/1347/317
f 2222/1351/319 2219/1352/318 2220/1349/318
f 2224/1353/320 2221/1354/319 2222/1351/319
f 2226/1355/321 2223/1356/322 2224/1353/320
f 2228/1357/323 2225/1358/324 2226/1355/321
f 2230/1359/325 2227/1360/323 2228/1357/323
f 2232/1361/326 2229/1362/327 2230/1359/325
f 2234/1363/328 2231/1364/326 2232/1361/326
f 2236/1365/329 2233/217/330 2234/1363/328
f 2238/1366/331 2235/1367/329 2236/1365/329
f 2240/1368/332 2237/1369/331 2238/1366/331
f 2242/1370/333 2239/1371/332 2240/1368/332
f 2244/1372/334 2241/1373/333 2242/1370/333
f 2246/1374/335 2243/1375/336 2244/1372/334
f 2248/1376/337 2245/1377/338 2246/1374/335
f 2250/1378/339 2247/1379/337 2248/1376/337
f 2252/1380/340 2249/1381/341 2250/1378/339
f 2254/1382/342 2251/1383/340 2252/1380/340
f 2256/1384/343 2253/1385/342 2254/1382/342
f 2258/1386/344 2255/1387/343 2256/1384/343
f 2260/1388/345 2257/1389/344 2258/1386/344
f 2066/941/255 2259/1390/345 2260/1388/345
f 2264/1391/255 2261/24/255 2262/739/255
f 2266/1392/255 2263/565/255 2264/1391/255
f 2268/1393/255 2265/569/255 2266/1392/255
f 2270/1394/255 2267/583/255 2268/1393/255
f 2272/1395/255 2269/595/255 2270/1394/255
f 2274/1396/255 2271/602/255 2272/1395/255
f 2276/1397/255 2273/597/255 2274/1396/255
f 2278/1398/255 2275/594/255 2276/1397/255
f 2280/1399/255 2277/584/255 2278/1398/255
f 2282/1400/255 2279/570/255 2280/1399/255
f 2284/1401/346 2281/566/255 2282/1400/255
f 2286/1402/347 2283/562/348 2284/1401/346
f 2288/1403/349 2285/558/347 2286/1402/347
f 2290/1404/350 2287/556/349 2288/1403/349
f 2292/1405/351 2289/554/350 2290/1404/350
f 2294/1406/352 2291/552/351 2292/1405/351
f 2296/1407/353 2293/551/352 2294/1406/352
f 2298/1408/354 2295/549/355 2296/1407/353
f 2300/1409/356 2297/546/357 2298/1408/354
f 2302/1410/358 2299/541/359 2300/1409/356
f 2304/1411/360 2301/535/358 2302/1410/358
f 2306/1412/361 2303/531/360 2304/1411/360
f 2308/1413/362 2305/529/361 2306/1412/361
f 2310/1414/363 2307/527/364 2308/1413/362
f 2312/1415/365 2309/488/366 2310/1414/363
f 2314/1416/367 2311/489/365 2312/1415/365
f 2316/1417/368 2313/492/369 2314/1416/367
f 2318/1418/370 2315/499/368 2316/1417/368
f 2320/1419/371 2317/503/370 2318/1418/370
f 2322/1420/372 2319/508/371 2320/1419/371
f 2324/1421/373 2321/512/372 2322/1420/372
f 2326/1422/374 2323/515/373 2324/1421/373
f 2328/1423/375 2325/517/374 2326/1422/374
f 2330/1424/376 2327/519/375 2328/1423/375
f 2332/1425/377 2329/521/376 2330/1424/376
f 2334/1426/378 2331/523/377 2332/1425/377
f 2336/839/311 2333/525/378 2334/1426/378
f 2338/1427/311 2335/53/311 2336/839/311
f 2340/1428/311 2337/509/311 2338/1427/311
f 2342/1429/311 2339/505/311 2340/1428/311
f 2344/1430/311 2341/502/311 2342/1429/311
f 2346/1431/311 2343/498/311 2344/1430/311
f 2348/1432/311 2345/493/311 2346/1431/311
f 2350/1433/311 2347/494/311 2348/1432/311
f 2352/1434/311 2349/534/311 2350/1433/311
f 2354/1435/311 2351/537/311 2352/1434/311
f 2356/1436/311 2353/540/311 2354/1435/311
f 2358/1437/379 2355/543/311 2356/1436/311
f 2360/1438/380 2357/545/379 2358/1437/379
f 2362/1439/381 2359/559/380 2360/1438/380
f 2364/1440/382 2361/630/381 2362/1439/381
f 2366/1441/383 2363/627/382 2364/1440/382
f 2368/1442/384 2365/625/231 2366/1441/383
f 2370/1443/385 2367/623/384 2368/1442/384
f 2372/1444/386 2369/621/387 2370/1443/385
f 2374/1445/388 2371/619/389 2372/1444/386
f 2376/1446/390 2373/616/388 2374/1445/388
f 2378/1447/391 2375/613/390 2376/1446/390
f 2380/1448/392 2377/610/393 2378/1447/391
f 2382/1449/394 2379/606/395 2380/1448/392
f 2384/1450/396 2381/603/397 2382/1449/394
f 2386/1451/398 2383/593/396 2384/1450/396
f 2388/1452/399 2385/589/398 2386/1451/398
f 2390/1453/400 2387/586/399 2388/1452/399
f 2392/1454/401 2389/582/402 2390/1453/400
f 2394/1455/403 2391/580/404 2392/1454/401
f 2396/1456/405 2393/576/406 2394/1455/403
f 2398/1457/407 2395/571/258 2396/1456/405
f 2400/1458/408 2397/572/407 2398/1457/407
f 2402/1459/409 2399/591/408 2400/1458/408
f 2404/1460/410 2401/604/409 2402/1459/409
f 2406/1461/411 2403/609/410 2404/1460/410
f 2408/1462/412 2405/614/411 2406/1461/411
f 2262/941/255 2407/618/412 2408/1462/412
f 2412/1391/172 2409/24/172 2410/739/172
f 2414/1392/172 2411/565/172 2412/1391/172
f 2416/1393/172 2413/569/172 2414/1392/172
f 2418/1394/172 2415/583/172 2416/1393/172
f 2420/1395/172 2417/595/172 2418/1394/172
f 2422/1396/172 2419/602/172 2420/1395/172
f 2424/1397/172 2421/597/172 2422/1396/172
f 2426/1398/172 2423/594/172 2424/1397/172
f 2428/1399/172 2425/584/172 2426/1398/172
f 2430/1400/172 2427/570/172 2428/1399/172
f 2432/1401/413 2429/566/172 2430/1400/172
f 2434/1402/414 2431/562/413 2432/1401/413
f 2436/1403/415 2433/558/414 2434/1402/414
f 2438/1404/416 2435/556/415 2436/1403/415
f 2440/1405/417 2437/554/416 2438/1404/416
f 2442/1406/418 2439/552/417 2440/1405/417
f 2444/1407/419 2441/551/418 2442/1406/418
f 2446/1408/420 2443/549/419 2444/1407/419
f 2448/1409/421 2445/546/420 2446/1408/420
f 2450/1410/43 2447/541/421 2448/1409/421
f 2452/1411/422 2449/535/43 2450/1410/43
f 2454/1412/423 2451/531/422 2452/1411/422
f 2456/1413/424 2453/529/423 2454/1412/423
f 2458/1414/425 2455/527/424 2456/1413/424
f 2460/1415/426 2457/488/425 2458/1414/425
f 2462/1416/427 2459/489/426 2460/1415/426
f 2464/1417/428 2461/492/427 2462/1416/427
f 2466/1418/429 2463/499/428 2464/1417/428
f 2468/1419/430 2465/503/429 2466/1418/429
f 2470/1420/431 2467/508/430 2468/1419/430
f 2472/1421/432 2469/512/431 2470/1420/431
f 2474/1422/433 2471/515/432 2472/1421/432
f 2476/1423/434 2473/517/433 2474/1422/433
f 2478/1424/435 2475/519/434 2476/1423/434
f 2480/1425/436 2477/521/435 2478/1424/435
f 2482/1426/437 2479/523/436 2480/1425/436
f 2484/839/145 2481/525/437 2482/1426/437
f 2486/1427/145 2483/53/145 2484/839/145
f 2488/1428/145 2485/509/145 2486/1427/145
f 2490/1429/145 2487/505/145 2488/1428/145
f 2492/1430/145 2489/502/145 2490/1429/145
f 2494/1431/145 2491/498/145 2492/1430/145
f 2496/1432/145 2493/493/145 2494/1431/145
f 2498/1433/145 2495/494/145 2496/1432/145
f 2500/1434/145 2497/534/145 2498/1433/145
f 2502/1435/145 2499/537/145 2500/1434/145
f 2504/1436/145 2501/540/145 2502/1435/145
f 2506/1437/438 2503/543/145 2504/1436/145
f 2508/1438/439 2505/545/438 2506/1437/438
f 2510/1439/440 2507/559/439 2508/1438/439
f 2512/1440/148 2509/630/440 2510/1439/440
f 2514/1441/441 2511/627/148 2512/1440/148
f 2516/1442/442 2513/625/441 2514/1441/441
f 2518/1443/443 2515/623/442 2516/1442/442
f 2520/1444/444 2517/621/443 2518/1443/443
f 2522/1445/445 2519/619/444 2520/1444/444
f 2524/1446/446 2521/616/445 2522/1445/445
f 2526/1447/447 2523/613/446 2524/1446/446
f 2528/1448/448 2525/610/447 2526/1447/447
f 2530/1449/449 2527/606/448 2528/1448/448
f 2532/1450/450 2529/603/451 2530/1449/449
f 2534/1451/452 2531/593/453 2532/1450/450
f 2536/1452/454 2533/589/452 2534/1451/452
f 2538/1453/455 2535/586/454 2536/1452/454
f 2540/1454/456 2537/582/455 2538/1453/455
f 2542/1455/457 2539/580/456 2540/1454/456
f 2544/1456/458 2541/576/457 2542/1455/457
f 2546/1457/459 2543/571/458 2544/1456/458
f 2548/1458/460 2545/572/459 2546/1457/459
f 2550/1459/461 2547/591/460 2548/1458/460
f 2552/1460/462 2549/604/461 2550/1459/461
f 2554/1461/463 2551/609/462 2552/1460/462
f 2556/1462/464 2553/614/463 2554/1461/463
f 2410/941/172 2555/618/464 2556/1462/464
f 2560/1463/465 2557/24/10 2558/739/10
f 2562/1464/466 2559/1465/465 2560/1463/465
f 2564/1466/467 2561/1467/468 2562/1464/466
f 2566/1468/469 2563/1469/470 2564/1466/467
f 2568/1470/471 2565/1471/469 2566/1468/469
f 2570/1472/472 2567/1473/473 2568/1470/471
f 2572/1474/474 2569/1475/472 2570/1472/472
f 2574/1476/475 2571/1477/476 2572/1474/474
f 2576/1478/477 2573/1479/475 2574/1476/475
f 2578/1480/478 2575/1481/479 2576/1478/477
f 2580/1482/480 2577/1483/481 2578/1480/478
f 2582/1484/482 2579/1485/480 2580/1482/480
f 2584/1486/483 2581/1487/482 2582/1484/482
f 2586/1488/484 2583/1489/483 2584/1486/483
f 2588/1490/485 2585/1491/486 2586/1488/484
f 2590/1492/487 2587/1493/488 2588/1490/485
f 2592/1494/489 2589/1495/487 2590/1492/487
f 2594/1496/490 2591/1497/489 2592/1494/489
f 2596/1498/491 2593/1499/490 2594/1496/490
f 2598/1500/492 2595/1501/493 2596/1498/491
f 2600/1502/494 2597/1503/492 2598/1500/492
f 2602/1504/495 2599/1505/494 2600/1502/494
f 2604/1506/496 2601/1507/495 2602/1504/495
f 2606/1508/497 2603/1509/496 2604/1506/496
f 2608/1510/498 2605/1511/497 2606/1508/497
f 2610/1512/499 2607/1513/498 2608/1510/498
f 2612/1514/64 2609/1515/500 2610/1512/499
f 2614/1516/501 2611/1517/64 2612/1514/64
f 2616/1518/502 2613/1519/501 2614/1516/501
f 2618/1520/503 2615/1521/502 2616/1518/502
f 2620/1522/504 2617/1523/503 2618/1520/503
f 2622/1524/505 2619/1525/504 2620/1522/504
f 2624/1526/506 2621/1527/505 2622/1524/505
f 2626/1528/507 2623/1529/506 2624/1526/506
f 2628/1530/41 2625/1531/507 2626/1528/507
f 2630/1532/508 2627/1533/41 2628/1530/41
f 2632/1534/509 2629/1535/508 2630/1532/508
f 2634/1536/510 2631/1537/509 2632/1534/509
f 2636/1538/511 2633/1539/512 2634/1536/510
f 2638/1540/513 2635/1541/511 2636/1538/511
f 2640/1542/514 2637/1543/513 2638/1540/513
f 2642/1544/515 2639/1545/514 2640/1542/514
f 2644/1546/516 2641/1547/515 2642/1544/515
f 2646/1548/517 2643/1549/516 2644/1546/516
f 2648/1550/518 2645/1551/517 2646/1548/517
f 2650/1552/519 2647/1553/518 2648/1550/518
f 2652/1554/520 2649/1555/519 2650/1552/519
f 2654/1556/521 2651/1557/520 2652/1554/520
f 2656/1558/522 2653/1559/521 2654/1556/521
f 2658/1560/523 2655/1561/522 2656/1558/522
f 2660/1562/524 2657/1563/523 2658/1560/523
f 2662/1564/525 2659/1565/524 2660/1562/524
f 2664/839/526 2661/1566/525 2662/1564/525
f 2666/1567/527 2663/53/526 2664/839/526
f 2668/1568/528 2665/1569/527 2666/1567/527
f 2670/1570/529 2667/1571/528 2668/1568/528
f 2672/1572/530 2669/1573/531 2670/1570/529
f 2674/1574/532 2671/1575/530 2672/1572/530
f 2676/1576/533 2673/1577/532 2674/1574/532
f 2678/1578/534 2675/1579/535 2676/1576/533
f 2680/1580/536 2677/1581/537 2678/1578/534
f 2682/1582/538 2679/1583/536 2680/1580/536
f 2684/1584/539 2681/1585/538 2682/1582/538
f 2686/1586/540 2683/1587/539 2684/1584/539
f 2688/1588/541 2685/1589/540 2686/1586/540
f 2690/1590/542 2687/1591/541 2688/1588/541
f 2692/1592/543 2689/1593/544 2690/1590/542
f 2694/1594/545 2691/1595/546 2692/1592/543
f 2696/1596/547 2693/1597/545 2694/1594/545
f 2698/1598/548 2695/1599/547 2696/1596/547
f 2700/1600/549 2697/1601/548 2698/1598/548
f 2702/1602/550 2699/1603/549 2700/1600/549
f 2704/1604/551 2701/1605/550 2702/1602/550
f 2706/1606/552 2703/1607/551 2704/1604/551
f 2708/1608/553 2705/1609/552 2706/1606/552
f 2710/1610/554 2707/1611/553 2708/1608/553
f 2712/1612/555 2709/1613/554 2710/1610/554
f 2714/1614/556 2711/1615/557 2712/1612/555
f 2716/1616/558 2713/1617/556 2714/1614/556
f 2718/1618/559 2715/1619/558 2716/1616/558
f 2720/1620/560 2717/1621/559 2718/1618/559
f 2722/1622/561 2719/1623/560 2720/1620/560
f 2724/1624/562 2721/1625/561 2722/1622/561
f 2726/1626/563 2723/1627/562 2724/1624/562
f 2728/1628/564 2725/1629/563 2726/1626/563
f 2730/1630/565 2727/1631/564 2728/1628/564
f 2732/1632/566 2729/1633/565 2730/1630/565
f 2734/1634/567 2731/1635/566 2732/1632/566
f 2736/1636/568 2733/1637/567 2734/1634/567
f 2738/1638/569 2735/1639/568 2736/1636/568
f 2740/1640/570 2737/1641/569 2738/1638/569
f 2742/1642/571 2739/1643/570 2740/1640/570
f 2744/1644/572 2741/1645/571 2742/1642/571
f 2746/1646/573 2743/1647/572 2744/1644/572
f 2748/1648/574 2745/1649/573 2746/1646/573
f 2750/1650/575 2747/1651/574 2748/1648/574
f 2752/1652/576 2749/1653/575 2750/1650/575
f 2754/1654/577 2751/1655/576 2752/1652/576
f 2756/1656/578 2753/1657/577 2754/1654/577
f 2758/1658/579 2755/1659/578 2756/1656/578
f 2760/1660/580 2757/1661/579 2758/1658/579
f 2762/1662/581 2759/1663/580 2760/1660/580
f 2764/1664/582 2761/1665/581 2762/1662/581
f 2766/1666/583 2763/1667/582 2764/1664/582
f 2768/1668/584 2765/1669/583 2766/1666/583
f 2558/941/10 2767/1670/584 2768/1668/584
f 2772/1671/585 2769/24/586 2770/739/586
f 2774/1672/587 2771/1673/585 2772/1671/585
f 2776/1674/588 2773/1675/587 2774/1672/587
f 2778/1676/589 2775/1677/588 2776/1674/588
f 2780/1678/590 2777/1679/589 2778/1676/589
f 2782/1680/591 2779/1681/592 2780/1678/590
f 2784/958/593 2781/1682/594 2782/1680/591
f 2786/1683/595 2783/8/593 2784/958/593
f 2788/1684/549 2785/1685/595 2786/1683/595
f 2790/1686/596 2787/1687/549 2788/1684/549
f 2792/1230/597 2789/1688/596 2790/1686/596
f 2794/1689/598 2791/165/597 2792/1230/597
f 2796/1690/599 2793/1691/598 2794/1689/598
f 2798/973/600 2795/1692/599 2796/1690/599
f 2800/1693/601 2797/9/600 2798/973/600
f 2802/1694/602 2799/1695/601 2800/1693/601
f 2804/1696/603 2801/1697/602 2802/1694/602
f 2806/1698/604 2803/1699/603 2804/1696/603
f 2808/1700/605 2805/1701/604 2806/1698/604
f 2810/1702/606 2807/1703/605 2808/1700/605
f 2812/988/607 2809/1704/606 2810/1702/606
f 2814/1257/608 2811/25/609 2812/988/607
f 2816/1705/541 2813/212/608 2814/1257/608
f 2818/1706/610 2815/1707/541 2816/1705/541
f 2820/1708/611 2817/1709/610 2818/1706/610
f 2822/1710/612 2819/1711/613 2820/1708/611
f 2824/1712/614 2821/1713/615 2822/1710/612
f 2826/1003/616 2823/1714/617 2824/1712/614
f 2828/1715/618 2825/41/619 2826/1003/616
f 2830/1716/620 2827/1717/621 2828/1715/618
f 2832/1718/622 2829/1719/620 2830/1716/620
f 2834/1720/623 2831/1721/624 2832/1718/622
f 2836/1284/625 2833/1722/626 2834/1720/623
f 2838/1723/627 2835/238/628 2836/1284/625
f 2840/1019/629 2837/1724/630 2838/1723/627
f 2842/1725/631 2839/58/632 2840/1019/629
f 2844/1726/633 2841/1727/634 2842/1725/631
f 2846/1728/635 2843/1729/633 2844/1726/633
f 2848/1730/636 2845/1731/637 2846/1728/635
f 2850/1732/638 2847/1733/639 2848/1730/636
f 2852/1734/640 2849/1735/641 2850/1732/638
f 2854/1035/642 2851/1736/643 2852/1734/640
f 2856/1737/644 2853/45/645 2854/1035/642
f 2858/1309/646 2855/1738/647 2856/1737/644
f 2860/1739/648 2857/253/646 2858/1309/646
f 2862/1740/649 2859/1741/648 2860/1739/648
f 2864/1742/650 2861/1743/651 2862/1740/649
f 2866/1744/652 2863/1745/653 2864/1742/650
f 2868/1050/654 2865/1746/652 2866/1744/652
f 2870/1747/310 2867/74/655 2868/1050/654
f 2872/1748/656 2869/1749/310 2870/1747/310
f 2874/1750/657 2871/1751/658 2872/1748/656
f 2876/1752/659 2873/1753/660 2874/1750/657
f 2878/1754/661 2875/1755/659 2876/1752/659
f 2880/1336/662 2877/1756/661 2878/1754/661
f 2882/1065/663 2879/248/662 2880/1336/662
f 2884/1757/664 2881/89/663 2882/1065/663
f 2886/1758/665 2883/1759/664 2884/1757/664
f 2888/1760/666 2885/1761/665 2886/1758/665
f 2890/1762/667 2887/1763/666 2888/1760/666
f 2892/1764/668 2889/1765/667 2890/1762/667
f 2894/1766/669 2891/1767/668 2892/1764/668
f 2896/1080/670 2893/1768/669 2894/1766/669
f 2898/1769/671 2895/73/670 2896/1080/670
f 2900/1770/672 2897/1771/671 2898/1769/671
f 2902/1363/673 2899/1772/672 2900/1770/672
f 2904/1773/674 2901/217/673 2902/1363/673
f 2906/1774/675 2903/1775/674 2904/1773/674
f 2908/1776/676 2905/1777/675 2906/1774/675
f 2910/1095/677 2907/1778/678 2908/1776/676
f 2912/1779/679 2909/61/677 2910/1095/677
f 2914/1780/680 2911/1781/679 2912/1779/679
f 2916/1782/681 2913/1783/682 2914/1780/680
f 2918/1784/683 2915/1785/681 2916/1782/681
f 2920/1786/684 2917/1787/683 2918/1784/683
f 2922/1788/685 2919/1789/686 2920/1786/684
f 2770/941/586 2921/1790/685 2922/1788/685
f 2926/1791/687 2923/24/688 2924/739/689
f 2928/1792/690 2925/1793/691 2926/1791/687
f 2930/1794/692 2927/1795/690 2928/1792/690
f 2932/1796/693 2929/1797/692 2930/1794/692
f 2934/1798/694 2931/1799/695 2932/1796/693
f 2936/1800/324 2933/1801/694 2934/1798/694
f 2938/1802/696 2935/1803/324 2936/1800/324
f 2940/1804/697 2937/1805/698 2938/1802/696
f 2942/1806/699 2939/1807/700 2940/1804/697
f 2944/1808/701 2941/1809/702 2942/1806/699
f 2946/1810/703 2943/1811/704 2944/1808/701
f 2948/1812/705 2945/1813/706 2946/1810/703
f 2950/1814/707 2947/1815/705 2948/1812/705
f 2952/1816/708 2949/1817/707 2950/1814/707
f 2954/1818/709 2951/1819/710 2952/1816/708
f 2956/1820/711 2953/1821/712 2954/1818/709
f 2958/1822/713 2955/1823/714 2956/1820/711
f 2960/1824/715 2957/1825/713 2958/1822/713
f 2962/1826/716 2959/1827/715 2960/1824/715
f 2964/1828/717 2961/1829/716 2962/1826/716
f 2966/1830/718 2963/1831/717 2964/1828/717
f 2968/1832/719 2965/1833/718 2966/1830/718
f 2970/1834/720 2967/1835/719 2968/1832/719
f 2972/1836/721 2969/1837/720 2970/1834/720
f 2974/1838/722 2971/1839/344 2972/1836/721
f 2976/1840/723 2973/1841/722 2974/1838/722
f 2978/1842/724 2975/1843/723 2976/1840/723
f 2980/1844/725 2977/1845/724 2978/1842/724
f 2982/1846/726 2979/1847/725 2980/1844/725
f 2984/1848/727 2981/1849/726 2982/1846/726
f 2986/1850/728 2983/1851/727 2984/1848/727
f 2988/1852/729 2985/1853/728 2986/1850/728
f 2990/1854/730 2987/1855/729 2988/1852/729
f 2992/1856/731 2989/1857/732 2990/1854/730
f 2994/1858/733 2991/1859/731 2992/1856/731
f 2996/1860/734 2993/1861/733 2994/1858/733
f 2998/1862/735 2995/1863/734 2996/1860/734
f 3000/1864/736 2997/1865/735 2998/1862/735
f 3002/1866/737 2999/1867/736 3000/1864/736
f 3004/1868/738 3001/1869/737 3002/1866/737
f 3006/1870/739 3003/1871/738 3004/1868/738
f 3008/1872/740 3005/1873/739 3006/1870/739
f 3010/1874/741 3007/1875/740 3008/1872/740
f 3012/1876/742 3009/1877/741 3010/1874/741
f 3014/1878/743 3011/1879/742 3012/1876/742
f 3016/1880/744 3013/1881/743 3014/1878/743
f 3018/1882/745 3015/1883/744 3016/1880/744
f 3020/1884/746 3017/1885/745 3018/1882/745
f 3022/1886/747 3019/1887/748 3020/1884/746
f 3024/1888/749 3021/1889/747 3022/1886/747
f 3026/1890/750 3023/1891/751 3024/1888/749
f 3028/1892/752 3025/1893/753 3026/1890/750
f 3030/1894/754 3027/1895/755 3028/1892/752
f 3032/1896/756 3029/1897/757 3030/1894/754
f 3034/1898/758 3031/1899/759 3032/1896/756
f 3036/1900/760 3033/1901/758 3034/1898/758
f 3038/1902/761 3035/1903/762 3036/1900/760
f 3040/1904/763 3037/1905/761 3038/1902/761
f 3042/1906/764 3039/1907/763 3040/1904/763
f 3044/1908/765 3041/1909/764 3042/1906/764
f 3046/1910/766 3043/1911/767 3044/1908/765
f 3048/1912/768 3045/1913/766 3046/1910/766
f 3050/1914/769 3047/1915/768 3048/1912/768
f 3052/1916/770 3049/1917/769 3050/1914/769
f 3054/1918/771 3051/1919/770 3052/1916/770
f 3056/1920/772 3053/1921/773 3054/1918/771
f 3058/1922/774 3055/1923/775 3056/1920/772
f 3060/1924/776 3057/1925/774 3058/1922/774
f 3062/1926/777 3059/1927/778 3060/1924/776
f 3064/1928/779 3061/1929/777 3062/1926/777
f 3066/1930/780 3063/1931/781 3064/1928/779
f 3068/1932/782 3065/1933/780 3066/1930/780
f 3070/1934/783 3067/1935/784 3068/1932/782
f 3072/1936/785 3069/1937/786 3070/1934/783
f 3074/1938/787 3071/1939/788 3072/1936/785
f 3076/1940/789 3073/1941/790 3074/1938/787
f 3078/1942/311 3075/1943/791 3076/1940/789
f 3080/1944/311 3077/1945/311 3078/1942/311
f 3082/1946/311 3079/1947/311 3080/1944/311
f 3084/1948/311 3081/1949/311 3082/1946/311
f 3086/1950/311 3083/1951/311 3084/1948/311
f 3088/1952/311 3085/1953/311 3086/1950/311
f 3090/1954/311 3087/1955/311 3088/1952/311
f 3092/1956/311 3089/1957/311 3090/1954/311
f 3094/1958/311 3091/1959/311 3092/1956/311
f 3096/1960/311 3093/1961/311 3094/1958/311
f 3098/1962/311 3095/1963/311 3096/1960/311
f 3100/1964/792 3097/1965/311 3098/1962/311
f 2924/941/689 3099/1966/792 3100/1964/792
f 1554/738/9 1553/741/9 1551/24/10
f 1556/740/11 1555/743/11 1553/741/9
f 1558/742/12 1557/745/12 1555/743/11
f 1560/744/13 1559/747/13 1557/745/12
f 1562/746/14 1561/749/14 1559/747/13
f 1564/748/15 1563/751/15 1561/749/14
f 1566/750/16 1565/753/16 1563/751/15
f 1568/752/17 1567/755/17 1565/753/16
f 1570/754/18 1569/757/18 1567/755/17
f 1572/756/19 1571/759/19 1569/757/18
f 1574/758/20 1573/761/20 1571/759/19
f 1576/760/21 1575/479/21 1573/761/20
f 1578/762/22 1577/764/22 1575/479/21
f 1580/763/23 1579/766/23 1577/764/22
f 1582/765/24 1581/768/24 1579/766/23
f 1584/767/25 1583/770/25 1581/768/24
f 1586/769/26 1585/772/26 1583/770/25
f 1588/771/27 1587/774/27 1585/772/26
f 1590/773/28 1589/776/28 1587/774/27
f 1592/775/29 1591/778/29 1589/776/28
f 1594/777/30 1593/780/30 1591/778/29
f 1596/779/31 1595/782/31 1593/780/30
f 1598/781/32 1597/784/32 1595/782/31
f 1600/783/33 1599/462/33 1597/784/32
f 1602/785/34 1601/787/34 1599/462/33
f 1604/786/35 1603/789/35 1601/787/34
f 1606/788/36 1605/21/36 1603/789/35
f 1608/790/37 1607/792/37 1605/21/36
f 1610/791/38 1609/794/38 1607/792/37
f 1612/793/39 1611/796/39 1609/794/38
f 1614/795/40 1613/798/40 1611/796/39
f 1616/797/41 1615/800/41 1613/798/40
f 1618/799/42 1617/802/42 1615/800/41
f 1620/801/43 1619/804/43 1617/802/42
f 1622/803/44 1621/806/44 1619/804/43
f 1624/805/45 1623/203/45 1621/806/44
f 1626/807/46 1625/809/46 1623/203/45
f 1628/808/47 1627/811/47 1625/809/46
f 1630/810/48 1629/813/48 1627/811/47
f 1632/812/49 1631/815/49 1629/813/48
f 1634/814/50 1633/817/50 1631/815/49
f 1636/816/51 1635/819/51 1633/817/50
f 1638/818/52 1637/821/52 1635/819/51
f 1640/820/53 1639/823/53 1637/821/52
f 1642/822/54 1641/825/54 1639/823/53
f 1644/824/55 1643/827/55 1641/825/54
f 1646/826/56 1645/829/56 1643/827/55
f 1648/828/57 1647/365/57 1645/829/56
f 1650/830/58 1649/832/58 1647/365/57
f 1652/831/59 1651/834/59 1649/832/58
f 1654/833/60 1653/836/60 1651/834/59
f 1656/835/61 1655/838/61 1653/836/60
f 1658/837/62 1657/840/62 1655/838/61
f 1660/839/63 1659/53/63 1657/840/62
f 1662/841/64 1661/843/64 1659/53/63
f 1664/842/65 1663/845/65 1661/843/64
f 1666/844/66 1665/847/66 1663/845/65
f 1668/846/67 1667/849/67 1665/847/66
f 1670/848/68 1669/851/68 1667/849/67
f 1672/850/69 1671/401/69 1669/851/68
f 1674/852/70 1673/854/70 1671/401/69
f 1676/853/71 1675/856/71 1673/854/70
f 1678/855/72 1677/858/72 1675/856/71
f 1680/857/73 1679/860/73 1677/858/72
f 1682/859/74 1681/862/74 1679/860/73
f 1684/861/75 1683/864/75 1681/862/74
f 1686/863/76 1685/866/76 1683/864/75
f 1688/865/77 1687/868/77 1685/866/76
f 1690/867/78 1689/870/78 1687/868/77
f 1692/869/79 1691/872/79 1689/870/78
f 1694/871/80 1693/874/80 1691/872/79
f 1696/873/81 1695/258/81 1693/874/80
f 1698/875/82 1697/877/84 1695/258/81
f 1700/876/83 1699/879/83 1697/877/84
f 1702/878/85 1701/881/85 1699/879/83
f 1704/880/86 1703/883/86 1701/881/85
f 1706/882/87 1705/885/87 1703/883/86
f 1708/884/88 1707/887/88 1705/885/87
f 1710/886/89 1709/889/89 1707/887/88
f 1712/888/90 1711/891/90 1709/889/89
f 1714/890/91 1713/85/91 1711/891/90
f 1716/892/92 1715/894/92 1713/85/91
f 1718/893/93 1717/896/93 1715/894/92
f 1720/895/94 1719/382/94 1717/896/93
f 1722/897/95 1721/899/95 1719/382/94
f 1724/898/96 1723/901/96 1721/899/95
f 1726/900/97 1725/903/97 1723/901/96
f 1728/902/98 1727/905/98 1725/903/97
f 1730/904/99 1729/907/99 1727/905/98
f 1732/906/100 1731/909/100 1729/907/99
f 1734/908/101 1733/911/101 1731/909/100
f 1736/910/102 1735/913/102 1733/911/101
f 1738/912/103 1737/915/103 1735/913/102
f 1740/914/104 1739/917/104 1737/915/103
f 1742/916/105 1741/919/105 1739/917/104
f 1744/918/106 1743/348/106 1741/919/105
f 1746/920/107 1745/922/107 1743/348/106
f 1748/921/108 1747/924/108 1745/922/107
f 1750/923/109 1749/926/109 1747/924/108
f 1752/925/110 1751/928/110 1749/926/109
f 1754/927/111 1753/930/111 1751/928/110
f 1756/929/112 1755/932/112 1753/930/111
f 1758/931/113 1757/934/113 1755/932/112
f 1760/933/114 1759/936/114 1757/934/113
f 1762/935/115 1761/938/115 1759/936/114
f 1764/937/116 1763/940/116 1761/938/115
f 1766/939/117 1765/942/117 1763/940/116
f 1552/941/10 1551/26/10 1765/942/117
f 1770/943/118 1769/945/118 1767/24/119
f 1772/944/120 1771/947/120 1769/945/118
f 1774/946/121 1773/949/123 1771/947/120
f 1776/948/122 1775/951/122 1773/949/123
f 1778/950/124 1777/953/124 1775/951/122
f 1780/952/125 1779/955/125 1777/953/124
f 1782/954/126 1781/957/126 1779/955/125
f 1784/956/127 1783/959/129 1781/957/126
f 1786/958/128 1785/8/128 1783/959/129
f 1788/960/130 1787/961/130 1785/8/128
f 1790/760/131 1789/479/131 1787/961/130
f 1792/962/132 1791/964/132 1789/479/131
f 1794/963/133 1793/966/133 1791/964/132
f 1796/965/134 1795/968/134 1793/966/133
f 1798/967/135 1797/970/135 1795/968/134
f 1800/969/136 1799/972/136 1797/970/135
f 1802/971/137 1801/974/137 1799/972/136
f 1804/973/138 1803/9/138 1801/974/137
f 1806/975/139 1805/977/139 1803/9/138
f 1808/976/140 1807/979/140 1805/977/139
f 1810/978/141 1809/980/141 1807/979/140
f 1812/783/142 1811/462/142 1809/980/141
f 1814/981/143 1813/983/143 1811/462/142
f 1816/982/144 1815/985/144 1813/983/143
f 1818/984/145 1817/987/145 1815/985/144
f 1820/986/145 1819/989/145 1817/987/145
f 1822/988/145 1821/25/145 1819/989/145
f 1824/990/145 1823/992/145 1821/25/145
f 1826/991/145 1825/994/145 1823/992/145
f 1828/993/145 1827/996/145 1825/994/145
f 1830/995/145 1829/998/145 1827/996/145
f 1832/997/145 1831/999/145 1829/998/145
f 1834/805/145 1833/203/145 1831/999/145
f 1836/1000/145 1835/1002/145 1833/203/145
f 1838/1001/145 1837/1004/145 1835/1002/145
f 1840/1003/146 1839/41/146 1837/1004/145
f 1842/1005/147 1841/1007/147 1839/41/146
f 1844/1006/148 1843/1009/148 1841/1007/147
f 1846/1008/149 1845/1011/149 1843/1009/148
f 1848/1010/150 1847/1013/150 1845/1011/149
f 1850/1012/151 1849/1015/151 1847/1013/150
f 1852/1014/152 1851/1017/152 1849/1015/151
f 1854/1016/153 1853/1018/153 1851/1017/152
f 1856/828/154 1855/365/154 1853/1018/153
f 1858/1019/155 1857/58/155 1855/365/154
f 1860/1020/156 1859/1022/156 1857/58/155
f 1862/1021/157 1861/1024/157 1859/1022/156
f 1864/1023/158 1863/1026/160 1861/1024/157
f 1866/1025/159 1865/1028/159 1863/1026/160
f 1868/1027/161 1867/1030/161 1865/1028/159
f 1870/1029/162 1869/1032/162 1867/1030/161
f 1872/1031/163 1871/1034/163 1869/1032/162
f 1874/1033/164 1873/1036/164 1871/1034/163
f 1876/1035/165 1875/45/165 1873/1036/164
f 1878/850/166 1877/401/166 1875/45/165
f 1880/1037/167 1879/1039/167 1877/401/166
f 1882/1038/168 1881/1041/168 1879/1039/167
f 1884/1040/32 1883/1043/32 1881/1041/168
f 1886/1042/169 1885/1045/169 1883/1043/32
f 1888/1044/170 1887/1047/170 1885/1045/169
f 1890/1046/171 1889/1049/171 1887/1047/170
f 1892/1048/172 1891/1051/172 1889/1049/171
f 1894/1050/172 1893/74/172 1891/1051/172
f 1896/1052/172 1895/1054/172 1893/74/172
f 1898/1053/172 1897/1055/172 1895/1054/172
f 1900/873/172 1899/258/172 1897/1055/172
f 1902/1056/172 1901/1058/172 1899/258/172
f 1904/1057/172 1903/1060/172 1901/1058/172
f 1906/1059/172 1905/1062/172 1903/1060/172
f 1908/1061/172 1907/1064/172 1905/1062/172
f 1910/1063/172 1909/1066/172 1907/1064/172
f 1912/1065/172 1911/89/172 1909/1066/172
f 1914/1067/173 1913/1069/173 1911/89/172
f 1916/1068/174 1915/1071/174 1913/1069/173
f 1918/1070/175 1917/1073/175 1915/1071/174
f 1920/1072/176 1919/1074/176 1917/1073/175
f 1922/895/177 1921/382/177 1919/1074/176
f 1924/1075/178 1923/1077/178 1921/382/177
f 1926/1076/179 1925/1079/179 1923/1077/178
f 1928/1078/45 1927/1081/45 1925/1079/179
f 1930/1080/180 1929/73/180 1927/1081/45
f 1932/1082/181 1931/1084/181 1929/73/180
f 1934/1083/182 1933/1086/182 1931/1084/181
f 1936/1085/183 1935/1088/183 1933/1086/182
f 1938/1087/184 1937/1090/184 1935/1088/183
f 1940/1089/185 1939/1092/185 1937/1090/184
f 1942/1091/186 1941/1093/186 1939/1092/185
f 1944/918/187 1943/348/189 1941/1093/186
f 1946/1094/188 1945/1096/188 1943/348/189
f 1948/1095/190 1947/61/190 1945/1096/188
f 1950/1097/191 1949/1099/191 1947/61/190
f 1952/1098/192 1951/1101/192 1949/1099/191
f 1954/1100/193 1953/1103/193 1951/1101/192
f 1956/1102/194 1955/1105/194 1953/1103/193
f 1958/1104/195 1957/1107/195 1955/1105/194
f 1960/1106/196 1959/1109/198 1957/1107/195
f 1962/1108/197 1961/1111/200 1959/1109/198
f 1964/1110/199 1963/1112/201 1961/1111/200
f 1768/941/119 1767/26/119 1963/1112/201
f 1968/1113/202 1967/1115/202 1965/24/203
f 1970/1114/204 1969/1117/204 1967/1115/202
f 1972/1116/205 1971/1119/205 1969/1117/204
f 1974/1118/206 1973/1121/206 1971/1119/205
f 1976/1120/207 1975/1123/207 1973/1121/206
f 1978/1122/208 1977/1125/208 1975/1123/207
f 1980/1124/209 1979/1127/209 1977/1125/208
f 1982/1126/210 1981/1129/210 1979/1127/209
f 1984/1128/211 1983/1131/211 1981/1129/210
f 1986/1130/212 1985/177/212 1983/1131/211
f 1988/1132/213 1987/1134/213 1985/177/212
f 1990/1133/214 1989/1136/214 1987/1134/213
f 1992/1135/215 1991/1138/215 1989/1136/214
f 1994/1137/216 1993/1140/216 1991/1138/215
f 1996/1139/217 1995/1142/217 1993/1140/216
f 1998/1141/218 1997/1144/218 1995/1142/217
f 2000/1143/219 1999/1146/219 1997/1144/218
f 2002/1145/220 2001/1148/220 1999/1146/219
f 2004/1147/221 2003/1150/221 2001/1148/220
f 2006/1149/222 2005/241/222 2003/1150/221
f 2008/1151/223 2007/1153/223 2005/241/222
f 2010/1152/224 2009/1155/224 2007/1153/223
f 2012/1154/225 2011/1157/225 2009/1155/224
f 2014/1156/226 2013/1158/226 2011/1157/225
f 2016/839/227 2015/53/227 2013/1158/226
f 2018/1159/228 2017/1161/228 2015/53/227
f 2020/1160/229 2019/1163/229 2017/1161/228
f 2022/1162/230 2021/1165/230 2019/1163/229
f 2024/1164/231 2023/1167/231 2021/1165/230
f 2026/1166/232 2025/260/234 2023/1167/231
f 2028/1168/233 2027/1170/233 2025/260/234
f 2030/1169/235 2029/1172/235 2027/1170/233
f 2032/1171/236 2031/1174/236 2029/1172/235
f 2034/1173/237 2033/1176/239 2031/1174/236
f 2036/1175/238 2035/1178/241 2033/1176/239
f 2038/1177/240 2037/1180/240 2035/1178/241
f 2040/1179/242 2039/1182/242 2037/1180/240
f 2042/1181/243 2041/1184/243 2039/1182/242
f 2044/1183/244 2043/1186/244 2041/1184/243
f 2046/1185/245 2045/223/245 2043/1186/244
f 2048/1187/246 2047/1189/246 2045/223/245
f 2050/1188/247 2049/1191/247 2047/1189/246
f 2052/1190/248 2051/1193/248 2049/1191/247
f 2054/1192/249 2053/1195/249 2051/1193/248
f 2056/1194/250 2055/1197/250 2053/1195/249
f 2058/1196/251 2057/1199/251 2055/1197/250
f 2060/1198/252 2059/1201/252 2057/1199/251
f 2062/1200/253 2061/1203/253 2059/1201/252
f 2064/1202/254 2063/1204/254 2061/1203/253
f 1966/941/203 1965/26/203 2063/1204/254
f 2068/1205/255 2067/1207/255 2065/24/255
f 2070/1206/255 2069/1209/255 2067/1207/255
f 2072/1208/255 2071/1211/255 2069/1209/255
f 2074/1210/255 2073/1213/255 2071/1211/255
f 2076/1212/255 2075/1215/255 2073/1213/255
f 2078/1214/255 2077/1217/255 2075/1215/255
f 2080/1216/255 2079/1219/255 2077/1217/255
f 2082/1218/255 2081/1221/255 2079/1219/255
f 2084/1220/255 2083/1223/255 2081/1221/255
f 2086/1222/255 2085/1225/255 2083/1223/255
f 2088/1224/256 2087/1227/256 2085/1225/255
f 2090/1226/257 2089/1229/257 2087/1227/256
f 2092/1228/258 2091/1231/260 2089/1229/257
f 2094/1230/259 2093/165/259 2091/1231/260
f 2096/1232/261 2095/1234/261 2093/165/259
f 2098/1233/262 2097/1236/262 2095/1234/261
f 2100/1235/263 2099/1238/263 2097/1236/262
f 2102/1237/264 2101/1240/264 2099/1238/263
f 2104/1239/265 2103/1242/267 2101/1240/264
f 2106/1241/266 2105/1244/266 2103/1242/267
f 2108/1243/268 2107/1246/268 2105/1244/266
f 2110/1245/269 2109/1248/269 2107/1246/268
f 2112/1247/270 2111/1250/272 2109/1248/269
f 2114/1249/271 2113/1252/271 2111/1250/272
f 2116/1251/273 2115/1254/273 2113/1252/271
f 2118/1253/274 2117/1256/274 2115/1254/273
f 2120/1255/275 2119/1258/275 2117/1256/274
f 2122/1257/276 2121/212/278 2119/1258/275
f 2124/1259/277 2123/1261/277 2121/212/278
f 2126/1260/279 2125/1263/279 2123/1261/277
f 2128/1262/280 2127/1265/280 2125/1263/279
f 2130/1264/281 2129/1267/281 2127/1265/280
f 2132/1266/282 2131/1269/282 2129/1267/281
f 2134/1268/283 2133/1271/283 2131/1269/282
f 2136/1270/284 2135/1273/284 2133/1271/283
f 2138/1272/285 2137/1275/285 2135/1273/284
f 2140/1274/286 2139/1277/286 2137/1275/285
f 2142/1276/287 2141/1279/287 2139/1277/286
f 2144/1278/288 2143/1281/288 2141/1279/287
f 2146/1280/289 2145/1283/289 2143/1281/288
f 2148/1282/290 2147/1285/290 2145/1283/289
f 2150/1284/291 2149/238/291 2147/1285/290
f 2152/1286/292 2151/1288/292 2149/238/291
f 2154/1287/293 2153/1290/293 2151/1288/292
f 2156/1289/294 2155/1292/294 2153/1290/293
f 2158/1291/295 2157/1294/295 2155/1292/294
f 2160/1293/296 2159/1296/296 2157/1294/295
f 2162/1295/297 2161/1297/297 2159/1296/296
f 2164/839/298 2163/53/298 2161/1297/297
f 2166/1298/299 2165/1300/299 2163/53/298
f 2168/1299/300 2167/1302/300 2165/1300/299
f 2170/1301/301 2169/1304/301 2167/1302/300
f 2172/1303/302 2171/1306/302 2169/1304/301
f 2174/1305/303 2173/1308/303 2171/1306/302
f 2176/1307/304 2175/1310/306 2173/1308/303
f 2178/1309/305 2177/253/305 2175/1310/306
f 2180/1311/307 2179/1313/307 2177/253/305
f 2182/1312/308 2181/1315/308 2179/1313/307
f 2184/1314/309 2183/1317/309 2181/1315/308
f 2186/1316/310 2185/1319/310 2183/1317/309
f 2188/1318/311 2187/1321/311 2185/1319/310
f 2190/1320/311 2189/1323/311 2187/1321/311
f 2192/1322/311 2191/1325/311 2189/1323/311
f 2194/1324/311 2193/1327/311 2191/1325/311
f 2196/1326/311 2195/1329/311 2193/1327/311
f 2198/1328/311 2197/1331/311 2195/1329/311
f 2200/1330/311 2199/1333/311 2197/1331/311
f 2202/1332/311 2201/1335/311 2199/1333/311
f 2204/1334/311 2203/1337/311 2201/1335/311
f 2206/1336/311 2205/248/311 2203/1337/311
f 2208/1338/311 2207/1340/311 2205/248/311
f 2210/1339/312 2209/1342/312 2207/1340/311
f 2212/1341/313 2211/1344/315 2209/1342/312
f 2214/1343/314 2213/1346/314 2211/1344/315
f 2216/1345/316 2215/1348/316 2213/1346/314
f 2218/1347/317 2217/1350/317 2215/1348/316
f 2220/1349/318 2219/1352/318 2217/1350/317
f 2222/1351/319 2221/1354/319 2219/1352/318
f 2224/1353/320 2223/1356/322 2221/1354/319
f 2226/1355/321 2225/1358/324 2223/1356/322
f 2228/1357/323 2227/1360/323 2225/1358/324
f 2230/1359/325 2229/1362/327 2227/1360/323
f 2232/1361/326 2231/1364/326 2229/1362/327
f 2234/1363/328 2233/217/330 2231/1364/326
f 2236/1365/329 2235/1367/329 2233/217/330
f 2238/1366/331 2237/1369/331 2235/1367/329
f 2240/1368/332 2239/1371/332 2237/1369/331
f 2242/1370/333 2241/1373/333 2239/1371/332
f 2244/1372/334 2243/1375/336 2241/1373/333
f 2246/1374/335 2245/1377/338 2243/1375/336
f 2248/1376/337 2247/1379/337 2245/1377/338
f 2250/1378/339 2249/1381/341 2247/1379/337
f 2252/1380/340 2251/1383/340 2249/1381/341
f 2254/1382/342 2253/1385/342 2251/1383/340
f 2256/1384/343 2255/1387/343 2253/1385/342
f 2258/1386/344 2257/1389/344 2255/1387/343
f 2260/1388/345 2259/1390/345 2257/1389/344
f 2066/941/255 2065/26/255 2259/1390/345
f 2264/1391/255 2263/565/255 2261/24/255
f 2266/1392/255 2265/569/255 2263/565/255
f 2268/1393/255 2267/583/255 2265/569/255
f 2270/1394/255 2269/595/255 2267/583/255
f 2272/1395/255 2271/602/255 2269/595/255
f 2274/1396/255 2273/597/255 2271/602/255
f 2276/1397/255 2275/594/255 2273/597/255
f 2278/1398/255 2277/584/255 2275/594/255
f 2280/1399/255 2279/570/255 2277/584/255
f 2282/1400/255 2281/566/255 2279/570/255
f 2284/1401/346 2283/562/348 2281/566/255
f 2286/1402/347 2285/558/347 2283/562/348
f 2288/1403/349 2287/556/349 2285/558/347
f 2290/1404/350 2289/554/350 2287/556/349
f 2292/1405/351 2291/552/351 2289/554/350
f 2294/1406/352 2293/551/352 2291/552/351
f 2296/1407/353 2295/549/355 2293/551/352
f 2298/1408/354 2297/546/357 2295/549/355
f 2300/1409/356 2299/541/359 2297/546/357
f 2302/1410/358 2301/535/358 2299/541/359
f 2304/1411/360 2303/531/360 2301/535/358
f 2306/1412/361 2305/529/361 2303/531/360
f 2308/1413/362 2307/527/364 2305/529/361
f 2310/1414/363 2309/488/366 2307/527/364
f 2312/1415/365 2311/489/365 2309/488/366
f 2314/1416/367 2313/492/369 2311/489/365
f 2316/1417/368 2315/499/368 2313/492/369
f 2318/1418/370 2317/503/370 2315/499/368
f 2320/1419/371 2319/508/371 2317/503/370
f 2322/1420/372 2321/512/372 2319/508/371
f 2324/1421/373 2323/515/373 2321/512/372
f 2326/1422/374 2325/517/374 2323/515/373
f 2328/1423/375 2327/519/375 2325/517/374
f 2330/1424/376 2329/521/376 2327/519/375
f 2332/1425/377 2331/523/377 2329/521/376
f 2334/1426/378 2333/525/378 2331/523/377
f 2336/839/311 2335/53/311 2333/525/378
f 2338/1427/311 2337/509/311 2335/53/311
f 2340/1428/311 2339/505/311 2337/509/311
f 2342/1429/311 2341/502/311 2339/505/311
f 2344/1430/311 2343/498/311 2341/502/311
f 2346/1431/311 2345/493/311 2343/498/311
f 2348/1432/311 2347/494/311 2345/493/311
f 2350/1433/311 2349/534/311 2347/494/311
f 2352/1434/311 2351/537/311 2349/534/311
f 2354/1435/311 2353/540/311 2351/537/311
f 2356/1436/311 2355/543/311 2353/540/311
f 2358/1437/379 2357/545/379 2355/543/311
f 2360/1438/380 2359/559/380 2357/545/379
f 2362/1439/381 2361/630/381 2359/559/380
f 2364/1440/382 2363/627/382 2361/630/381
f 2366/1441/383 2365/625/231 2363/627/382
f 2368/1442/384 2367/623/384 2365/625/231
f 2370/1443/385 2369/621/387 2367/623/384
f 2372/1444/386 2371/619/389 2369/621/387
f 2374/1445/388 2373/616/388 2371/619/389
f 2376/1446/390 2375/613/390 2373/616/388
f 2378/1447/391 2377/610/393 2375/613/390
f 2380/1448/392 2379/606/395 2377/610/393
f 2382/1449/394 2381/603/397 2379/606/395
f 2384/1450/396 2383/593/396 2381/603/397
f 2386/1451/398 2385/589/398 2383/593/396
f 2388/1452/399 2387/586/399 2385/589/398
f 2390/1453/400 2389/582/402 2387/586/399
f 2392/1454/401 2391/580/404 2389/582/402
f 2394/1455/403 2393/576/406 2391/580/404
f 2396/1456/405 2395/571/258 2393/576/406
f 2398/1457/407 2397/572/407 2395/571/258
f 2400/1458/408 2399/591/408 2397/572/407
f 2402/1459/409 2401/604/409 2399/591/408
f 2404/1460/410 2403/609/410 2401/604/409
f 2406/1461/411 2405/614/411 2403/609/410
f 2408/1462/412 2407/618/412 2405/614/411
f 2262/941/255 2261/26/255 2407/618/412
f 2412/1391/172 2411/565/172 2409/24/172
f 2414/1392/172 2413/569/172 2411/565/172
f 2416/1393/172 2415/583/172 2413/569/172
f 2418/1394/172 2417/595/172 2415/583/172
f 2420/1395/172 2419/602/172 2417/595/172
f 2422/1396/172 2421/597/172 2419/602/172
f 2424/1397/172 2423/594/172 2421/597/172
f 2426/1398/172 2425/584/172 2423/594/172
f 2428/1399/172 2427/570/172 2425/584/172
f 2430/1400/172 2429/566/172 2427/570/172
f 2432/1401/413 2431/562/413 2429/566/172
f 2434/1402/414 2433/558/414 2431/562/413
f 2436/1403/415 2435/556/415 2433/558/414
f 2438/1404/416 2437/554/416 2435/556/415
f 2440/1405/417 2439/552/417 2437/554/416
f 2442/1406/418 2441/551/418 2439/552/417
f 2444/1407/419 2443/549/419 2441/551/418
f 2446/1408/420 2445/546/420 2443/549/419
f 2448/1409/421 2447/541/421 2445/546/420
f 2450/1410/43 2449/535/43 2447/541/421
f 2452/1411/422 2451/531/422 2449/535/43
f 2454/1412/423 2453/529/423 2451/531/422
f 2456/1413/424 2455/527/424 2453/529/423
f 2458/1414/425 2457/488/425 2455/527/424
f 2460/1415/426 2459/489/426 2457/488/425
f 2462/1416/427 2461/492/427 2459/489/426
f 2464/1417/428 2463/499/428 2461/492/427
f 2466/1418/429 2465/503/429 2463/499/428
f 2468/1419/430 2467/508/430 2465/503/429
f 2470/1420/431 2469/512/431 2467/508/430
f 2472/1421/432 2471/515/432 2469/512/431
f 2474/1422/433 2473/517/433 2471/515/432
f 2476/1423/434 2475/519/434 2473/517/433
f 2478/1424/435 2477/521/435 2475/519/434
f 2480/1425/436 2479/523/436 2477/521/435
f 2482/1426/437 2481/525/437 2479/523/436
f 2484/839/145 2483/53/145 2481/525/437
f 2486/1427/145 2485/509/145 2483/53/145
f 2488/1428/145 2487/505/145 2485/509/145
f 2490/1429/145 2489/502/145 2487/505/145
f 2492/1430/145 2491/498/145 2489/502/145
f 2494/1431/145 2493/493/145 2491/498/145
f 2496/1432/145 2495/494/145 2493/493/145
f 2498/1433/145 2497/534/145 2495/494/145
f 2500/1434/145 2499/537/145 2497/534/145
f 2502/1435/145 2501/540/145 2499/537/145
f 2504/1436/145 2503/543/145 2501/540/145
f 2506/1437/438 2505/545/438 2503/543/145
f 2508/1438/439 2507/559/439 2505/545/438
f 2510/1439/440 2509/630/440 2507/559/439
f 2512/1440/148 2511/627/148 2509/630/440
f 2514/1441/441 2513/625/441 2511/627/148
f 2516/1442/442 2515/623/442 2513/625/441
f 2518/1443/443 2517/621/443 2515/623/442
f 2520/1444/444 2519/619/444 2517/621/443
f 2522/1445/445 2521/616/445 2519/619/444
f 2524/1446/446 2523/613/446 2521/616/445
f 2526/1447/447 2525/610/447 2523/613/446
f 2528/1448/448 2527/606/448 2525/610/447
f 2530/1449/449 2529/603/451 2527/606/448
f 2532/1450/450 2531/593/453 2529/603/451
f 2534/1451/452 2533/589/452 2531/593/453
f 2536/1452/454 2535/586/454 2533/589/452
f 2538/1453/455 2537/582/455 2535/586/454
f 2540/1454/456 2539/580/456 2537/582/455
f 2542/1455/457 2541/576/457 2539/580/456
f 2544/1456/458 2543/571/458 2541/576/457
f 2546/1457/459 2545/572/459 2543/571/458
f 2548/1458/460 2547/591/460 2545/572/459
f 2550/1459/461 2549/604/461 2547/591/460
f 2552/1460/462 2551/609/462 2549/604/461
f 2554/1461/463 2553/614/463 2551/609/462
f 2556/1462/464 2555/618/464 2553/614/463
f 2410/941/172 2409/26/172 2555/618/464
f 2560/1463/465 2559/1465/465 2557/24/10
f 2562/1464/466 2561/1467/468 2559/1465/465
f 2564/1466/467 2563/1469/470 2561/1467/468
f 2566/1468/469 2565/1471/469 2563/1469/470
f 2568/1470/471 2567/1473/473 2565/1471/469
f 2570/1472/472 2569/1475/472 2567/1473/473
f 2572/1474/474 2571/1477/476 2569/1475/472
f 2574/1476/475 2573/1479/475 2571/1477/476
f 2576/1478/477 2575/1481/479 2573/1479/475
f 2578/1480/478 2577/1483/481 2575/1481/479
f 2580/1482/480 2579/1485/480 2577/1483/481
f 2582/1484/482 2581/1487/482 2579/1485/480
f 2584/1486/483 2583/1489/483 2581/1487/482
f 2586/1488/484 2585/1491/486 2583/1489/483
f 2588/1490/485 2587/1493/488 2585/1491/486
f 2590/1492/487 2589/1495/487 2587/1493/488
f 2592/1494/489 2591/1497/489 2589/1495/487
f 2594/1496/490 2593/1499/490 2591/1497/489
f 2596/1498/491 2595/1501/493 2593/1499/490
f 2598/1500/492 2597/1503/492 2595/1501/493
f 2600/1502/494 2599/1505/494 2597/1503/492
f 2602/1504/495 2601/1507/495 2599/1505/494
f 2604/1506/496 2603/1509/496 2601/1507/495
f 2606/1508/497 2605/1511/497 2603/1509/496
f 2608/1510/498 2607/1513/498 2605/1511/497
f 2610/1512/499 2609/1515/500 2607/1513/498
f 2612/1514/64 2611/1517/64 2609/1515/500
f 2614/1516/501 2613/1519/501 2611/1517/64
f 2616/1518/502 2615/1521/502 2613/1519/501
f 2618/1520/503 2617/1523/503 2615/1521/502
f 2620/1522/504 2619/1525/504 2617/1523/503
f 2622/1524/505 2621/1527/505 2619/1525/504
f 2624/1526/506 2623/1529/506 2621/1527/505
f 2626/1528/507 2625/1531/507 2623/1529/506
f 2628/1530/41 2627/1533/41 2625/1531/507
f 2630/1532/508 2629/1535/508 2627/1533/41
f 2632/1534/509 2631/1537/509 2629/1535/508
f 2634/1536/510 2633/1539/512 2631/1537/509
f 2636/1538/511 2635/1541/511 2633/1539/512
f 2638/1540/513 2637/1543/513 2635/1541/511
f 2640/1542/514 2639/1545/514 2637/1543/513
f 2642/1544/515 2641/1547/515 2639/1545/514
f 2644/1546/516 2643/1549/516 2641/1547/515
f 2646/1548/517 2645/1551/517 2643/1549/516
f 2648/1550/518 2647/1553/518 2645/1551/517
f 2650/1552/519 2649/1555/519 2647/1553/518
f 2652/1554/520 2651/1557/520 2649/1555/519
f 2654/1556/521 2653/1559/521 2651/1557/520
f 2656/1558/522 2655/1561/522 2653/1559/521
f 2658/1560/523 2657/1563/523 2655/1561/522
f 2660/1562/524 2659/1565/524 2657/1563/523
f 2662/1564/525 2661/1566/525 2659/1565/524
f 2664/839/526 2663/53/526 2661/1566/525
f 2666/1567/527 2665/1569/527 2663/53/526
f 2668/1568/528 2667/1571/528 2665/1569/527
f 2670/1570/529 2669/1573/531 2667/1571/528
f 2672/1572/530 2671/1575/530 2669/1573/531
f 2674/1574/532 2673/1577/532 2671/1575/530
f 2676/1576/533 2675/1579/535 2673/1577/532
f 2678/1578/534 2677/1581/537 2675/1579/535
f 2680/1580/536 2679/1583/536 2677/1581/537
f 2682/1582/538 2681/1585/538 2679/1583/536
f 2684/1584/539 2683/1587/539 2681/1585/538
f 2686/1586/540 2685/1589/540 2683/1587/539
f 2688/1588/541 2687/1591/541 2685/1589/540
f 2690/1590/542 2689/1593/544 2687/1591/541
f 2692/1592/543 2691/1595/546 2689/1593/544
f 2694/1594/545 2693/1597/545 2691/1595/546
f 2696/1596/547 2695/1599/547 2693/1597/545
f 2698/1598/548 2697/1601/548 2695/1599/547
f 2700/1600/549 2699/1603/549 2697/1601/548
f 2702/1602/550 2701/1605/550 2699/1603/549
f 2704/1604/551 2703/1607/551 2701/1605/550
f 2706/1606/552 2705/1609/552 2703/1607/551
f 2708/1608/553 2707/1611/553 2705/1609/552
f 2710/1610/554 2709/1613/554 2707/1611/553
f 2712/1612/555 2711/1615/557 2709/1613/554
f 2714/1614/556 2713/1617/556 2711/1615/557
f 2716/1616/558 2715/1619/558 2713/1617/556
f 2718/1618/559 2717/1621/559 2715/1619/558
f 2720/1620/560 2719/1623/560 2717/1621/559
f 2722/1622/561 2721/1625/561 2719/1623/560
f 2724/1624/562 2723/1627/562 2721/1625/561
f 2726/1626/563 2725/1629/563 2723/1627/562
f 2728/1628/564 2727/1631/564 2725/1629/563
f 2730/1630/565 2729/1633/565 2727/1631/564
f 2732/1632/566 2731/1635/566 2729/1633/565
f 2734/1634/567 2733/1637/567 2731/1635/566
f 2736/1636/568 2735/1639/568 2733/1637/567
f 2738/1638/569 2737/1641/569 2735/1639/568
f 2740/1640/570 2739/1643/570 2737/1641/569
f 2742/1642/571 2741/1645/571 2739/1643/570
f 2744/1644/572 2743/1647/572 2741/1645/571
f 2746/1646/573 2745/1649/573 2743/1647/572
f 2748/1648/574 2747/1651/574 2745/1649/573
f 2750/1650/575 2749/1653/575 2747/1651/574
f 2752/1652/576 2751/1655/576 2749/1653/575
f 2754/1654/577 2753/1657/577 2751/1655/576
f 2756/1656/578 2755/1659/578 2753/1657/577
f 2758/1658/579 2757/1661/579 2755/1659/578
f 2760/1660/580 2759/1663/580 2757/1661/579
f 2762/1662/581 2761/1665/581 2759/1663/580
f 2764/1664/582 2763/1667/582 2761/1665/581
f 2766/1666/583 2765/1669/583 2763/1667/582
f 2768/1668/584 2767/1670/584 2765/1669/583
f 2558/941/10 2557/26/10 2767/1670/584
f 2772/1671/585 2771/1673/585 2769/24/586
f 2774/1672/587 2773/1675/587 2771/1673/585
f 2776/1674/588 2775/1677/588 2773/1675/587
f 2778/1676/589 2777/1679/589 2775/1677/588
f 2780/1678/590 2779/1681/592 2777/1679/589
f 2782/1680/591 2781/1682/594 2779/1681/592
f 2784/958/593 2783/8/593 2781/1682/594
f 2786/1683/595 2785/1685/595 2783/8/593
f 2788/1684/549 2787/1687/549 2785/1685/595
f 2790/1686/596 2789/1688/596 2787/1687/549
f 2792/1230/597 2791/165/597 2789/1688/596
f 2794/1689/598 2793/1691/598 2791/165/597
f 2796/1690/599 2795/1692/599 2793/1691/598
f 2798/973/600 2797/9/600 2795/1692/599
f 2800/1693/601 2799/1695/601 2797/9/600
f 2802/1694/602 2801/1697/602 2799/1695/601
f 2804/1696/603 2803/1699/603 2801/1697/602
f 2806/1698/604 2805/1701/604 2803/1699/603
f 2808/1700/605 2807/1703/605 2805/1701/604
f 2810/1702/606 2809/1704/606 2807/1703/605
f 2812/988/607 2811/25/609 2809/1704/606
f 2814/1257/608 2813/212/608 2811/25/609
f 2816/1705/541 2815/1707/541 2813/212/608
f 2818/1706/610 2817/1709/610 2815/1707/541
f 2820/1708/611 2819/1711/613 2817/1709/610
f 2822/1710/612 2821/1713/615 2819/1711/613
f 2824/1712/614 2823/1714/617 2821/1713/615
f 2826/1003/616 2825/41/619 2823/1714/617
f 2828/1715/618 2827/1717/621 2825/41/619
f 2830/1716/620 2829/1719/620 2827/1717/621
f 2832/1718/622 2831/1721/624 2829/1719/620
f 2834/1720/623 2833/1722/626 2831/1721/624
f 2836/1284/625 2835/238/628 2833/1722/626
f 2838/1723/627 2837/1724/630 2835/238/628
f 2840/1019/629 2839/58/632 2837/1724/630
f 2842/1725/631 2841/1727/634 2839/58/632
f 2844/1726/633 2843/1729/633 2841/1727/634
f 2846/1728/635 2845/1731/637 2843/1729/633
f 2848/1730/636 2847/1733/639 2845/1731/637
f 2850/1732/638 2849/1735/641 2847/1733/639
f 2852/1734/640 2851/1736/643 2849/1735/641
f 2854/1035/642 2853/45/645 2851/1736/643
f 2856/1737/644 2855/1738/647 2853/45/645
f 2858/1309/646 2857/253/646 2855/1738/647
f 2860/1739/648 2859/1741/648 2857/253/646
f 2862/1740/649 2861/1743/651 2859/1741/648
f 2864/1742/650 2863/1745/653 2861/1743/651
f 2866/1744/652 2865/1746/652 2863/1745/653
f 2868/1050/654 2867/74/655 2865/1746/652
f 2870/1747/310 2869/1749/310 2867/74/655
f 2872/1748/656 2871/1751/658 2869/1749/310
f 2874/1750/657 2873/1753/660 2871/1751/658
f 2876/1752/659 2875/1755/659 2873/1753/660
f 2878/1754/661 2877/1756/661 2875/1755/659
f 2880/1336/662 2879/248/662 2877/1756/661
f 2882/1065/663 2881/89/663 2879/248/662
f 2884/1757/664 2883/1759/664 2881/89/663
f 2886/1758/665 2885/1761/665 2883/1759/664
f 2888/1760/666 2887/1763/666 2885/1761/665
f 2890/1762/667 2889/1765/667 2887/1763/666
f 2892/1764/668 2891/1767/668 2889/1765/667
f 2894/1766/669 2893/1768/669 2891/1767/668
f 2896/1080/670 2895/73/670 2893/1768/669
f 2898/1769/671 2897/1771/671 2895/73/670
f 2900/1770/672 2899/1772/672 2897/1771/671
f 2902/1363/673 2901/217/673 2899/1772/672
f 2904/1773/674 2903/1775/674 2901/217/673
f 2906/1774/675 2905/1777/675 2903/1775/674
f 2908/1776/676 2907/1778/678 2905/1777/675
f 2910/1095/677 2909/61/677 2907/1778/678
f 2912/1779/679 2911/1781/679 2909/61/677
f 2914/1780/680 2913/1783/682 2911/1781/679
f 2916/1782/681 2915/1785/681 2913/1783/682
f 2918/1784/683 2917/1787/683 2915/1785/681
f 2920/1786/684 2919/1789/686 2917/1787/683
f 2922/1788/685 2921/1790/685 2919/1789/686
f 2770/941/586 2769/26/586 2921/1790/685
f 2926/1791/687 2925/1793/691 2923/24/688
f 2928/1792/690 2927/1795/690 2925/1793/691
f 2930/1794/692 2929/1797/692 2927/1795/690
f 2932/1796/693 2931/1799/695 2929/1797/692
f 2934/1798/694 2933/1801/694 2931/1799/695
f 2936/1800/324 2935/1803/324 2933/1801/694
f 2938/1802/696 2937/1805/698 2935/1803/324
f 2940/1804/697 2939/1807/700 2937/1805/698
f 2942/1806/699 2941/1809/702 2939/1807/700
f 2944/1808/701 2943/1811/704 2941/1809/702
f 2946/1810/703 2945/1813/706 2943/1811/704
f 2948/1812/705 2947/1815/705 2945/1813/706
f 2950/1814/707 2949/1817/707 2947/1815/705
f 2952/1816/708 2951/1819/710 2949/1817/707
f 2954/1818/709 2953/1821/712 2951/1819/710
f 2956/1820/711 2955/1823/714 2953/1821/712
f 2958/1822/713 2957/1825/713 2955/1823/714
f 2960/1824/715 2959/1827/715 2957/1825/713
f 2962/1826/716 2961/1829/716 2959/1827/715
f 2964/1828/717 2963/1831/717 2961/1829/716
f 2966/1830/718 2965/1833/718 2963/1831/717
f 2968/1832/719 2967/1835/719 2965/1833/718
f 2970/1834/720 2969/1837/720 2967/1835/719
f 2972/1836/721 2971/1839/344 2969/1837/720
f 2974/1838/722 2973/1841/722 2971/1839/344
f 2976/1840/723 2975/1843/723 2973/1841/722
f 2978/1842/724 2977/1845/724 2975/1843/723
f 2980/1844/725 2979/1847/725 2977/1845/724
f 2982/1846/726 2981/1849/726 2979/1847/725
f 2984/1848/727 2983/1851/727 2981/1849/726
f 2986/1850/728 2985/1853/728 2983/1851/727
f 2988/1852/729 2987/1855/729 2985/1853/728
f 2990/1854/730 2989/1857/732 2987/1855/729
f 2992/1856/731 2991/1859/731 2989/1857/732
f 2994/1858/733 2993/1861/733 2991/1859/731
f 2996/1860/734 2995/1863/734 2993/1861/733
f 2998/1862/735 2997/1865/735 2995/1863/734
f 3000/1864/736 2999/1867/736 2997/1865/735
f 3002/1866/737 3001/1869/737 2999/1867/736
f 3004/1868/738 3003/1871/738 3001/1869/737
f 3006/1870/739 3005/1873/739 3003/1871/738
f 3008/1872/740 3007/1875/740 3005/1873/739
f 3010/1874/741 3009/1877/741 3007/1875/740
f 3012/1876/742 3011/1879/742 3009/1877/741
f 3014/1878/743 3013/1881/743 3011/1879/742
f 3016/1880/744 3015/1883/744 3013/1881/743
f 3018/1882/745 3017/1885/745 3015/1883/744
f 3020/1884/746 3019/1887/748 3017/1885/745
f 3022/1886/747 3021/1889/747 3019/1887/748
f 3024/1888/749 3023/1891/751 3021/1889/747
f 3026/1890/750 3025/1893/753 3023/1891/751
f 3028/1892/752 3027/1895/755 3025/1893/753
f 3030/1894/754 3029/1897/757 3027/1895/755
f 3032/1896/756 3031/1899/759 3029/1897/757
f 3034/1898/758 3033/1901/758 3031/1899/759
f 3036/1900/760 3035/1903/762 3033/1901/758
f 3038/1902/761 3037/1905/761 3035/1903/762
f 3040/1904/763 3039/1907/763 3037/1905/761
f 3042/1906/764 3041/1909/764 3039/1907/763
f 3044/1908/765 3043/1911/767 3041/1909/764
f 3046/1910/766 3045/1913/766 3043/1911/767
f 3048/1912/768 3047/1915/768 3045/1913/766
f 3050/1914/769 3049/1917/769 3047/1915/768
f 3052/1916/770 3051/1919/770 3049/1917/769
f 3054/1918/771 3053/1921/773 3051/1919/770
f 3056/1920/772 3055/1923/775 3053/1921/773
f 3058/1922/774 3057/1925/774 3055/1923/775
f 3060/1924/776 3059/1927/778 3057/1925/774
f 3062/1926/777 3061/1929/777 3059/1927/778
f 3064/1928/779 3063/1931/781 3061/1929/777
f 3066/1930/780 3065/1933/780 3063/1931/781
f 3068/1932/782 3067/1935/784 3065/1933/780
f 3070/1934/783 3069/1937/786 3067/1935/784
f 3072/1936/785 3071/1939/788 3069/1937/786
f 3074/1938/787 3073/1941/790 3071/1939/788
f 3076/1940/789 3075/1943/791 3073/1941/790
f 3078/1942/311 3077/1945/311 3075/1943/791
f 3080/1944/311 3079/1947/311 3077/1945/311
f 3082/1946/311 3081/1949/311 3079/1947/311
f 3084/1948/311 3083/1951/311 3081/1949/311
f 3086/1950/311 3085/1953/311 3083/1951/311
f 3088/1952/311 3087/1955/311 3085/1953/311
f 3090/1954/311 3089/1957/311 3087/1955/311
f 3092/1956/311 3091/1959/311 3089/1957/311
f 3094/1958/311 3093/1961/311 3091/1959/311
f 3096/1960/311 3095/1963/311 3093/1961/311
f 3098/1962/311 3097/1965/311 3095/1963/311
f 3100/1964/792 3099/1966/792 3097/1965/311
f 2924/941/689 2923/26/688 3099/1966/792
