# Blender 4.4.1
# www.blender.org
mtllib gameOver.mtl
o テキスト
v -2.002000 0.346000 -0.120000
v -2.004000 0.346000 -0.120000
v -2.015209 0.364799 -0.120000
v -2.026338 0.381727 -0.120000
v -2.037391 0.396828 -0.120000
v -2.048370 0.410148 -0.120000
v -2.059281 0.421732 -0.120000
v -2.070125 0.431625 -0.120000
v -2.080907 0.439872 -0.120000
v -2.091630 0.446519 -0.120000
v -2.102297 0.451609 -0.120000
v -2.112912 0.455190 -0.120000
v -2.123479 0.457305 -0.120000
v -2.134000 0.458000 -0.120000
v -2.142961 0.457645 -0.120000
v -2.151856 0.456579 -0.120000
v -2.160703 0.454797 -0.120000
v -2.169518 0.452296 -0.120000
v -2.178320 0.449074 -0.120000
v -2.187125 0.445125 -0.120000
v -2.195951 0.440447 -0.120000
v -2.204814 0.435037 -0.120000
v -2.213734 0.428891 -0.120000
v -2.222727 0.422005 -0.120000
v -2.231810 0.414376 -0.120000
v -2.241000 0.406000 -0.120000
v -2.194000 0.329000 -0.120000
v -2.187096 0.335328 -0.120000
v -2.179935 0.341287 -0.120000
v -2.172594 0.346844 -0.120000
v -2.165148 0.351963 -0.120000
v -2.157675 0.356610 -0.120000
v -2.150250 0.360750 -0.120000
v -2.142950 0.364348 -0.120000
v -2.135852 0.367370 -0.120000
v -2.129031 0.369781 -0.120000
v -2.122565 0.371546 -0.120000
v -2.116529 0.372631 -0.120000
v -2.111000 0.373000 -0.120000
v -2.096041 0.371755 -0.120000
v -2.081746 0.368125 -0.120000
v -2.068234 0.362266 -0.120000
v -2.055630 0.354333 -0.120000
v -2.044053 0.344484 -0.120000
v -2.033625 0.332875 -0.120000
v -2.024468 0.319661 -0.120000
v -2.016704 0.305000 -0.120000
v -2.010454 0.289047 -0.120000
v -2.005838 0.271958 -0.120000
v -2.002980 0.253891 -0.120000
v -2.002000 0.235000 -0.120000
v -2.002000 -0.000000 -0.120000
v -1.913000 -0.000000 -0.120000
v -1.913000 0.449000 -0.120000
v -2.002000 0.449000 -0.120000
v -1.789586 0.035395 -0.120000
v -1.776269 0.027574 -0.120000
v -1.762938 0.020531 -0.120000
v -1.749482 0.014259 -0.120000
v -1.735790 0.008751 -0.120000
v -1.721750 0.004000 -0.120000
v -1.707253 -0.000001 -0.120000
v -1.692185 -0.003259 -0.120000
v -1.676438 -0.005781 -0.120000
v -1.659898 -0.007574 -0.120000
v -1.642456 -0.008645 -0.120000
v -1.624000 -0.009000 -0.120000
v -1.590301 -0.006665 -0.120000
v -1.559241 0.000093 -0.120000
v -1.530875 0.010906 -0.120000
v -1.505259 0.025407 -0.120000
v -1.482449 0.043228 -0.120000
v -1.462500 0.064000 -0.120000
v -1.445467 0.087355 -0.120000
v -1.431407 0.112926 -0.120000
v -1.420375 0.140344 -0.120000
v -1.412426 0.169241 -0.120000
v -1.407616 0.199249 -0.120000
v -1.406000 0.230000 -0.120000
v -1.407764 0.263056 -0.120000
v -1.412945 0.294111 -0.120000
v -1.421375 0.323000 -0.120000
v -1.432889 0.349556 -0.120000
v -1.447320 0.373611 -0.120000
v -1.464500 0.395000 -0.120000
v -1.484264 0.413556 -0.120000
v -1.506445 0.429111 -0.120000
v -1.530875 0.441500 -0.120000
v -1.557389 0.450556 -0.120000
v -1.585819 0.456111 -0.120000
v -1.616000 0.458000 -0.120000
v -1.644835 0.456310 -0.120000
v -1.671764 0.451232 -0.120000
v -1.696672 0.442750 -0.120000
v -1.719445 0.430852 -0.120000
v -1.739967 0.415523 -0.120000
v -1.758125 0.396750 -0.120000
v -1.773804 0.374519 -0.120000
v -1.786889 0.348815 -0.120000
v -1.797266 0.319625 -0.120000
v -1.804820 0.286935 -0.120000
v -1.809436 0.250731 -0.120000
v -1.811000 0.211000 -0.120000
v -1.495000 0.211000 -0.120000
v -1.499270 0.189648 -0.120000
v -1.505075 0.170097 -0.120000
v -1.512407 0.152359 -0.120000
v -1.521260 0.136444 -0.120000
v -1.531626 0.122363 -0.120000
v -1.543500 0.110125 -0.120000
v -1.556874 0.099741 -0.120000
v -1.571741 0.091222 -0.120000
v -1.588094 0.084578 -0.120000
v -1.605926 0.079819 -0.120000
v -1.625230 0.076957 -0.120000
v -1.646000 0.076000 -0.120000
v -1.659440 0.076413 -0.120000
v -1.672768 0.077639 -0.120000
v -1.686000 0.079656 -0.120000
v -1.699148 0.082444 -0.120000
v -1.712227 0.085983 -0.120000
v -1.725250 0.090250 -0.120000
v -1.738231 0.095226 -0.120000
v -1.751185 0.100889 -0.120000
v -1.764125 0.107219 -0.120000
v -1.777065 0.114194 -0.120000
v -1.790019 0.121795 -0.120000
v -1.803000 0.130000 -0.120000
v -1.803000 0.044000 -0.120000
v -1.721507 0.286469 -0.120000
v -1.718556 0.301833 -0.120000
v -1.714188 0.316031 -0.120000
v -1.708445 0.329000 -0.120000
v -1.701368 0.340677 -0.120000
v -1.693000 0.351000 -0.120000
v -1.683382 0.359906 -0.120000
v -1.672556 0.367333 -0.120000
v -1.660563 0.373219 -0.120000
v -1.647444 0.377500 -0.120000
v -1.633243 0.380115 -0.120000
v -1.618000 0.381000 -0.120000
v -1.601563 0.380172 -0.120000
v -1.586259 0.377708 -0.120000
v -1.572093 0.373641 -0.120000
v -1.559074 0.368000 -0.120000
v -1.547207 0.360818 -0.120000
v -1.536500 0.352125 -0.120000
v -1.526959 0.341953 -0.120000
v -1.518593 0.330333 -0.120000
v -1.511406 0.317297 -0.120000
v -1.505407 0.302875 -0.120000
v -1.500603 0.287099 -0.120000
v -1.497000 0.270000 -0.120000
v -1.723000 0.270000 -0.120000
v -1.027000 0.449000 -0.120000
v -1.148000 0.173000 -0.120000
v -1.266000 0.449000 -0.120000
v -1.361000 0.449000 -0.120000
v -1.163000 -0.009000 -0.120000
v -1.133000 -0.009000 -0.120000
v -0.930000 0.449000 -0.120000
v -0.569487 0.687742 -0.120000
v -0.620310 0.678269 -0.120000
v -0.667266 0.663031 -0.120000
v -0.710148 0.642482 -0.120000
v -0.748753 0.617071 -0.120000
v -0.782875 0.587250 -0.120000
v -0.812310 0.553471 -0.120000
v -0.836852 0.516185 -0.120000
v -0.856297 0.475844 -0.120000
v -0.870440 0.432898 -0.120000
v -0.879076 0.387800 -0.120000
v -0.882000 0.341000 -0.120000
v -0.879151 0.295461 -0.120000
v -0.870709 0.251185 -0.120000
v -0.856828 0.208688 -0.120000
v -0.837667 0.168481 -0.120000
v -0.813380 0.131081 -0.120000
v -0.784125 0.097000 -0.120000
v -0.750058 0.066752 -0.120000
v -0.711334 0.040852 -0.120000
v -0.668110 0.019812 -0.120000
v -0.620542 0.004148 -0.120000
v -0.568787 -0.005627 -0.120000
v -0.513000 -0.009000 -0.120000
v -0.458992 -0.005646 -0.120000
v -0.408607 0.004079 -0.120000
v -0.362047 0.019672 -0.120000
v -0.319519 0.040630 -0.120000
v -0.281226 0.066448 -0.120000
v -0.247375 0.096625 -0.120000
v -0.218170 0.130656 -0.120000
v -0.193815 0.168037 -0.120000
v -0.174516 0.208266 -0.120000
v -0.160477 0.250838 -0.120000
v -0.151904 0.295251 -0.120000
v -0.149000 0.341000 -0.120000
v -0.151981 0.387590 -0.120000
v -0.160764 0.432551 -0.120000
v -0.175110 0.475422 -0.120000
v -0.194778 0.515741 -0.120000
v -0.219530 0.553046 -0.120000
v -0.249125 0.586875 -0.120000
v -0.283325 0.616767 -0.120000
v -0.321889 0.642259 -0.120000
v -0.364578 0.662891 -0.120000
v -0.411153 0.678199 -0.120000
v -0.461373 0.687723 -0.120000
v -0.515000 0.691000 -0.120000
v -0.552375 0.083270 -0.120000
v -0.587829 0.089912 -0.120000
v -0.621109 0.100672 -0.120000
v -0.651963 0.115296 -0.120000
v -0.680136 0.133532 -0.120000
v -0.705375 0.155125 -0.120000
v -0.727427 0.179822 -0.120000
v -0.746037 0.207370 -0.120000
v -0.760953 0.237516 -0.120000
v -0.771921 0.270005 -0.120000
v -0.778688 0.304584 -0.120000
v -0.781000 0.341000 -0.120000
v -0.778688 0.377626 -0.120000
v -0.771921 0.412343 -0.120000
v -0.760953 0.444906 -0.120000
v -0.746037 0.475074 -0.120000
v -0.727427 0.502603 -0.120000
v -0.705375 0.527250 -0.120000
v -0.680136 0.548772 -0.120000
v -0.651963 0.566926 -0.120000
v -0.621109 0.581469 -0.120000
v -0.587829 0.592157 -0.120000
v -0.552375 0.598749 -0.120000
v -0.515000 0.601000 -0.120000
v -0.477855 0.598749 -0.120000
v -0.442593 0.592157 -0.120000
v -0.409469 0.581469 -0.120000
v -0.378741 0.566926 -0.120000
v -0.350666 0.548772 -0.120000
v -0.325500 0.527250 -0.120000
v -0.303501 0.502603 -0.120000
v -0.284926 0.475074 -0.120000
v -0.270031 0.444906 -0.120000
v -0.259074 0.412343 -0.120000
v -0.252311 0.377626 -0.120000
v -0.250000 0.341000 -0.120000
v -0.252311 0.304584 -0.120000
v -0.259074 0.270005 -0.120000
v -0.270031 0.237516 -0.120000
v -0.284926 0.207370 -0.120000
v -0.303501 0.179822 -0.120000
v -0.325500 0.155125 -0.120000
v -0.350666 0.133532 -0.120000
v -0.378741 0.115296 -0.120000
v -0.409469 0.100672 -0.120000
v -0.442593 0.089912 -0.120000
v -0.477855 0.083270 -0.120000
v -0.515000 0.081000 -0.120000
v -0.049586 0.035395 -0.120000
v -0.036268 0.027574 -0.120000
v -0.022938 0.020531 -0.120000
v -0.009481 0.014259 -0.120000
v 0.004211 0.008751 -0.120000
v 0.018250 0.004000 -0.120000
v 0.032748 -0.000001 -0.120000
v 0.047815 -0.003259 -0.120000
v 0.063563 -0.005781 -0.120000
v 0.080102 -0.007574 -0.120000
v 0.097544 -0.008645 -0.120000
v 0.116000 -0.009000 -0.120000
v 0.149699 -0.006665 -0.120000
v 0.180759 0.000093 -0.120000
v 0.209125 0.010906 -0.120000
v 0.234741 0.025407 -0.120000
v 0.257551 0.043228 -0.120000
v 0.277500 0.064000 -0.120000
v 0.294532 0.087355 -0.120000
v 0.308592 0.112926 -0.120000
v 0.319625 0.140344 -0.120000
v 0.327574 0.169241 -0.120000
v 0.332384 0.199249 -0.120000
v 0.334000 0.230000 -0.120000
v 0.332236 0.263056 -0.120000
v 0.327056 0.294111 -0.120000
v 0.318625 0.323000 -0.120000
v 0.307111 0.349556 -0.120000
v 0.292681 0.373611 -0.120000
v 0.275500 0.395000 -0.120000
v 0.255736 0.413556 -0.120000
v 0.233556 0.429111 -0.120000
v 0.209125 0.441500 -0.120000
v 0.182611 0.450556 -0.120000
v 0.154181 0.456111 -0.120000
v 0.124000 0.458000 -0.120000
v 0.095165 0.456310 -0.120000
v 0.068236 0.451232 -0.120000
v 0.043328 0.442750 -0.120000
v 0.020555 0.430852 -0.120000
v 0.000033 0.415523 -0.120000
v -0.018125 0.396750 -0.120000
v -0.033804 0.374519 -0.120000
v -0.046889 0.348815 -0.120000
v -0.057266 0.319625 -0.120000
v -0.064820 0.286935 -0.120000
v -0.069436 0.250731 -0.120000
v -0.071000 0.211000 -0.120000
v 0.245000 0.211000 -0.120000
v 0.240730 0.189648 -0.120000
v 0.234926 0.170097 -0.120000
v 0.227594 0.152359 -0.120000
v 0.218741 0.136444 -0.120000
v 0.208374 0.122363 -0.120000
v 0.196500 0.110125 -0.120000
v 0.183126 0.099741 -0.120000
v 0.168259 0.091222 -0.120000
v 0.151906 0.084578 -0.120000
v 0.134074 0.079819 -0.120000
v 0.114770 0.076957 -0.120000
v 0.094000 0.076000 -0.120000
v 0.080560 0.076413 -0.120000
v 0.067231 0.077639 -0.120000
v 0.054000 0.079656 -0.120000
v 0.040852 0.082444 -0.120000
v 0.027773 0.085983 -0.120000
v 0.014750 0.090250 -0.120000
v 0.001768 0.095226 -0.120000
v -0.011185 0.100889 -0.120000
v -0.024125 0.107219 -0.120000
v -0.037065 0.114194 -0.120000
v -0.050019 0.121795 -0.120000
v -0.063000 0.130000 -0.120000
v -0.063000 0.044000 -0.120000
v 0.018493 0.286469 -0.120000
v 0.021445 0.301833 -0.120000
v 0.025813 0.316031 -0.120000
v 0.031556 0.329000 -0.120000
v 0.038632 0.340677 -0.120000
v 0.047000 0.351000 -0.120000
v 0.056618 0.359906 -0.120000
v 0.067444 0.367333 -0.120000
v 0.079437 0.373219 -0.120000
v 0.092556 0.377500 -0.120000
v 0.106757 0.380115 -0.120000
v 0.122000 0.381000 -0.120000
v 0.138436 0.380172 -0.120000
v 0.153741 0.377708 -0.120000
v 0.167906 0.373641 -0.120000
v 0.180926 0.368000 -0.120000
v 0.192793 0.360818 -0.120000
v 0.203500 0.352125 -0.120000
v 0.213041 0.341953 -0.120000
v 0.221408 0.330333 -0.120000
v 0.228594 0.317297 -0.120000
v 0.234593 0.302875 -0.120000
v 0.239397 0.287099 -0.120000
v 0.243000 0.270000 -0.120000
v 0.017000 0.270000 -0.120000
v 0.998000 0.390000 -0.120000
v 0.986561 0.401001 -0.120000
v 0.975241 0.411009 -0.120000
v 0.964031 0.420031 -0.120000
v 0.952926 0.428074 -0.120000
v 0.941918 0.435145 -0.120000
v 0.931000 0.441250 -0.120000
v 0.920166 0.446397 -0.120000
v 0.909407 0.450593 -0.120000
v 0.898719 0.453844 -0.120000
v 0.888093 0.456157 -0.120000
v 0.877522 0.457541 -0.120000
v 0.867000 0.458000 -0.120000
v 0.852962 0.457418 -0.120000
v 0.839366 0.455681 -0.120000
v 0.826234 0.452797 -0.120000
v 0.813593 0.448778 -0.120000
v 0.801465 0.443634 -0.120000
v 0.789875 0.437375 -0.120000
v 0.778848 0.430012 -0.120000
v 0.768407 0.421556 -0.120000
v 0.758578 0.412016 -0.120000
v 0.749384 0.401403 -0.120000
v 0.740850 0.389727 -0.120000
v 0.733000 0.377000 -0.120000
v 0.723078 0.387837 -0.120000
v 0.712792 0.398278 -0.120000
v 0.702109 0.408219 -0.120000
v 0.691000 0.417556 -0.120000
v 0.679432 0.426184 -0.120000
v 0.667375 0.434000 -0.120000
v 0.654797 0.440899 -0.120000
v 0.641667 0.446778 -0.120000
v 0.627953 0.451531 -0.120000
v 0.613625 0.455056 -0.120000
v 0.598651 0.457247 -0.120000
v 0.583000 0.458000 -0.120000
v 0.560952 0.456561 -0.120000
v 0.540366 0.452324 -0.120000
v 0.521328 0.445406 -0.120000
v 0.503926 0.435926 -0.120000
v 0.488246 0.424001 -0.120000
v 0.474375 0.409750 -0.120000
v 0.462400 0.393291 -0.120000
v 0.452407 0.374741 -0.120000
v 0.444484 0.354219 -0.120000
v 0.438718 0.331843 -0.120000
v 0.435194 0.307730 -0.120000
v 0.434000 0.282000 -0.120000
v 0.434000 -0.000000 -0.120000
v 0.523000 -0.000000 -0.120000
v 0.523000 0.278000 -0.120000
v 0.523856 0.294351 -0.120000
v 0.526347 0.309389 -0.120000
v 0.530359 0.323094 -0.120000
v 0.535778 0.335444 -0.120000
v 0.542488 0.346420 -0.120000
v 0.550375 0.356000 -0.120000
v 0.559325 0.364163 -0.120000
v 0.569222 0.370889 -0.120000
v 0.579953 0.376156 -0.120000
v 0.591403 0.379944 -0.120000
v 0.603456 0.382233 -0.120000
v 0.616000 0.383000 -0.120000
v 0.623448 0.382719 -0.120000
v 0.631254 0.381417 -0.120000
v 0.639359 0.379156 -0.120000
v 0.647704 0.376000 -0.120000
v 0.656228 0.372010 -0.120000
v 0.664875 0.367250 -0.120000
v 0.673584 0.361781 -0.120000
v 0.682296 0.355667 -0.120000
v 0.690953 0.348969 -0.120000
v 0.699495 0.341750 -0.120000
v 0.707864 0.334073 -0.120000
v 0.716000 0.326000 -0.120000
v 0.716000 -0.000000 -0.120000
v 0.805000 -0.000000 -0.120000
v 0.805000 0.279000 -0.120000
v 0.805753 0.296381 -0.120000
v 0.807944 0.312051 -0.120000
v 0.811469 0.326047 -0.120000
v 0.816222 0.338407 -0.120000
v 0.822101 0.349171 -0.120000
v 0.829000 0.358375 -0.120000
v 0.836816 0.366058 -0.120000
v 0.845444 0.372259 -0.120000
v 0.854781 0.377016 -0.120000
v 0.864722 0.380366 -0.120000
v 0.875163 0.382348 -0.120000
v 0.886000 0.383000 -0.120000
v 0.896950 0.382700 -0.120000
v 0.907352 0.381764 -0.120000
v 0.917281 0.380141 -0.120000
v 0.926815 0.377778 -0.120000
v 0.936029 0.374623 -0.120000
v 0.945000 0.370625 -0.120000
v 0.953804 0.365731 -0.120000
v 0.962518 0.359889 -0.120000
v 0.971219 0.353047 -0.120000
v 0.979981 0.345153 -0.120000
v 0.988883 0.336155 -0.120000
v 0.998000 0.326000 -0.120000
v 0.998000 -0.000000 -0.120000
v 1.087000 -0.000000 -0.120000
v 1.087000 0.449000 -0.120000
v 0.998000 0.449000 -0.120000
v 1.171770 0.019639 -0.120000
v 1.180662 0.014032 -0.120000
v 1.188797 0.009141 -0.120000
v 1.196296 0.004926 -0.120000
v 1.203282 0.001350 -0.120000
v 1.209875 -0.001625 -0.120000
v 1.216197 -0.004038 -0.120000
v 1.222370 -0.005926 -0.120000
v 1.228516 -0.007328 -0.120000
v 1.234755 -0.008282 -0.120000
v 1.241209 -0.008827 -0.120000
v 1.248000 -0.009000 -0.120000
v 1.257378 -0.008706 -0.120000
v 1.266023 -0.007815 -0.120000
v 1.273953 -0.006313 -0.120000
v 1.281185 -0.004185 -0.120000
v 1.287737 -0.001419 -0.120000
v 1.293625 0.002000 -0.120000
v 1.298867 0.006086 -0.120000
v 1.303481 0.010852 -0.120000
v 1.307484 0.016312 -0.120000
v 1.310894 0.022481 -0.120000
v 1.313726 0.029373 -0.120000
v 1.316000 0.037000 -0.120000
v 1.325790 0.029583 -0.120000
v 1.335657 0.022829 -0.120000
v 1.345594 0.016734 -0.120000
v 1.355592 0.011296 -0.120000
v 1.365647 0.006511 -0.120000
v 1.375750 0.002375 -0.120000
v 1.385895 -0.001115 -0.120000
v 1.396074 -0.003963 -0.120000
v 1.406281 -0.006172 -0.120000
v 1.416509 -0.007745 -0.120000
v 1.426751 -0.008687 -0.120000
v 1.437000 -0.009000 -0.120000
v 1.453029 -0.007943 -0.120000
v 1.468065 -0.004880 -0.120000
v 1.482031 0.000031 -0.120000
v 1.494852 0.006630 -0.120000
v 1.506450 0.014756 -0.120000
v 1.516750 0.024250 -0.120000
v 1.525675 0.034953 -0.120000
v 1.533148 0.046704 -0.120000
v 1.539094 0.059344 -0.120000
v 1.543435 0.072713 -0.120000
v 1.546096 0.086652 -0.120000
v 1.547000 0.101000 -0.120000
v 1.545365 0.121994 -0.120000
v 1.540667 0.140616 -0.120000
v 1.533219 0.157078 -0.120000
v 1.523333 0.171593 -0.120000
v 1.511323 0.184371 -0.120000
v 1.497500 0.195625 -0.120000
v 1.482177 0.205567 -0.120000
v 1.465667 0.214407 -0.120000
v 1.448281 0.222359 -0.120000
v 1.430333 0.229634 -0.120000
v 1.412135 0.236444 -0.120000
v 1.394000 0.243000 -0.120000
v 1.315000 0.271000 -0.120000
v 1.315000 0.295000 -0.120000
v 1.315562 0.308318 -0.120000
v 1.317250 0.320296 -0.120000
v 1.320062 0.330969 -0.120000
v 1.324000 0.340370 -0.120000
v 1.329062 0.348536 -0.120000
v 1.335250 0.355500 -0.120000
v 1.342562 0.361297 -0.120000
v 1.351000 0.365963 -0.120000
v 1.360562 0.369531 -0.120000
v 1.371250 0.372037 -0.120000
v 1.383062 0.373515 -0.120000
v 1.396000 0.374000 -0.120000
v 1.408266 0.373518 -0.120000
v 1.420546 0.372060 -0.120000
v 1.432812 0.369609 -0.120000
v 1.445037 0.366148 -0.120000
v 1.457192 0.361659 -0.120000
v 1.469250 0.356125 -0.120000
v 1.481183 0.349528 -0.120000
v 1.492963 0.341852 -0.120000
v 1.504562 0.333078 -0.120000
v 1.515954 0.323190 -0.120000
v 1.527109 0.312170 -0.120000
v 1.538000 0.300000 -0.120000
v 1.538000 0.397000 -0.120000
v 1.528957 0.406813 -0.120000
v 1.519324 0.415755 -0.120000
v 1.509094 0.423828 -0.120000
v 1.498259 0.431037 -0.120000
v 1.486814 0.437385 -0.120000
v 1.474750 0.442875 -0.120000
v 1.462061 0.447511 -0.120000
v 1.448741 0.451296 -0.120000
v 1.434781 0.454234 -0.120000
v 1.420176 0.456329 -0.120000
v 1.404918 0.457583 -0.120000
v 1.389000 0.458000 -0.120000
v 1.366676 0.457036 -0.120000
v 1.345329 0.454120 -0.120000
v 1.325140 0.449219 -0.120000
v 1.306296 0.442296 -0.120000
v 1.288980 0.433318 -0.120000
v 1.273375 0.422250 -0.120000
v 1.259666 0.409057 -0.120000
v 1.248037 0.393704 -0.120000
v 1.238672 0.376156 -0.120000
v 1.231755 0.356380 -0.120000
v 1.227469 0.334339 -0.120000
v 1.226000 0.310000 -0.120000
v 1.226000 0.079000 -0.120000
v 1.225875 0.074976 -0.120000
v 1.225505 0.071394 -0.120000
v 1.224891 0.068234 -0.120000
v 1.224037 0.065481 -0.120000
v 1.222947 0.063117 -0.120000
v 1.221625 0.061125 -0.120000
v 1.220073 0.059487 -0.120000
v 1.218296 0.058185 -0.120000
v 1.216297 0.057203 -0.120000
v 1.214079 0.056523 -0.120000
v 1.211645 0.056128 -0.120000
v 1.209000 0.056000 -0.120000
v 1.206567 0.056186 -0.120000
v 1.203782 0.056736 -0.120000
v 1.200672 0.057641 -0.120000
v 1.197259 0.058889 -0.120000
v 1.193569 0.060470 -0.120000
v 1.189625 0.062375 -0.120000
v 1.185452 0.064592 -0.120000
v 1.181074 0.067111 -0.120000
v 1.176516 0.069922 -0.120000
v 1.171801 0.073014 -0.120000
v 1.166954 0.076377 -0.120000
v 1.162000 0.080000 -0.120000
v 1.162000 0.026000 -0.120000
v 1.333759 0.215484 -0.120000
v 1.351907 0.208875 -0.120000
v 1.369250 0.202078 -0.120000
v 1.385592 0.195000 -0.120000
v 1.400741 0.187547 -0.120000
v 1.414500 0.179625 -0.120000
v 1.426676 0.171141 -0.120000
v 1.437074 0.162000 -0.120000
v 1.445500 0.152109 -0.120000
v 1.451759 0.141375 -0.120000
v 1.455657 0.129703 -0.120000
v 1.457000 0.117000 -0.120000
v 1.456447 0.107988 -0.120000
v 1.454829 0.099486 -0.120000
v 1.452203 0.091547 -0.120000
v 1.448630 0.084222 -0.120000
v 1.444167 0.077564 -0.120000
v 1.438875 0.071625 -0.120000
v 1.432812 0.066457 -0.120000
v 1.426037 0.062111 -0.120000
v 1.418609 0.058641 -0.120000
v 1.410588 0.056097 -0.120000
v 1.402032 0.054533 -0.120000
v 1.393000 0.054000 -0.120000
v 1.386042 0.054289 -0.120000
v 1.379167 0.055144 -0.120000
v 1.372375 0.056547 -0.120000
v 1.365667 0.058481 -0.120000
v 1.359042 0.060930 -0.120000
v 1.352500 0.063875 -0.120000
v 1.346042 0.067299 -0.120000
v 1.339667 0.071185 -0.120000
v 1.333375 0.075516 -0.120000
v 1.327167 0.080273 -0.120000
v 1.321042 0.085440 -0.120000
v 1.315000 0.091000 -0.120000
v 1.315000 0.222000 -0.120000
v 1.671000 0.380000 -0.120000
v 1.662723 0.371445 -0.120000
v 1.655366 0.363227 -0.120000
v 1.648890 0.355266 -0.120000
v 1.643259 0.347482 -0.120000
v 1.638433 0.339795 -0.120000
v 1.634375 0.332125 -0.120000
v 1.631046 0.324393 -0.120000
v 1.628407 0.316519 -0.120000
v 1.626422 0.308422 -0.120000
v 1.625051 0.300023 -0.120000
v 1.624256 0.291242 -0.120000
v 1.624000 0.282000 -0.120000
v 1.624425 0.272641 -0.120000
v 1.625653 0.263130 -0.120000
v 1.627609 0.253562 -0.120000
v 1.630222 0.244037 -0.120000
v 1.633418 0.234650 -0.120000
v 1.637125 0.225500 -0.120000
v 1.641269 0.216683 -0.120000
v 1.645778 0.208296 -0.120000
v 1.650578 0.200438 -0.120000
v 1.655597 0.193204 -0.120000
v 1.660762 0.186692 -0.120000
v 1.666000 0.181000 -0.120000
v 1.682185 0.166895 -0.120000
v 1.700315 0.156162 -0.120000
v 1.719750 0.148172 -0.120000
v 1.739852 0.142296 -0.120000
v 1.759981 0.137907 -0.120000
v 1.779500 0.134375 -0.120000
v 1.797768 0.131072 -0.120000
v 1.814148 0.127370 -0.120000
v 1.828000 0.122641 -0.120000
v 1.838685 0.116255 -0.120000
v 1.845565 0.107584 -0.120000
v 1.848000 0.096000 -0.120000
v 1.847023 0.089951 -0.120000
v 1.844102 0.084273 -0.120000
v 1.839250 0.078922 -0.120000
v 1.832482 0.073852 -0.120000
v 1.823810 0.069018 -0.120000
v 1.813250 0.064375 -0.120000
v 1.800815 0.059878 -0.120000
v 1.786519 0.055481 -0.120000
v 1.770375 0.051141 -0.120000
v 1.752398 0.046810 -0.120000
v 1.732602 0.042445 -0.120000
v 1.711000 0.038000 -0.120000
v 1.688275 0.032638 -0.120000
v 1.668037 0.026102 -0.120000
v 1.650187 0.018469 -0.120000
v 1.634630 0.009815 -0.120000
v 1.621266 0.000216 -0.120000
v 1.610000 -0.010250 -0.120000
v 1.600734 -0.021508 -0.120000
v 1.593370 -0.033481 -0.120000
v 1.587812 -0.046094 -0.120000
v 1.583963 -0.059269 -0.120000
v 1.581725 -0.072929 -0.120000
v 1.581000 -0.087000 -0.120000
v 1.582631 -0.108510 -0.120000
v 1.587468 -0.128495 -0.120000
v 1.595422 -0.146891 -0.120000
v 1.606407 -0.163630 -0.120000
v 1.620337 -0.178646 -0.120000
v 1.637125 -0.191875 -0.120000
v 1.656683 -0.203249 -0.120000
v 1.678926 -0.212704 -0.120000
v 1.703766 -0.220172 -0.120000
v 1.731116 -0.225588 -0.120000
v 1.760889 -0.228886 -0.120000
v 1.793000 -0.230000 -0.120000
v 1.822491 -0.228833 -0.120000
v 1.850347 -0.225412 -0.120000
v 1.876391 -0.219859 -0.120000
v 1.900444 -0.212296 -0.120000
v 1.922332 -0.202844 -0.120000
v 1.941875 -0.191625 -0.120000
v 1.958898 -0.178760 -0.120000
v 1.973222 -0.164370 -0.120000
v 1.984672 -0.148578 -0.120000
v 1.993069 -0.131505 -0.120000
v 1.998238 -0.113271 -0.120000
v 2.000000 -0.094000 -0.120000
v 1.999266 -0.078058 -0.120000
v 1.997046 -0.063218 -0.120000
v 1.993312 -0.049453 -0.120000
v 1.988037 -0.036741 -0.120000
v 1.981192 -0.025056 -0.120000
v 1.972750 -0.014375 -0.120000
v 1.962683 -0.004673 -0.120000
v 1.950963 0.004074 -0.120000
v 1.937562 0.011891 -0.120000
v 1.922454 0.018801 -0.120000
v 1.905609 0.024829 -0.120000
v 1.887000 0.030000 -0.120000
v 1.894398 0.034731 -0.120000
v 1.901097 0.039431 -0.120000
v 1.907109 0.044109 -0.120000
v 1.912444 0.048778 -0.120000
v 1.917113 0.053446 -0.120000
v 1.921125 0.058125 -0.120000
v 1.924491 0.062825 -0.120000
v 1.927222 0.067556 -0.120000
v 1.929328 0.072328 -0.120000
v 1.930819 0.077153 -0.120000
v 1.931707 0.082040 -0.120000
v 1.932000 0.087000 -0.120000
v 1.931424 0.094160 -0.120000
v 1.929727 0.101116 -0.120000
v 1.926953 0.107828 -0.120000
v 1.923148 0.114259 -0.120000
v 1.918357 0.120371 -0.120000
v 1.912625 0.126125 -0.120000
v 1.905997 0.131483 -0.120000
v 1.898519 0.136407 -0.120000
v 1.890234 0.140859 -0.120000
v 1.881190 0.144801 -0.120000
v 1.871430 0.148194 -0.120000
v 1.861000 0.151000 -0.120000
v 1.861000 0.153000 -0.120000
v 1.869083 0.156604 -0.120000
v 1.876833 0.160417 -0.120000
v 1.884250 0.164437 -0.120000
v 1.891333 0.168667 -0.120000
v 1.898083 0.173104 -0.120000
v 1.904500 0.177750 -0.120000
v 1.910583 0.182604 -0.120000
v 1.916333 0.187667 -0.120000
v 1.921750 0.192937 -0.120000
v 1.926833 0.198417 -0.120000
v 1.931583 0.204104 -0.120000
v 1.936000 0.210000 -0.120000
v 1.939833 0.215854 -0.120000
v 1.943333 0.221917 -0.120000
v 1.946500 0.228188 -0.120000
v 1.949333 0.234667 -0.120000
v 1.951833 0.241354 -0.120000
v 1.954000 0.248250 -0.120000
v 1.955833 0.255354 -0.120000
v 1.957333 0.262667 -0.120000
v 1.958500 0.270187 -0.120000
v 1.959333 0.277917 -0.120000
v 1.959833 0.285854 -0.120000
v 1.960000 0.294000 -0.120000
v 1.958454 0.317216 -0.120000
v 1.953884 0.338815 -0.120000
v 1.946391 0.358719 -0.120000
v 1.936074 0.376852 -0.120000
v 1.923035 0.393138 -0.120000
v 1.907375 0.407500 -0.120000
v 1.889194 0.419862 -0.120000
v 1.868593 0.430148 -0.120000
v 1.845672 0.438281 -0.120000
v 1.820532 0.444185 -0.120000
v 1.793275 0.447784 -0.120000
v 1.764000 0.449000 -0.120000
v 1.579000 0.449000 -0.120000
v 1.579000 0.380000 -0.120000
v 1.803045 0.371247 -0.120000
v 1.814607 0.369056 -0.120000
v 1.825578 0.365531 -0.120000
v 1.835852 0.360778 -0.120000
v 1.845320 0.354899 -0.120000
v 1.853875 0.348000 -0.120000
v 1.861409 0.340184 -0.120000
v 1.867815 0.331556 -0.120000
v 1.872984 0.322219 -0.120000
v 1.876810 0.312278 -0.120000
v 1.879185 0.301837 -0.120000
v 1.880000 0.291000 -0.120000
v 1.879260 0.279093 -0.120000
v 1.877083 0.267912 -0.120000
v 1.873531 0.257516 -0.120000
v 1.868667 0.247963 -0.120000
v 1.862552 0.239313 -0.120000
v 1.855250 0.231625 -0.120000
v 1.846823 0.224958 -0.120000
v 1.837333 0.219370 -0.120000
v 1.826844 0.214922 -0.120000
v 1.815417 0.211671 -0.120000
v 1.803115 0.209678 -0.120000
v 1.790000 0.209000 -0.120000
v 1.777804 0.209717 -0.120000
v 1.766268 0.211819 -0.120000
v 1.755469 0.215234 -0.120000
v 1.745481 0.219889 -0.120000
v 1.736383 0.225710 -0.120000
v 1.728250 0.232625 -0.120000
v 1.721159 0.240561 -0.120000
v 1.715185 0.249444 -0.120000
v 1.710406 0.259203 -0.120000
v 1.706898 0.269764 -0.120000
v 1.704737 0.281054 -0.120000
v 1.704000 0.293000 -0.120000
v 1.704814 0.303587 -0.120000
v 1.707181 0.313782 -0.120000
v 1.710984 0.323484 -0.120000
v 1.716111 0.332593 -0.120000
v 1.722446 0.341006 -0.120000
v 1.729875 0.348625 -0.120000
v 1.738283 0.355348 -0.120000
v 1.747555 0.361074 -0.120000
v 1.757578 0.365703 -0.120000
v 1.768236 0.369134 -0.120000
v 1.779415 0.371267 -0.120000
v 1.791000 0.372000 -0.120000
v 1.828611 -0.022574 -0.120000
v 1.842389 -0.024259 -0.120000
v 1.855250 -0.027000 -0.120000
v 1.867111 -0.030741 -0.120000
v 1.877889 -0.035426 -0.120000
v 1.887500 -0.041000 -0.120000
v 1.895861 -0.047407 -0.120000
v 1.902889 -0.054593 -0.120000
v 1.908500 -0.062500 -0.120000
v 1.912611 -0.071074 -0.120000
v 1.915139 -0.080259 -0.120000
v 1.916000 -0.090000 -0.120000
v 1.915087 -0.100811 -0.120000
v 1.912366 -0.110736 -0.120000
v 1.907859 -0.119766 -0.120000
v 1.901593 -0.127889 -0.120000
v 1.893590 -0.135095 -0.120000
v 1.883875 -0.141375 -0.120000
v 1.872473 -0.146717 -0.120000
v 1.859407 -0.151111 -0.120000
v 1.844703 -0.154547 -0.120000
v 1.828384 -0.157014 -0.120000
v 1.810475 -0.158502 -0.120000
v 1.791000 -0.159000 -0.120000
v 1.772175 -0.158504 -0.120000
v 1.754731 -0.157032 -0.120000
v 1.738719 -0.154609 -0.120000
v 1.724185 -0.151259 -0.120000
v 1.711179 -0.147006 -0.120000
v 1.699750 -0.141875 -0.120000
v 1.689946 -0.135889 -0.120000
v 1.681815 -0.129074 -0.120000
v 1.675406 -0.121453 -0.120000
v 1.670768 -0.113051 -0.120000
v 1.667950 -0.103892 -0.120000
v 1.667000 -0.094000 -0.120000
v 1.668842 -0.080609 -0.120000
v 1.674069 -0.068875 -0.120000
v 1.682234 -0.058703 -0.120000
v 1.692889 -0.050000 -0.120000
v 1.705585 -0.042672 -0.120000
v 1.719875 -0.036625 -0.120000
v 1.735311 -0.031766 -0.120000
v 1.751444 -0.028000 -0.120000
v 1.767828 -0.025234 -0.120000
v 1.784014 -0.023375 -0.120000
v 1.799554 -0.022328 -0.120000
v 1.814000 -0.022000 -0.120000
v -2.002000 0.346000 0.120000
v -2.004000 0.346000 0.120000
v -2.015209 0.364799 0.120000
v -2.026338 0.381727 0.120000
v -2.037391 0.396828 0.120000
v -2.048370 0.410148 0.120000
v -2.059281 0.421732 0.120000
v -2.070125 0.431625 0.120000
v -2.080907 0.439872 0.120000
v -2.091630 0.446519 0.120000
v -2.102297 0.451609 0.120000
v -2.112912 0.455190 0.120000
v -2.123479 0.457305 0.120000
v -2.134000 0.458000 0.120000
v -2.142961 0.457645 0.120000
v -2.151856 0.456579 0.120000
v -2.160703 0.454797 0.120000
v -2.169518 0.452296 0.120000
v -2.178320 0.449074 0.120000
v -2.187125 0.445125 0.120000
v -2.195951 0.440447 0.120000
v -2.204814 0.435037 0.120000
v -2.213734 0.428891 0.120000
v -2.222727 0.422005 0.120000
v -2.231810 0.414376 0.120000
v -2.241000 0.406000 0.120000
v -2.194000 0.329000 0.120000
v -2.187096 0.335328 0.120000
v -2.179935 0.341287 0.120000
v -2.172594 0.346844 0.120000
v -2.165148 0.351963 0.120000
v -2.157675 0.356610 0.120000
v -2.150250 0.360750 0.120000
v -2.142950 0.364348 0.120000
v -2.135852 0.367370 0.120000
v -2.129031 0.369781 0.120000
v -2.122565 0.371546 0.120000
v -2.116529 0.372631 0.120000
v -2.111000 0.373000 0.120000
v -2.096041 0.371755 0.120000
v -2.081746 0.368125 0.120000
v -2.068234 0.362266 0.120000
v -2.055630 0.354333 0.120000
v -2.044053 0.344484 0.120000
v -2.033625 0.332875 0.120000
v -2.024468 0.319661 0.120000
v -2.016704 0.305000 0.120000
v -2.010454 0.289047 0.120000
v -2.005838 0.271958 0.120000
v -2.002980 0.253891 0.120000
v -2.002000 0.235000 0.120000
v -2.002000 0.000000 0.120000
v -1.913000 0.000000 0.120000
v -1.913000 0.449000 0.120000
v -2.002000 0.449000 0.120000
v -1.789586 0.035395 0.120000
v -1.776269 0.027574 0.120000
v -1.762938 0.020531 0.120000
v -1.749482 0.014259 0.120000
v -1.735790 0.008751 0.120000
v -1.721750 0.004000 0.120000
v -1.707253 -0.000001 0.120000
v -1.692185 -0.003259 0.120000
v -1.676438 -0.005781 0.120000
v -1.659898 -0.007574 0.120000
v -1.642456 -0.008645 0.120000
v -1.624000 -0.009000 0.120000
v -1.590301 -0.006665 0.120000
v -1.559241 0.000093 0.120000
v -1.530875 0.010906 0.120000
v -1.505259 0.025407 0.120000
v -1.482449 0.043228 0.120000
v -1.462500 0.064000 0.120000
v -1.445467 0.087355 0.120000
v -1.431407 0.112926 0.120000
v -1.420375 0.140344 0.120000
v -1.412426 0.169241 0.120000
v -1.407616 0.199249 0.120000
v -1.406000 0.230000 0.120000
v -1.407764 0.263056 0.120000
v -1.412945 0.294111 0.120000
v -1.421375 0.323000 0.120000
v -1.432889 0.349556 0.120000
v -1.447320 0.373611 0.120000
v -1.464500 0.395000 0.120000
v -1.484264 0.413556 0.120000
v -1.506445 0.429111 0.120000
v -1.530875 0.441500 0.120000
v -1.557389 0.450556 0.120000
v -1.585819 0.456111 0.120000
v -1.616000 0.458000 0.120000
v -1.644835 0.456310 0.120000
v -1.671764 0.451232 0.120000
v -1.696672 0.442750 0.120000
v -1.719445 0.430852 0.120000
v -1.739967 0.415523 0.120000
v -1.758125 0.396750 0.120000
v -1.773804 0.374519 0.120000
v -1.786889 0.348815 0.120000
v -1.797266 0.319625 0.120000
v -1.804820 0.286935 0.120000
v -1.809436 0.250731 0.120000
v -1.811000 0.211000 0.120000
v -1.495000 0.211000 0.120000
v -1.499270 0.189648 0.120000
v -1.505075 0.170097 0.120000
v -1.512407 0.152359 0.120000
v -1.521260 0.136444 0.120000
v -1.531626 0.122363 0.120000
v -1.543500 0.110125 0.120000
v -1.556874 0.099741 0.120000
v -1.571741 0.091222 0.120000
v -1.588094 0.084578 0.120000
v -1.605926 0.079819 0.120000
v -1.625230 0.076957 0.120000
v -1.646000 0.076000 0.120000
v -1.659440 0.076413 0.120000
v -1.672768 0.077639 0.120000
v -1.686000 0.079656 0.120000
v -1.699148 0.082444 0.120000
v -1.712227 0.085983 0.120000
v -1.725250 0.090250 0.120000
v -1.738231 0.095226 0.120000
v -1.751185 0.100889 0.120000
v -1.764125 0.107219 0.120000
v -1.777065 0.114194 0.120000
v -1.790019 0.121795 0.120000
v -1.803000 0.130000 0.120000
v -1.803000 0.044000 0.120000
v -1.721507 0.286469 0.120000
v -1.718556 0.301833 0.120000
v -1.714188 0.316031 0.120000
v -1.708445 0.329000 0.120000
v -1.701368 0.340677 0.120000
v -1.693000 0.351000 0.120000
v -1.683382 0.359906 0.120000
v -1.672556 0.367333 0.120000
v -1.660563 0.373219 0.120000
v -1.647444 0.377500 0.120000
v -1.633243 0.380115 0.120000
v -1.618000 0.381000 0.120000
v -1.601563 0.380172 0.120000
v -1.586259 0.377708 0.120000
v -1.572093 0.373641 0.120000
v -1.559074 0.368000 0.120000
v -1.547207 0.360818 0.120000
v -1.536500 0.352125 0.120000
v -1.526959 0.341953 0.120000
v -1.518593 0.330333 0.120000
v -1.511406 0.317297 0.120000
v -1.505407 0.302875 0.120000
v -1.500603 0.287099 0.120000
v -1.497000 0.270000 0.120000
v -1.723000 0.270000 0.120000
v -1.027000 0.449000 0.120000
v -1.148000 0.173000 0.120000
v -1.266000 0.449000 0.120000
v -1.361000 0.449000 0.120000
v -1.163000 -0.009000 0.120000
v -1.133000 -0.009000 0.120000
v -0.930000 0.449000 0.120000
v -0.569487 0.687742 0.120000
v -0.620310 0.678269 0.120000
v -0.667266 0.663031 0.120000
v -0.710148 0.642482 0.120000
v -0.748753 0.617071 0.120000
v -0.782875 0.587250 0.120000
v -0.812310 0.553471 0.120000
v -0.836852 0.516185 0.120000
v -0.856297 0.475844 0.120000
v -0.870440 0.432898 0.120000
v -0.879076 0.387800 0.120000
v -0.882000 0.341000 0.120000
v -0.879151 0.295461 0.120000
v -0.870709 0.251185 0.120000
v -0.856828 0.208688 0.120000
v -0.837667 0.168481 0.120000
v -0.813380 0.131081 0.120000
v -0.784125 0.097000 0.120000
v -0.750058 0.066752 0.120000
v -0.711334 0.040852 0.120000
v -0.668110 0.019813 0.120000
v -0.620542 0.004148 0.120000
v -0.568787 -0.005627 0.120000
v -0.513000 -0.009000 0.120000
v -0.458992 -0.005646 0.120000
v -0.408607 0.004079 0.120000
v -0.362047 0.019672 0.120000
v -0.319519 0.040630 0.120000
v -0.281226 0.066449 0.120000
v -0.247375 0.096625 0.120000
v -0.218170 0.130656 0.120000
v -0.193815 0.168037 0.120000
v -0.174516 0.208266 0.120000
v -0.160477 0.250838 0.120000
v -0.151904 0.295251 0.120000
v -0.149000 0.341000 0.120000
v -0.151981 0.387590 0.120000
v -0.160764 0.432551 0.120000
v -0.175110 0.475422 0.120000
v -0.194778 0.515741 0.120000
v -0.219530 0.553046 0.120000
v -0.249125 0.586875 0.120000
v -0.283325 0.616767 0.120000
v -0.321889 0.642259 0.120000
v -0.364578 0.662891 0.120000
v -0.411153 0.678199 0.120000
v -0.461373 0.687723 0.120000
v -0.515000 0.691000 0.120000
v -0.552375 0.083270 0.120000
v -0.587829 0.089912 0.120000
v -0.621109 0.100672 0.120000
v -0.651963 0.115296 0.120000
v -0.680136 0.133532 0.120000
v -0.705375 0.155125 0.120000
v -0.727427 0.179822 0.120000
v -0.746037 0.207370 0.120000
v -0.760953 0.237516 0.120000
v -0.771921 0.270005 0.120000
v -0.778688 0.304584 0.120000
v -0.781000 0.341000 0.120000
v -0.778688 0.377626 0.120000
v -0.771921 0.412343 0.120000
v -0.760953 0.444906 0.120000
v -0.746037 0.475074 0.120000
v -0.727427 0.502603 0.120000
v -0.705375 0.527250 0.120000
v -0.680136 0.548772 0.120000
v -0.651963 0.566926 0.120000
v -0.621109 0.581469 0.120000
v -0.587829 0.592157 0.120000
v -0.552375 0.598749 0.120000
v -0.515000 0.601000 0.120000
v -0.477855 0.598749 0.120000
v -0.442593 0.592157 0.120000
v -0.409469 0.581469 0.120000
v -0.378741 0.566926 0.120000
v -0.350666 0.548772 0.120000
v -0.325500 0.527250 0.120000
v -0.303501 0.502603 0.120000
v -0.284926 0.475074 0.120000
v -0.270031 0.444906 0.120000
v -0.259074 0.412343 0.120000
v -0.252311 0.377626 0.120000
v -0.250000 0.341000 0.120000
v -0.252311 0.304584 0.120000
v -0.259074 0.270005 0.120000
v -0.270031 0.237516 0.120000
v -0.284926 0.207370 0.120000
v -0.303501 0.179822 0.120000
v -0.325500 0.155125 0.120000
v -0.350666 0.133532 0.120000
v -0.378741 0.115296 0.120000
v -0.409469 0.100672 0.120000
v -0.442593 0.089912 0.120000
v -0.477855 0.083270 0.120000
v -0.515000 0.081000 0.120000
v -0.049586 0.035395 0.120000
v -0.036268 0.027574 0.120000
v -0.022938 0.020531 0.120000
v -0.009481 0.014259 0.120000
v 0.004211 0.008751 0.120000
v 0.018250 0.004000 0.120000
v 0.032748 -0.000001 0.120000
v 0.047815 -0.003259 0.120000
v 0.063563 -0.005781 0.120000
v 0.080102 -0.007574 0.120000
v 0.097544 -0.008645 0.120000
v 0.116000 -0.009000 0.120000
v 0.149699 -0.006665 0.120000
v 0.180759 0.000093 0.120000
v 0.209125 0.010906 0.120000
v 0.234741 0.025407 0.120000
v 0.257551 0.043228 0.120000
v 0.277500 0.064000 0.120000
v 0.294532 0.087355 0.120000
v 0.308592 0.112926 0.120000
v 0.319625 0.140344 0.120000
v 0.327574 0.169241 0.120000
v 0.332384 0.199249 0.120000
v 0.334000 0.230000 0.120000
v 0.332236 0.263056 0.120000
v 0.327056 0.294111 0.120000
v 0.318625 0.323000 0.120000
v 0.307111 0.349556 0.120000
v 0.292681 0.373611 0.120000
v 0.275500 0.395000 0.120000
v 0.255736 0.413556 0.120000
v 0.233556 0.429111 0.120000
v 0.209125 0.441500 0.120000
v 0.182611 0.450556 0.120000
v 0.154181 0.456111 0.120000
v 0.124000 0.458000 0.120000
v 0.095165 0.456310 0.120000
v 0.068236 0.451232 0.120000
v 0.043328 0.442750 0.120000
v 0.020555 0.430852 0.120000
v 0.000033 0.415523 0.120000
v -0.018125 0.396750 0.120000
v -0.033804 0.374519 0.120000
v -0.046889 0.348815 0.120000
v -0.057266 0.319625 0.120000
v -0.064820 0.286935 0.120000
v -0.069436 0.250731 0.120000
v -0.071000 0.211000 0.120000
v 0.245000 0.211000 0.120000
v 0.240730 0.189648 0.120000
v 0.234926 0.170097 0.120000
v 0.227594 0.152359 0.120000
v 0.218741 0.136444 0.120000
v 0.208374 0.122363 0.120000
v 0.196500 0.110125 0.120000
v 0.183126 0.099741 0.120000
v 0.168259 0.091222 0.120000
v 0.151906 0.084578 0.120000
v 0.134074 0.079819 0.120000
v 0.114770 0.076957 0.120000
v 0.094000 0.076000 0.120000
v 0.080560 0.076413 0.120000
v 0.067231 0.077639 0.120000
v 0.054000 0.079656 0.120000
v 0.040852 0.082444 0.120000
v 0.027773 0.085983 0.120000
v 0.014750 0.090250 0.120000
v 0.001768 0.095226 0.120000
v -0.011185 0.100889 0.120000
v -0.024125 0.107219 0.120000
v -0.037065 0.114194 0.120000
v -0.050019 0.121795 0.120000
v -0.063000 0.130000 0.120000
v -0.063000 0.044000 0.120000
v 0.018493 0.286469 0.120000
v 0.021445 0.301833 0.120000
v 0.025813 0.316031 0.120000
v 0.031556 0.329000 0.120000
v 0.038632 0.340677 0.120000
v 0.047000 0.351000 0.120000
v 0.056618 0.359906 0.120000
v 0.067444 0.367333 0.120000
v 0.079437 0.373219 0.120000
v 0.092556 0.377500 0.120000
v 0.106757 0.380115 0.120000
v 0.122000 0.381000 0.120000
v 0.138436 0.380172 0.120000
v 0.153741 0.377708 0.120000
v 0.167906 0.373641 0.120000
v 0.180926 0.368000 0.120000
v 0.192793 0.360818 0.120000
v 0.203500 0.352125 0.120000
v 0.213041 0.341953 0.120000
v 0.221408 0.330333 0.120000
v 0.228594 0.317297 0.120000
v 0.234593 0.302875 0.120000
v 0.239397 0.287099 0.120000
v 0.243000 0.270000 0.120000
v 0.017000 0.270000 0.120000
v 0.998000 0.390000 0.120000
v 0.986561 0.401001 0.120000
v 0.975241 0.411009 0.120000
v 0.964031 0.420031 0.120000
v 0.952926 0.428074 0.120000
v 0.941918 0.435145 0.120000
v 0.931000 0.441250 0.120000
v 0.920166 0.446397 0.120000
v 0.909407 0.450593 0.120000
v 0.898719 0.453844 0.120000
v 0.888093 0.456157 0.120000
v 0.877522 0.457541 0.120000
v 0.867000 0.458000 0.120000
v 0.852962 0.457418 0.120000
v 0.839366 0.455681 0.120000
v 0.826234 0.452797 0.120000
v 0.813593 0.448778 0.120000
v 0.801465 0.443634 0.120000
v 0.789875 0.437375 0.120000
v 0.778848 0.430012 0.120000
v 0.768407 0.421556 0.120000
v 0.758578 0.412016 0.120000
v 0.749384 0.401403 0.120000
v 0.740850 0.389727 0.120000
v 0.733000 0.377000 0.120000
v 0.723078 0.387837 0.120000
v 0.712792 0.398278 0.120000
v 0.702109 0.408219 0.120000
v 0.691000 0.417556 0.120000
v 0.679432 0.426184 0.120000
v 0.667375 0.434000 0.120000
v 0.654797 0.440899 0.120000
v 0.641667 0.446778 0.120000
v 0.627953 0.451531 0.120000
v 0.613625 0.455056 0.120000
v 0.598651 0.457247 0.120000
v 0.583000 0.458000 0.120000
v 0.560952 0.456561 0.120000
v 0.540366 0.452324 0.120000
v 0.521328 0.445406 0.120000
v 0.503926 0.435926 0.120000
v 0.488246 0.424001 0.120000
v 0.474375 0.409750 0.120000
v 0.462400 0.393291 0.120000
v 0.452407 0.374741 0.120000
v 0.444484 0.354219 0.120000
v 0.438718 0.331843 0.120000
v 0.435194 0.307730 0.120000
v 0.434000 0.282000 0.120000
v 0.434000 0.000000 0.120000
v 0.523000 0.000000 0.120000
v 0.523000 0.278000 0.120000
v 0.523856 0.294351 0.120000
v 0.526347 0.309389 0.120000
v 0.530359 0.323094 0.120000
v 0.535778 0.335444 0.120000
v 0.542488 0.346420 0.120000
v 0.550375 0.356000 0.120000
v 0.559325 0.364163 0.120000
v 0.569222 0.370889 0.120000
v 0.579953 0.376156 0.120000
v 0.591403 0.379944 0.120000
v 0.603456 0.382233 0.120000
v 0.616000 0.383000 0.120000
v 0.623448 0.382719 0.120000
v 0.631254 0.381417 0.120000
v 0.639359 0.379156 0.120000
v 0.647704 0.376000 0.120000
v 0.656228 0.372010 0.120000
v 0.664875 0.367250 0.120000
v 0.673584 0.361781 0.120000
v 0.682296 0.355667 0.120000
v 0.690953 0.348969 0.120000
v 0.699495 0.341750 0.120000
v 0.707864 0.334073 0.120000
v 0.716000 0.326000 0.120000
v 0.716000 0.000000 0.120000
v 0.805000 0.000000 0.120000
v 0.805000 0.279000 0.120000
v 0.805753 0.296381 0.120000
v 0.807944 0.312051 0.120000
v 0.811469 0.326047 0.120000
v 0.816222 0.338407 0.120000
v 0.822101 0.349171 0.120000
v 0.829000 0.358375 0.120000
v 0.836816 0.366058 0.120000
v 0.845444 0.372259 0.120000
v 0.854781 0.377016 0.120000
v 0.864722 0.380366 0.120000
v 0.875163 0.382348 0.120000
v 0.886000 0.383000 0.120000
v 0.896950 0.382700 0.120000
v 0.907352 0.381764 0.120000
v 0.917281 0.380141 0.120000
v 0.926815 0.377778 0.120000
v 0.936029 0.374623 0.120000
v 0.945000 0.370625 0.120000
v 0.953804 0.365731 0.120000
v 0.962518 0.359889 0.120000
v 0.971219 0.353047 0.120000
v 0.979981 0.345153 0.120000
v 0.988883 0.336155 0.120000
v 0.998000 0.326000 0.120000
v 0.998000 0.000000 0.120000
v 1.087000 0.000000 0.120000
v 1.087000 0.449000 0.120000
v 0.998000 0.449000 0.120000
v 1.171770 0.019639 0.120000
v 1.180662 0.014032 0.120000
v 1.188797 0.009141 0.120000
v 1.196296 0.004926 0.120000
v 1.203282 0.001350 0.120000
v 1.209875 -0.001625 0.120000
v 1.216197 -0.004038 0.120000
v 1.222370 -0.005926 0.120000
v 1.228516 -0.007328 0.120000
v 1.234755 -0.008282 0.120000
v 1.241209 -0.008827 0.120000
v 1.248000 -0.009000 0.120000
v 1.257378 -0.008706 0.120000
v 1.266023 -0.007815 0.120000
v 1.273953 -0.006312 0.120000
v 1.281185 -0.004185 0.120000
v 1.287737 -0.001419 0.120000
v 1.293625 0.002000 0.120000
v 1.298867 0.006086 0.120000
v 1.303481 0.010852 0.120000
v 1.307484 0.016313 0.120000
v 1.310894 0.022481 0.120000
v 1.313726 0.029373 0.120000
v 1.316000 0.037000 0.120000
v 1.325790 0.029583 0.120000
v 1.335657 0.022829 0.120000
v 1.345594 0.016734 0.120000
v 1.355592 0.011296 0.120000
v 1.365647 0.006511 0.120000
v 1.375750 0.002375 0.120000
v 1.385895 -0.001115 0.120000
v 1.396074 -0.003963 0.120000
v 1.406281 -0.006172 0.120000
v 1.416509 -0.007745 0.120000
v 1.426751 -0.008687 0.120000
v 1.437000 -0.009000 0.120000
v 1.453029 -0.007943 0.120000
v 1.468065 -0.004880 0.120000
v 1.482031 0.000031 0.120000
v 1.494852 0.006630 0.120000
v 1.506450 0.014756 0.120000
v 1.516750 0.024250 0.120000
v 1.525675 0.034953 0.120000
v 1.533148 0.046704 0.120000
v 1.539094 0.059344 0.120000
v 1.543435 0.072713 0.120000
v 1.546096 0.086652 0.120000
v 1.547000 0.101000 0.120000
v 1.545365 0.121994 0.120000
v 1.540667 0.140616 0.120000
v 1.533219 0.157078 0.120000
v 1.523333 0.171593 0.120000
v 1.511323 0.184371 0.120000
v 1.497500 0.195625 0.120000
v 1.482177 0.205567 0.120000
v 1.465667 0.214407 0.120000
v 1.448281 0.222359 0.120000
v 1.430333 0.229634 0.120000
v 1.412135 0.236444 0.120000
v 1.394000 0.243000 0.120000
v 1.315000 0.271000 0.120000
v 1.315000 0.295000 0.120000
v 1.315562 0.308318 0.120000
v 1.317250 0.320296 0.120000
v 1.320062 0.330969 0.120000
v 1.324000 0.340370 0.120000
v 1.329062 0.348536 0.120000
v 1.335250 0.355500 0.120000
v 1.342562 0.361297 0.120000
v 1.351000 0.365963 0.120000
v 1.360562 0.369531 0.120000
v 1.371250 0.372037 0.120000
v 1.383062 0.373515 0.120000
v 1.396000 0.374000 0.120000
v 1.408266 0.373518 0.120000
v 1.420546 0.372060 0.120000
v 1.432812 0.369609 0.120000
v 1.445037 0.366148 0.120000
v 1.457192 0.361659 0.120000
v 1.469250 0.356125 0.120000
v 1.481183 0.349528 0.120000
v 1.492963 0.341852 0.120000
v 1.504562 0.333078 0.120000
v 1.515954 0.323190 0.120000
v 1.527109 0.312170 0.120000
v 1.538000 0.300000 0.120000
v 1.538000 0.397000 0.120000
v 1.528957 0.406813 0.120000
v 1.519324 0.415755 0.120000
v 1.509094 0.423828 0.120000
v 1.498259 0.431037 0.120000
v 1.486814 0.437385 0.120000
v 1.474750 0.442875 0.120000
v 1.462061 0.447511 0.120000
v 1.448741 0.451296 0.120000
v 1.434781 0.454234 0.120000
v 1.420176 0.456329 0.120000
v 1.404918 0.457583 0.120000
v 1.389000 0.458000 0.120000
v 1.366676 0.457036 0.120000
v 1.345329 0.454120 0.120000
v 1.325140 0.449219 0.120000
v 1.306296 0.442296 0.120000
v 1.288980 0.433318 0.120000
v 1.273375 0.422250 0.120000
v 1.259666 0.409057 0.120000
v 1.248037 0.393704 0.120000
v 1.238672 0.376156 0.120000
v 1.231755 0.356380 0.120000
v 1.227469 0.334339 0.120000
v 1.226000 0.310000 0.120000
v 1.226000 0.079000 0.120000
v 1.225875 0.074976 0.120000
v 1.225505 0.071394 0.120000
v 1.224891 0.068234 0.120000
v 1.224037 0.065481 0.120000
v 1.222947 0.063117 0.120000
v 1.221625 0.061125 0.120000
v 1.220073 0.059487 0.120000
v 1.218296 0.058185 0.120000
v 1.216297 0.057203 0.120000
v 1.214079 0.056523 0.120000
v 1.211645 0.056128 0.120000
v 1.209000 0.056000 0.120000
v 1.206567 0.056186 0.120000
v 1.203782 0.056736 0.120000
v 1.200672 0.057641 0.120000
v 1.197259 0.058889 0.120000
v 1.193569 0.060470 0.120000
v 1.189625 0.062375 0.120000
v 1.185452 0.064592 0.120000
v 1.181074 0.067111 0.120000
v 1.176516 0.069922 0.120000
v 1.171801 0.073014 0.120000
v 1.166954 0.076377 0.120000
v 1.162000 0.080000 0.120000
v 1.162000 0.026000 0.120000
v 1.333759 0.215484 0.120000
v 1.351907 0.208875 0.120000
v 1.369250 0.202078 0.120000
v 1.385592 0.195000 0.120000
v 1.400741 0.187547 0.120000
v 1.414500 0.179625 0.120000
v 1.426676 0.171141 0.120000
v 1.437074 0.162000 0.120000
v 1.445500 0.152109 0.120000
v 1.451759 0.141375 0.120000
v 1.455657 0.129703 0.120000
v 1.457000 0.117000 0.120000
v 1.456447 0.107988 0.120000
v 1.454829 0.099486 0.120000
v 1.452203 0.091547 0.120000
v 1.448630 0.084222 0.120000
v 1.444167 0.077564 0.120000
v 1.438875 0.071625 0.120000
v 1.432812 0.066457 0.120000
v 1.426037 0.062111 0.120000
v 1.418609 0.058641 0.120000
v 1.410588 0.056097 0.120000
v 1.402032 0.054533 0.120000
v 1.393000 0.054000 0.120000
v 1.386042 0.054289 0.120000
v 1.379167 0.055144 0.120000
v 1.372375 0.056547 0.120000
v 1.365667 0.058481 0.120000
v 1.359042 0.060930 0.120000
v 1.352500 0.063875 0.120000
v 1.346042 0.067299 0.120000
v 1.339667 0.071185 0.120000
v 1.333375 0.075516 0.120000
v 1.327167 0.080273 0.120000
v 1.321042 0.085440 0.120000
v 1.315000 0.091000 0.120000
v 1.315000 0.222000 0.120000
v 1.671000 0.380000 0.120000
v 1.662723 0.371445 0.120000
v 1.655366 0.363227 0.120000
v 1.648890 0.355266 0.120000
v 1.643259 0.347482 0.120000
v 1.638433 0.339795 0.120000
v 1.634375 0.332125 0.120000
v 1.631046 0.324393 0.120000
v 1.628407 0.316519 0.120000
v 1.626422 0.308422 0.120000
v 1.625051 0.300023 0.120000
v 1.624256 0.291242 0.120000
v 1.624000 0.282000 0.120000
v 1.624425 0.272641 0.120000
v 1.625653 0.263130 0.120000
v 1.627609 0.253562 0.120000
v 1.630222 0.244037 0.120000
v 1.633418 0.234650 0.120000
v 1.637125 0.225500 0.120000
v 1.641269 0.216683 0.120000
v 1.645778 0.208296 0.120000
v 1.650578 0.200438 0.120000
v 1.655597 0.193204 0.120000
v 1.660762 0.186692 0.120000
v 1.666000 0.181000 0.120000
v 1.682185 0.166895 0.120000
v 1.700315 0.156162 0.120000
v 1.719750 0.148172 0.120000
v 1.739852 0.142296 0.120000
v 1.759981 0.137907 0.120000
v 1.779500 0.134375 0.120000
v 1.797768 0.131072 0.120000
v 1.814148 0.127370 0.120000
v 1.828000 0.122641 0.120000
v 1.838685 0.116255 0.120000
v 1.845565 0.107584 0.120000
v 1.848000 0.096000 0.120000
v 1.847023 0.089951 0.120000
v 1.844102 0.084273 0.120000
v 1.839250 0.078922 0.120000
v 1.832482 0.073852 0.120000
v 1.823810 0.069018 0.120000
v 1.813250 0.064375 0.120000
v 1.800815 0.059878 0.120000
v 1.786519 0.055481 0.120000
v 1.770375 0.051141 0.120000
v 1.752398 0.046810 0.120000
v 1.732602 0.042445 0.120000
v 1.711000 0.038000 0.120000
v 1.688275 0.032638 0.120000
v 1.668037 0.026102 0.120000
v 1.650187 0.018469 0.120000
v 1.634630 0.009815 0.120000
v 1.621266 0.000216 0.120000
v 1.610000 -0.010250 0.120000
v 1.600734 -0.021508 0.120000
v 1.593370 -0.033481 0.120000
v 1.587812 -0.046094 0.120000
v 1.583963 -0.059269 0.120000
v 1.581725 -0.072929 0.120000
v 1.581000 -0.087000 0.120000
v 1.582631 -0.108510 0.120000
v 1.587468 -0.128495 0.120000
v 1.595422 -0.146891 0.120000
v 1.606407 -0.163630 0.120000
v 1.620337 -0.178646 0.120000
v 1.637125 -0.191875 0.120000
v 1.656683 -0.203249 0.120000
v 1.678926 -0.212704 0.120000
v 1.703766 -0.220172 0.120000
v 1.731116 -0.225588 0.120000
v 1.760889 -0.228886 0.120000
v 1.793000 -0.230000 0.120000
v 1.822491 -0.228833 0.120000
v 1.850347 -0.225412 0.120000
v 1.876391 -0.219859 0.120000
v 1.900444 -0.212296 0.120000
v 1.922332 -0.202844 0.120000
v 1.941875 -0.191625 0.120000
v 1.958898 -0.178760 0.120000
v 1.973222 -0.164370 0.120000
v 1.984672 -0.148578 0.120000
v 1.993069 -0.131505 0.120000
v 1.998238 -0.113271 0.120000
v 2.000000 -0.094000 0.120000
v 1.999266 -0.078058 0.120000
v 1.997046 -0.063218 0.120000
v 1.993312 -0.049453 0.120000
v 1.988037 -0.036741 0.120000
v 1.981192 -0.025056 0.120000
v 1.972750 -0.014375 0.120000
v 1.962683 -0.004673 0.120000
v 1.950963 0.004074 0.120000
v 1.937562 0.011891 0.120000
v 1.922454 0.018801 0.120000
v 1.905609 0.024829 0.120000
v 1.887000 0.030000 0.120000
v 1.894398 0.034731 0.120000
v 1.901097 0.039431 0.120000
v 1.907109 0.044109 0.120000
v 1.912444 0.048778 0.120000
v 1.917113 0.053446 0.120000
v 1.921125 0.058125 0.120000
v 1.924491 0.062825 0.120000
v 1.927222 0.067556 0.120000
v 1.929328 0.072328 0.120000
v 1.930819 0.077153 0.120000
v 1.931707 0.082040 0.120000
v 1.932000 0.087000 0.120000
v 1.931424 0.094160 0.120000
v 1.929727 0.101116 0.120000
v 1.926953 0.107828 0.120000
v 1.923148 0.114259 0.120000
v 1.918357 0.120371 0.120000
v 1.912625 0.126125 0.120000
v 1.905997 0.131483 0.120000
v 1.898519 0.136407 0.120000
v 1.890234 0.140859 0.120000
v 1.881190 0.144801 0.120000
v 1.871430 0.148194 0.120000
v 1.861000 0.151000 0.120000
v 1.861000 0.153000 0.120000
v 1.869083 0.156604 0.120000
v 1.876833 0.160417 0.120000
v 1.884250 0.164437 0.120000
v 1.891333 0.168667 0.120000
v 1.898083 0.173104 0.120000
v 1.904500 0.177750 0.120000
v 1.910583 0.182604 0.120000
v 1.916333 0.187667 0.120000
v 1.921750 0.192937 0.120000
v 1.926833 0.198417 0.120000
v 1.931583 0.204104 0.120000
v 1.936000 0.210000 0.120000
v 1.939833 0.215854 0.120000
v 1.943333 0.221917 0.120000
v 1.946500 0.228188 0.120000
v 1.949333 0.234667 0.120000
v 1.951833 0.241354 0.120000
v 1.954000 0.248250 0.120000
v 1.955833 0.255354 0.120000
v 1.957333 0.262667 0.120000
v 1.958500 0.270187 0.120000
v 1.959333 0.277917 0.120000
v 1.959833 0.285854 0.120000
v 1.960000 0.294000 0.120000
v 1.958454 0.317216 0.120000
v 1.953884 0.338815 0.120000
v 1.946391 0.358719 0.120000
v 1.936074 0.376852 0.120000
v 1.923035 0.393138 0.120000
v 1.907375 0.407500 0.120000
v 1.889194 0.419862 0.120000
v 1.868593 0.430148 0.120000
v 1.845672 0.438281 0.120000
v 1.820532 0.444185 0.120000
v 1.793275 0.447784 0.120000
v 1.764000 0.449000 0.120000
v 1.579000 0.449000 0.120000
v 1.579000 0.380000 0.120000
v 1.803045 0.371247 0.120000
v 1.814607 0.369056 0.120000
v 1.825578 0.365531 0.120000
v 1.835852 0.360778 0.120000
v 1.845320 0.354899 0.120000
v 1.853875 0.348000 0.120000
v 1.861409 0.340184 0.120000
v 1.867815 0.331556 0.120000
v 1.872984 0.322219 0.120000
v 1.876810 0.312278 0.120000
v 1.879185 0.301837 0.120000
v 1.880000 0.291000 0.120000
v 1.879260 0.279093 0.120000
v 1.877083 0.267912 0.120000
v 1.873531 0.257516 0.120000
v 1.868667 0.247963 0.120000
v 1.862552 0.239313 0.120000
v 1.855250 0.231625 0.120000
v 1.846823 0.224958 0.120000
v 1.837333 0.219370 0.120000
v 1.826844 0.214922 0.120000
v 1.815417 0.211671 0.120000
v 1.803115 0.209678 0.120000
v 1.790000 0.209000 0.120000
v 1.777804 0.209717 0.120000
v 1.766268 0.211819 0.120000
v 1.755469 0.215234 0.120000
v 1.745481 0.219889 0.120000
v 1.736383 0.225710 0.120000
v 1.728250 0.232625 0.120000
v 1.721159 0.240561 0.120000
v 1.715185 0.249444 0.120000
v 1.710406 0.259203 0.120000
v 1.706898 0.269764 0.120000
v 1.704737 0.281054 0.120000
v 1.704000 0.293000 0.120000
v 1.704814 0.303587 0.120000
v 1.707181 0.313782 0.120000
v 1.710984 0.323484 0.120000
v 1.716111 0.332593 0.120000
v 1.722446 0.341006 0.120000
v 1.729875 0.348625 0.120000
v 1.738283 0.355348 0.120000
v 1.747555 0.361074 0.120000
v 1.757578 0.365703 0.120000
v 1.768236 0.369134 0.120000
v 1.779415 0.371267 0.120000
v 1.791000 0.372000 0.120000
v 1.828611 -0.022574 0.120000
v 1.842389 -0.024259 0.120000
v 1.855250 -0.027000 0.120000
v 1.867111 -0.030741 0.120000
v 1.877889 -0.035426 0.120000
v 1.887500 -0.041000 0.120000
v 1.895861 -0.047407 0.120000
v 1.902889 -0.054593 0.120000
v 1.908500 -0.062500 0.120000
v 1.912611 -0.071074 0.120000
v 1.915139 -0.080259 0.120000
v 1.916000 -0.090000 0.120000
v 1.915087 -0.100811 0.120000
v 1.912366 -0.110736 0.120000
v 1.907859 -0.119766 0.120000
v 1.901593 -0.127889 0.120000
v 1.893590 -0.135095 0.120000
v 1.883875 -0.141375 0.120000
v 1.872473 -0.146717 0.120000
v 1.859407 -0.151111 0.120000
v 1.844703 -0.154547 0.120000
v 1.828384 -0.157014 0.120000
v 1.810475 -0.158502 0.120000
v 1.791000 -0.159000 0.120000
v 1.772175 -0.158504 0.120000
v 1.754731 -0.157032 0.120000
v 1.738719 -0.154609 0.120000
v 1.724185 -0.151259 0.120000
v 1.711179 -0.147006 0.120000
v 1.699750 -0.141875 0.120000
v 1.689946 -0.135889 0.120000
v 1.681815 -0.129074 0.120000
v 1.675406 -0.121453 0.120000
v 1.670768 -0.113051 0.120000
v 1.667950 -0.103892 0.120000
v 1.667000 -0.094000 0.120000
v 1.668842 -0.080609 0.120000
v 1.674069 -0.068875 0.120000
v 1.682234 -0.058703 0.120000
v 1.692889 -0.050000 0.120000
v 1.705585 -0.042672 0.120000
v 1.719875 -0.036625 0.120000
v 1.735311 -0.031766 0.120000
v 1.751444 -0.028000 0.120000
v 1.767828 -0.025234 0.120000
v 1.784014 -0.023375 0.120000
v 1.799554 -0.022328 0.120000
v 1.814000 -0.022000 0.120000
v 1.671000 0.380000 0.120000
v 1.671000 0.380000 -0.120000
v 1.662723 0.371445 0.120000
v 1.662723 0.371445 -0.120000
v 1.655366 0.363227 0.120000
v 1.655366 0.363227 -0.120000
v 1.648890 0.355266 0.120000
v 1.648890 0.355266 -0.120000
v 1.643259 0.347482 0.120000
v 1.643259 0.347482 -0.120000
v 1.638433 0.339795 0.120000
v 1.638433 0.339795 -0.120000
v 1.634375 0.332125 0.120000
v 1.634375 0.332125 -0.120000
v 1.631046 0.324393 0.120000
v 1.631046 0.324393 -0.120000
v 1.628407 0.316519 0.120000
v 1.628407 0.316519 -0.120000
v 1.626422 0.308422 0.120000
v 1.626422 0.308422 -0.120000
v 1.625051 0.300023 0.120000
v 1.625051 0.300023 -0.120000
v 1.624256 0.291242 0.120000
v 1.624256 0.291242 -0.120000
v 1.624000 0.282000 0.120000
v 1.624000 0.282000 -0.120000
v 1.624425 0.272641 0.120000
v 1.624425 0.272641 -0.120000
v 1.625653 0.263130 0.120000
v 1.625653 0.263130 -0.120000
v 1.627609 0.253562 0.120000
v 1.627609 0.253562 -0.120000
v 1.630222 0.244037 0.120000
v 1.630222 0.244037 -0.120000
v 1.633418 0.234650 0.120000
v 1.633418 0.234650 -0.120000
v 1.637125 0.225500 0.120000
v 1.637125 0.225500 -0.120000
v 1.641269 0.216683 0.120000
v 1.641269 0.216683 -0.120000
v 1.645778 0.208296 0.120000
v 1.645778 0.208296 -0.120000
v 1.650578 0.200438 0.120000
v 1.650578 0.200438 -0.120000
v 1.655597 0.193204 0.120000
v 1.655597 0.193204 -0.120000
v 1.660762 0.186692 0.120000
v 1.660762 0.186692 -0.120000
v 1.666000 0.181000 0.120000
v 1.666000 0.181000 -0.120000
v 1.682185 0.166895 0.120000
v 1.682185 0.166895 -0.120000
v 1.700315 0.156162 0.120000
v 1.700315 0.156162 -0.120000
v 1.719750 0.148172 0.120000
v 1.719750 0.148172 -0.120000
v 1.739852 0.142296 0.120000
v 1.739852 0.142296 -0.120000
v 1.759981 0.137907 0.120000
v 1.759981 0.137907 -0.120000
v 1.779500 0.134375 0.120000
v 1.779500 0.134375 -0.120000
v 1.797768 0.131072 0.120000
v 1.797768 0.131072 -0.120000
v 1.814148 0.127370 0.120000
v 1.814148 0.127370 -0.120000
v 1.828000 0.122641 0.120000
v 1.828000 0.122641 -0.120000
v 1.838685 0.116255 0.120000
v 1.838685 0.116255 -0.120000
v 1.845565 0.107584 0.120000
v 1.845565 0.107584 -0.120000
v 1.848000 0.096000 0.120000
v 1.848000 0.096000 -0.120000
v 1.847023 0.089951 0.120000
v 1.847023 0.089951 -0.120000
v 1.844102 0.084273 0.120000
v 1.844102 0.084273 -0.120000
v 1.839250 0.078922 0.120000
v 1.839250 0.078922 -0.120000
v 1.832482 0.073852 0.120000
v 1.832482 0.073852 -0.120000
v 1.823810 0.069018 0.120000
v 1.823810 0.069018 -0.120000
v 1.813250 0.064375 0.120000
v 1.813250 0.064375 -0.120000
v 1.800815 0.059878 0.120000
v 1.800815 0.059878 -0.120000
v 1.786519 0.055481 0.120000
v 1.786519 0.055481 -0.120000
v 1.770375 0.051141 0.120000
v 1.770375 0.051141 -0.120000
v 1.752398 0.046810 0.120000
v 1.752398 0.046810 -0.120000
v 1.732602 0.042445 0.120000
v 1.732602 0.042445 -0.120000
v 1.711000 0.038000 0.120000
v 1.711000 0.038000 -0.120000
v 1.688275 0.032638 0.120000
v 1.688275 0.032638 -0.120000
v 1.668037 0.026102 0.120000
v 1.668037 0.026102 -0.120000
v 1.650187 0.018469 0.120000
v 1.650187 0.018469 -0.120000
v 1.634630 0.009815 0.120000
v 1.634630 0.009815 -0.120000
v 1.621266 0.000216 0.120000
v 1.621266 0.000216 -0.120000
v 1.610000 -0.010250 0.120000
v 1.610000 -0.010250 -0.120000
v 1.600734 -0.021508 0.120000
v 1.600734 -0.021508 -0.120000
v 1.593370 -0.033481 0.120000
v 1.593370 -0.033481 -0.120000
v 1.587812 -0.046094 0.120000
v 1.587812 -0.046094 -0.120000
v 1.583963 -0.059269 0.120000
v 1.583963 -0.059269 -0.120000
v 1.581725 -0.072929 0.120000
v 1.581725 -0.072929 -0.120000
v 1.581000 -0.087000 0.120000
v 1.581000 -0.087000 -0.120000
v 1.582631 -0.108510 0.120000
v 1.582631 -0.108510 -0.120000
v 1.587468 -0.128495 0.120000
v 1.587468 -0.128495 -0.120000
v 1.595422 -0.146891 0.120000
v 1.595422 -0.146891 -0.120000
v 1.606407 -0.163630 0.120000
v 1.606407 -0.163630 -0.120000
v 1.620337 -0.178646 0.120000
v 1.620337 -0.178646 -0.120000
v 1.637125 -0.191875 0.120000
v 1.637125 -0.191875 -0.120000
v 1.656683 -0.203249 0.120000
v 1.656683 -0.203249 -0.120000
v 1.678926 -0.212704 0.120000
v 1.678926 -0.212704 -0.120000
v 1.703766 -0.220172 0.120000
v 1.703766 -0.220172 -0.120000
v 1.731116 -0.225588 0.120000
v 1.731116 -0.225588 -0.120000
v 1.760889 -0.228886 0.120000
v 1.760889 -0.228886 -0.120000
v 1.793000 -0.230000 0.120000
v 1.793000 -0.230000 -0.120000
v 1.822491 -0.228833 0.120000
v 1.822491 -0.228833 -0.120000
v 1.850347 -0.225412 0.120000
v 1.850347 -0.225412 -0.120000
v 1.876391 -0.219859 0.120000
v 1.876391 -0.219859 -0.120000
v 1.900444 -0.212296 0.120000
v 1.900444 -0.212296 -0.120000
v 1.922332 -0.202844 0.120000
v 1.922332 -0.202844 -0.120000
v 1.941875 -0.191625 0.120000
v 1.941875 -0.191625 -0.120000
v 1.958898 -0.178760 0.120000
v 1.958898 -0.178760 -0.120000
v 1.973222 -0.164370 0.120000
v 1.973222 -0.164370 -0.120000
v 1.984672 -0.148578 0.120000
v 1.984672 -0.148578 -0.120000
v 1.993069 -0.131505 0.120000
v 1.993069 -0.131505 -0.120000
v 1.998238 -0.113271 0.120000
v 1.998238 -0.113271 -0.120000
v 2.000000 -0.094000 0.120000
v 2.000000 -0.094000 -0.120000
v 1.999266 -0.078058 0.120000
v 1.999266 -0.078058 -0.120000
v 1.997046 -0.063218 0.120000
v 1.997046 -0.063218 -0.120000
v 1.993312 -0.049453 0.120000
v 1.993312 -0.049453 -0.120000
v 1.988037 -0.036741 0.120000
v 1.988037 -0.036741 -0.120000
v 1.981192 -0.025056 0.120000
v 1.981192 -0.025056 -0.120000
v 1.972750 -0.014375 0.120000
v 1.972750 -0.014375 -0.120000
v 1.962683 -0.004673 0.120000
v 1.962683 -0.004673 -0.120000
v 1.950963 0.004074 0.120000
v 1.950963 0.004074 -0.120000
v 1.937562 0.011891 0.120000
v 1.937562 0.011891 -0.120000
v 1.922454 0.018801 0.120000
v 1.922454 0.018801 -0.120000
v 1.905609 0.024829 0.120000
v 1.905609 0.024829 -0.120000
v 1.887000 0.030000 0.120000
v 1.887000 0.030000 -0.120000
v 1.894398 0.034731 0.120000
v 1.894398 0.034731 -0.120000
v 1.901097 0.039431 0.120000
v 1.901097 0.039431 -0.120000
v 1.907109 0.044109 0.120000
v 1.907109 0.044109 -0.120000
v 1.912444 0.048778 0.120000
v 1.912444 0.048778 -0.120000
v 1.917113 0.053446 0.120000
v 1.917113 0.053446 -0.120000
v 1.921125 0.058125 0.120000
v 1.921125 0.058125 -0.120000
v 1.924491 0.062825 0.120000
v 1.924491 0.062825 -0.120000
v 1.927222 0.067556 0.120000
v 1.927222 0.067556 -0.120000
v 1.929328 0.072328 0.120000
v 1.929328 0.072328 -0.120000
v 1.930819 0.077153 0.120000
v 1.930819 0.077153 -0.120000
v 1.931707 0.082040 0.120000
v 1.931707 0.082040 -0.120000
v 1.932000 0.087000 0.120000
v 1.932000 0.087000 -0.120000
v 1.931424 0.094160 0.120000
v 1.931424 0.094160 -0.120000
v 1.929727 0.101116 0.120000
v 1.929727 0.101116 -0.120000
v 1.926953 0.107828 0.120000
v 1.926953 0.107828 -0.120000
v 1.923148 0.114259 0.120000
v 1.923148 0.114259 -0.120000
v 1.918357 0.120371 0.120000
v 1.918357 0.120371 -0.120000
v 1.912625 0.126125 0.120000
v 1.912625 0.126125 -0.120000
v 1.905997 0.131483 0.120000
v 1.905997 0.131483 -0.120000
v 1.898519 0.136407 0.120000
v 1.898519 0.136407 -0.120000
v 1.890234 0.140859 0.120000
v 1.890234 0.140859 -0.120000
v 1.881190 0.144801 0.120000
v 1.881190 0.144801 -0.120000
v 1.871430 0.148194 0.120000
v 1.871430 0.148194 -0.120000
v 1.861000 0.151000 0.120000
v 1.861000 0.151000 -0.120000
v 1.861000 0.153000 0.120000
v 1.861000 0.153000 -0.120000
v 1.869083 0.156604 0.120000
v 1.869083 0.156604 -0.120000
v 1.876833 0.160417 0.120000
v 1.876833 0.160417 -0.120000
v 1.884250 0.164437 0.120000
v 1.884250 0.164437 -0.120000
v 1.891333 0.168667 0.120000
v 1.891333 0.168667 -0.120000
v 1.898083 0.173104 0.120000
v 1.898083 0.173104 -0.120000
v 1.904500 0.177750 0.120000
v 1.904500 0.177750 -0.120000
v 1.910583 0.182604 0.120000
v 1.910583 0.182604 -0.120000
v 1.916333 0.187667 0.120000
v 1.916333 0.187667 -0.120000
v 1.921750 0.192937 0.120000
v 1.921750 0.192937 -0.120000
v 1.926833 0.198417 0.120000
v 1.926833 0.198417 -0.120000
v 1.931583 0.204104 0.120000
v 1.931583 0.204104 -0.120000
v 1.936000 0.210000 0.120000
v 1.936000 0.210000 -0.120000
v 1.939833 0.215854 0.120000
v 1.939833 0.215854 -0.120000
v 1.943333 0.221917 0.120000
v 1.943333 0.221917 -0.120000
v 1.946500 0.228188 0.120000
v 1.946500 0.228188 -0.120000
v 1.949333 0.234667 0.120000
v 1.949333 0.234667 -0.120000
v 1.951833 0.241354 0.120000
v 1.951833 0.241354 -0.120000
v 1.954000 0.248250 0.120000
v 1.954000 0.248250 -0.120000
v 1.955833 0.255354 0.120000
v 1.955833 0.255354 -0.120000
v 1.957333 0.262667 0.120000
v 1.957333 0.262667 -0.120000
v 1.958500 0.270187 0.120000
v 1.958500 0.270187 -0.120000
v 1.959333 0.277917 0.120000
v 1.959333 0.277917 -0.120000
v 1.959833 0.285854 0.120000
v 1.959833 0.285854 -0.120000
v 1.960000 0.294000 0.120000
v 1.960000 0.294000 -0.120000
v 1.958454 0.317216 0.120000
v 1.958454 0.317216 -0.120000
v 1.953884 0.338815 0.120000
v 1.953884 0.338815 -0.120000
v 1.946391 0.358719 0.120000
v 1.946391 0.358719 -0.120000
v 1.936074 0.376852 0.120000
v 1.936074 0.376852 -0.120000
v 1.923035 0.393138 0.120000
v 1.923035 0.393138 -0.120000
v 1.907375 0.407500 0.120000
v 1.907375 0.407500 -0.120000
v 1.889194 0.419862 0.120000
v 1.889194 0.419862 -0.120000
v 1.868593 0.430148 0.120000
v 1.868593 0.430148 -0.120000
v 1.845672 0.438281 0.120000
v 1.845672 0.438281 -0.120000
v 1.820532 0.444185 0.120000
v 1.820532 0.444185 -0.120000
v 1.793275 0.447784 0.120000
v 1.793275 0.447784 -0.120000
v 1.764000 0.449000 0.120000
v 1.764000 0.449000 -0.120000
v 1.579000 0.449000 0.120000
v 1.579000 0.449000 -0.120000
v 1.579000 0.380000 0.120000
v 1.579000 0.380000 -0.120000
v 1.803045 0.371247 0.120000
v 1.803045 0.371247 -0.120000
v 1.814607 0.369056 0.120000
v 1.814607 0.369056 -0.120000
v 1.825578 0.365531 0.120000
v 1.825578 0.365531 -0.120000
v 1.835852 0.360778 0.120000
v 1.835852 0.360778 -0.120000
v 1.845320 0.354899 0.120000
v 1.845320 0.354899 -0.120000
v 1.853875 0.348000 0.120000
v 1.853875 0.348000 -0.120000
v 1.861409 0.340184 0.120000
v 1.861409 0.340184 -0.120000
v 1.867815 0.331556 0.120000
v 1.867815 0.331556 -0.120000
v 1.872984 0.322219 0.120000
v 1.872984 0.322219 -0.120000
v 1.876810 0.312278 0.120000
v 1.876810 0.312278 -0.120000
v 1.879185 0.301837 0.120000
v 1.879185 0.301837 -0.120000
v 1.880000 0.291000 0.120000
v 1.880000 0.291000 -0.120000
v 1.879260 0.279093 0.120000
v 1.879260 0.279093 -0.120000
v 1.877083 0.267912 0.120000
v 1.877083 0.267912 -0.120000
v 1.873531 0.257516 0.120000
v 1.873531 0.257516 -0.120000
v 1.868667 0.247963 0.120000
v 1.868667 0.247963 -0.120000
v 1.862552 0.239313 0.120000
v 1.862552 0.239313 -0.120000
v 1.855250 0.231625 0.120000
v 1.855250 0.231625 -0.120000
v 1.846823 0.224958 0.120000
v 1.846823 0.224958 -0.120000
v 1.837333 0.219370 0.120000
v 1.837333 0.219370 -0.120000
v 1.826844 0.214922 0.120000
v 1.826844 0.214922 -0.120000
v 1.815417 0.211671 0.120000
v 1.815417 0.211671 -0.120000
v 1.803115 0.209678 0.120000
v 1.803115 0.209678 -0.120000
v 1.790000 0.209000 0.120000
v 1.790000 0.209000 -0.120000
v 1.777804 0.209717 0.120000
v 1.777804 0.209717 -0.120000
v 1.766268 0.211819 0.120000
v 1.766268 0.211819 -0.120000
v 1.755469 0.215234 0.120000
v 1.755469 0.215234 -0.120000
v 1.745481 0.219889 0.120000
v 1.745481 0.219889 -0.120000
v 1.736383 0.225710 0.120000
v 1.736383 0.225710 -0.120000
v 1.728250 0.232625 0.120000
v 1.728250 0.232625 -0.120000
v 1.721159 0.240561 0.120000
v 1.721159 0.240561 -0.120000
v 1.715185 0.249444 0.120000
v 1.715185 0.249444 -0.120000
v 1.710406 0.259203 0.120000
v 1.710406 0.259203 -0.120000
v 1.706898 0.269764 0.120000
v 1.706898 0.269764 -0.120000
v 1.704737 0.281054 0.120000
v 1.704737 0.281054 -0.120000
v 1.704000 0.293000 0.120000
v 1.704000 0.293000 -0.120000
v 1.704814 0.303587 0.120000
v 1.704814 0.303587 -0.120000
v 1.707181 0.313782 0.120000
v 1.707181 0.313782 -0.120000
v 1.710984 0.323484 0.120000
v 1.710984 0.323484 -0.120000
v 1.716111 0.332593 0.120000
v 1.716111 0.332593 -0.120000
v 1.722446 0.341006 0.120000
v 1.722446 0.341006 -0.120000
v 1.729875 0.348625 0.120000
v 1.729875 0.348625 -0.120000
v 1.738283 0.355348 0.120000
v 1.738283 0.355348 -0.120000
v 1.747555 0.361074 0.120000
v 1.747555 0.361074 -0.120000
v 1.757578 0.365703 0.120000
v 1.757578 0.365703 -0.120000
v 1.768236 0.369134 0.120000
v 1.768236 0.369134 -0.120000
v 1.779415 0.371267 0.120000
v 1.779415 0.371267 -0.120000
v 1.791000 0.372000 0.120000
v 1.791000 0.372000 -0.120000
v 1.828611 -0.022574 0.120000
v 1.828611 -0.022574 -0.120000
v 1.842389 -0.024259 0.120000
v 1.842389 -0.024259 -0.120000
v 1.855250 -0.027000 0.120000
v 1.855250 -0.027000 -0.120000
v 1.867111 -0.030741 0.120000
v 1.867111 -0.030741 -0.120000
v 1.877889 -0.035426 0.120000
v 1.877889 -0.035426 -0.120000
v 1.887500 -0.041000 0.120000
v 1.887500 -0.041000 -0.120000
v 1.895861 -0.047407 0.120000
v 1.895861 -0.047407 -0.120000
v 1.902889 -0.054593 0.120000
v 1.902889 -0.054593 -0.120000
v 1.908500 -0.062500 0.120000
v 1.908500 -0.062500 -0.120000
v 1.912611 -0.071074 0.120000
v 1.912611 -0.071074 -0.120000
v 1.915139 -0.080259 0.120000
v 1.915139 -0.080259 -0.120000
v 1.916000 -0.090000 0.120000
v 1.916000 -0.090000 -0.120000
v 1.915087 -0.100811 0.120000
v 1.915087 -0.100811 -0.120000
v 1.912366 -0.110736 0.120000
v 1.912366 -0.110736 -0.120000
v 1.907859 -0.119766 0.120000
v 1.907859 -0.119766 -0.120000
v 1.901593 -0.127889 0.120000
v 1.901593 -0.127889 -0.120000
v 1.893590 -0.135095 0.120000
v 1.893590 -0.135095 -0.120000
v 1.883875 -0.141375 0.120000
v 1.883875 -0.141375 -0.120000
v 1.872473 -0.146717 0.120000
v 1.872473 -0.146717 -0.120000
v 1.859407 -0.151111 0.120000
v 1.859407 -0.151111 -0.120000
v 1.844703 -0.154547 0.120000
v 1.844703 -0.154547 -0.120000
v 1.828384 -0.157014 0.120000
v 1.828384 -0.157014 -0.120000
v 1.810475 -0.158502 0.120000
v 1.810475 -0.158502 -0.120000
v 1.791000 -0.159000 0.120000
v 1.791000 -0.159000 -0.120000
v 1.772175 -0.158504 0.120000
v 1.772175 -0.158504 -0.120000
v 1.754731 -0.157032 0.120000
v 1.754731 -0.157032 -0.120000
v 1.738719 -0.154609 0.120000
v 1.738719 -0.154609 -0.120000
v 1.724185 -0.151259 0.120000
v 1.724185 -0.151259 -0.120000
v 1.711179 -0.147006 0.120000
v 1.711179 -0.147006 -0.120000
v 1.699750 -0.141875 0.120000
v 1.699750 -0.141875 -0.120000
v 1.689946 -0.135889 0.120000
v 1.689946 -0.135889 -0.120000
v 1.681815 -0.129074 0.120000
v 1.681815 -0.129074 -0.120000
v 1.675406 -0.121453 0.120000
v 1.675406 -0.121453 -0.120000
v 1.670768 -0.113051 0.120000
v 1.670768 -0.113051 -0.120000
v 1.667950 -0.103892 0.120000
v 1.667950 -0.103892 -0.120000
v 1.667000 -0.094000 0.120000
v 1.667000 -0.094000 -0.120000
v 1.668842 -0.080609 0.120000
v 1.668842 -0.080609 -0.120000
v 1.674069 -0.068875 0.120000
v 1.674069 -0.068875 -0.120000
v 1.682234 -0.058703 0.120000
v 1.682234 -0.058703 -0.120000
v 1.692889 -0.050000 0.120000
v 1.692889 -0.050000 -0.120000
v 1.705585 -0.042672 0.120000
v 1.705585 -0.042672 -0.120000
v 1.719875 -0.036625 0.120000
v 1.719875 -0.036625 -0.120000
v 1.735311 -0.031766 0.120000
v 1.735311 -0.031766 -0.120000
v 1.751444 -0.028000 0.120000
v 1.751444 -0.028000 -0.120000
v 1.767828 -0.025234 0.120000
v 1.767828 -0.025234 -0.120000
v 1.784014 -0.023375 0.120000
v 1.784014 -0.023375 -0.120000
v 1.799554 -0.022328 0.120000
v 1.799554 -0.022328 -0.120000
v 1.814000 -0.022000 0.120000
v 1.814000 -0.022000 -0.120000
v 1.171770 0.019639 0.120000
v 1.171770 0.019639 -0.120000
v 1.180662 0.014032 0.120000
v 1.180662 0.014032 -0.120000
v 1.188797 0.009141 0.120000
v 1.188797 0.009141 -0.120000
v 1.196296 0.004926 0.120000
v 1.196296 0.004926 -0.120000
v 1.203282 0.001350 0.120000
v 1.203282 0.001350 -0.120000
v 1.209875 -0.001625 0.120000
v 1.209875 -0.001625 -0.120000
v 1.216197 -0.004038 0.120000
v 1.216197 -0.004038 -0.120000
v 1.222370 -0.005926 0.120000
v 1.222370 -0.005926 -0.120000
v 1.228516 -0.007328 0.120000
v 1.228516 -0.007328 -0.120000
v 1.234755 -0.008282 0.120000
v 1.234755 -0.008282 -0.120000
v 1.241209 -0.008827 0.120000
v 1.241209 -0.008827 -0.120000
v 1.248000 -0.009000 0.120000
v 1.248000 -0.009000 -0.120000
v 1.257378 -0.008706 0.120000
v 1.257378 -0.008706 -0.120000
v 1.266023 -0.007815 0.120000
v 1.266023 -0.007815 -0.120000
v 1.273953 -0.006312 0.120000
v 1.273953 -0.006313 -0.120000
v 1.281185 -0.004185 0.120000
v 1.281185 -0.004185 -0.120000
v 1.287737 -0.001419 0.120000
v 1.287737 -0.001419 -0.120000
v 1.293625 0.002000 0.120000
v 1.293625 0.002000 -0.120000
v 1.298867 0.006086 0.120000
v 1.298867 0.006086 -0.120000
v 1.303481 0.010852 0.120000
v 1.303481 0.010852 -0.120000
v 1.307484 0.016313 0.120000
v 1.307484 0.016312 -0.120000
v 1.310894 0.022481 0.120000
v 1.310894 0.022481 -0.120000
v 1.313726 0.029373 0.120000
v 1.313726 0.029373 -0.120000
v 1.316000 0.037000 0.120000
v 1.316000 0.037000 -0.120000
v 1.325790 0.029583 0.120000
v 1.325790 0.029583 -0.120000
v 1.335657 0.022829 0.120000
v 1.335657 0.022829 -0.120000
v 1.345594 0.016734 0.120000
v 1.345594 0.016734 -0.120000
v 1.355592 0.011296 0.120000
v 1.355592 0.011296 -0.120000
v 1.365647 0.006511 0.120000
v 1.365647 0.006511 -0.120000
v 1.375750 0.002375 0.120000
v 1.375750 0.002375 -0.120000
v 1.385895 -0.001115 0.120000
v 1.385895 -0.001115 -0.120000
v 1.396074 -0.003963 0.120000
v 1.396074 -0.003963 -0.120000
v 1.406281 -0.006172 0.120000
v 1.406281 -0.006172 -0.120000
v 1.416509 -0.007745 0.120000
v 1.416509 -0.007745 -0.120000
v 1.426751 -0.008687 0.120000
v 1.426751 -0.008687 -0.120000
v 1.437000 -0.009000 0.120000
v 1.437000 -0.009000 -0.120000
v 1.453029 -0.007943 0.120000
v 1.453029 -0.007943 -0.120000
v 1.468065 -0.004880 0.120000
v 1.468065 -0.004880 -0.120000
v 1.482031 0.000031 0.120000
v 1.482031 0.000031 -0.120000
v 1.494852 0.006630 0.120000
v 1.494852 0.006630 -0.120000
v 1.506450 0.014756 0.120000
v 1.506450 0.014756 -0.120000
v 1.516750 0.024250 0.120000
v 1.516750 0.024250 -0.120000
v 1.525675 0.034953 0.120000
v 1.525675 0.034953 -0.120000
v 1.533148 0.046704 0.120000
v 1.533148 0.046704 -0.120000
v 1.539094 0.059344 0.120000
v 1.539094 0.059344 -0.120000
v 1.543435 0.072713 0.120000
v 1.543435 0.072713 -0.120000
v 1.546096 0.086652 0.120000
v 1.546096 0.086652 -0.120000
v 1.547000 0.101000 0.120000
v 1.547000 0.101000 -0.120000
v 1.545365 0.121994 0.120000
v 1.545365 0.121994 -0.120000
v 1.540667 0.140616 0.120000
v 1.540667 0.140616 -0.120000
v 1.533219 0.157078 0.120000
v 1.533219 0.157078 -0.120000
v 1.523333 0.171593 0.120000
v 1.523333 0.171593 -0.120000
v 1.511323 0.184371 0.120000
v 1.511323 0.184371 -0.120000
v 1.497500 0.195625 0.120000
v 1.497500 0.195625 -0.120000
v 1.482177 0.205567 0.120000
v 1.482177 0.205567 -0.120000
v 1.465667 0.214407 0.120000
v 1.465667 0.214407 -0.120000
v 1.448281 0.222359 0.120000
v 1.448281 0.222359 -0.120000
v 1.430333 0.229634 0.120000
v 1.430333 0.229634 -0.120000
v 1.412135 0.236444 0.120000
v 1.412135 0.236444 -0.120000
v 1.394000 0.243000 0.120000
v 1.394000 0.243000 -0.120000
v 1.315000 0.271000 0.120000
v 1.315000 0.271000 -0.120000
v 1.315000 0.295000 0.120000
v 1.315000 0.295000 -0.120000
v 1.315562 0.308318 0.120000
v 1.315562 0.308318 -0.120000
v 1.317250 0.320296 0.120000
v 1.317250 0.320296 -0.120000
v 1.320062 0.330969 0.120000
v 1.320062 0.330969 -0.120000
v 1.324000 0.340370 0.120000
v 1.324000 0.340370 -0.120000
v 1.329062 0.348536 0.120000
v 1.329062 0.348536 -0.120000
v 1.335250 0.355500 0.120000
v 1.335250 0.355500 -0.120000
v 1.342562 0.361297 0.120000
v 1.342562 0.361297 -0.120000
v 1.351000 0.365963 0.120000
v 1.351000 0.365963 -0.120000
v 1.360562 0.369531 0.120000
v 1.360562 0.369531 -0.120000
v 1.371250 0.372037 0.120000
v 1.371250 0.372037 -0.120000
v 1.383062 0.373515 0.120000
v 1.383062 0.373515 -0.120000
v 1.396000 0.374000 0.120000
v 1.396000 0.374000 -0.120000
v 1.408266 0.373518 0.120000
v 1.408266 0.373518 -0.120000
v 1.420546 0.372060 0.120000
v 1.420546 0.372060 -0.120000
v 1.432812 0.369609 0.120000
v 1.432812 0.369609 -0.120000
v 1.445037 0.366148 0.120000
v 1.445037 0.366148 -0.120000
v 1.457192 0.361659 0.120000
v 1.457192 0.361659 -0.120000
v 1.469250 0.356125 0.120000
v 1.469250 0.356125 -0.120000
v 1.481183 0.349528 0.120000
v 1.481183 0.349528 -0.120000
v 1.492963 0.341852 0.120000
v 1.492963 0.341852 -0.120000
v 1.504562 0.333078 0.120000
v 1.504562 0.333078 -0.120000
v 1.515954 0.323190 0.120000
v 1.515954 0.323190 -0.120000
v 1.527109 0.312170 0.120000
v 1.527109 0.312170 -0.120000
v 1.538000 0.300000 0.120000
v 1.538000 0.300000 -0.120000
v 1.538000 0.397000 0.120000
v 1.538000 0.397000 -0.120000
v 1.528957 0.406813 0.120000
v 1.528957 0.406813 -0.120000
v 1.519324 0.415755 0.120000
v 1.519324 0.415755 -0.120000
v 1.509094 0.423828 0.120000
v 1.509094 0.423828 -0.120000
v 1.498259 0.431037 0.120000
v 1.498259 0.431037 -0.120000
v 1.486814 0.437385 0.120000
v 1.486814 0.437385 -0.120000
v 1.474750 0.442875 0.120000
v 1.474750 0.442875 -0.120000
v 1.462061 0.447511 0.120000
v 1.462061 0.447511 -0.120000
v 1.448741 0.451296 0.120000
v 1.448741 0.451296 -0.120000
v 1.434781 0.454234 0.120000
v 1.434781 0.454234 -0.120000
v 1.420176 0.456329 0.120000
v 1.420176 0.456329 -0.120000
v 1.404918 0.457583 0.120000
v 1.404918 0.457583 -0.120000
v 1.389000 0.458000 0.120000
v 1.389000 0.458000 -0.120000
v 1.366676 0.457036 0.120000
v 1.366676 0.457036 -0.120000
v 1.345329 0.454120 0.120000
v 1.345329 0.454120 -0.120000
v 1.325140 0.449219 0.120000
v 1.325140 0.449219 -0.120000
v 1.306296 0.442296 0.120000
v 1.306296 0.442296 -0.120000
v 1.288980 0.433318 0.120000
v 1.288980 0.433318 -0.120000
v 1.273375 0.422250 0.120000
v 1.273375 0.422250 -0.120000
v 1.259666 0.409057 0.120000
v 1.259666 0.409057 -0.120000
v 1.248037 0.393704 0.120000
v 1.248037 0.393704 -0.120000
v 1.238672 0.376156 0.120000
v 1.238672 0.376156 -0.120000
v 1.231755 0.356380 0.120000
v 1.231755 0.356380 -0.120000
v 1.227469 0.334339 0.120000
v 1.227469 0.334339 -0.120000
v 1.226000 0.310000 0.120000
v 1.226000 0.310000 -0.120000
v 1.226000 0.079000 0.120000
v 1.226000 0.079000 -0.120000
v 1.225875 0.074976 0.120000
v 1.225875 0.074976 -0.120000
v 1.225505 0.071394 0.120000
v 1.225505 0.071394 -0.120000
v 1.224891 0.068234 0.120000
v 1.224891 0.068234 -0.120000
v 1.224037 0.065481 0.120000
v 1.224037 0.065481 -0.120000
v 1.222947 0.063117 0.120000
v 1.222947 0.063117 -0.120000
v 1.221625 0.061125 0.120000
v 1.221625 0.061125 -0.120000
v 1.220073 0.059487 0.120000
v 1.220073 0.059487 -0.120000
v 1.218296 0.058185 0.120000
v 1.218296 0.058185 -0.120000
v 1.216297 0.057203 0.120000
v 1.216297 0.057203 -0.120000
v 1.214079 0.056523 0.120000
v 1.214079 0.056523 -0.120000
v 1.211645 0.056128 0.120000
v 1.211645 0.056128 -0.120000
v 1.209000 0.056000 0.120000
v 1.209000 0.056000 -0.120000
v 1.206567 0.056186 0.120000
v 1.206567 0.056186 -0.120000
v 1.203782 0.056736 0.120000
v 1.203782 0.056736 -0.120000
v 1.200672 0.057641 0.120000
v 1.200672 0.057641 -0.120000
v 1.197259 0.058889 0.120000
v 1.197259 0.058889 -0.120000
v 1.193569 0.060470 0.120000
v 1.193569 0.060470 -0.120000
v 1.189625 0.062375 0.120000
v 1.189625 0.062375 -0.120000
v 1.185452 0.064592 0.120000
v 1.185452 0.064592 -0.120000
v 1.181074 0.067111 0.120000
v 1.181074 0.067111 -0.120000
v 1.176516 0.069922 0.120000
v 1.176516 0.069922 -0.120000
v 1.171801 0.073014 0.120000
v 1.171801 0.073014 -0.120000
v 1.166954 0.076377 0.120000
v 1.166954 0.076377 -0.120000
v 1.162000 0.080000 0.120000
v 1.162000 0.080000 -0.120000
v 1.162000 0.026000 0.120000
v 1.162000 0.026000 -0.120000
v 1.333759 0.215484 0.120000
v 1.333759 0.215484 -0.120000
v 1.351907 0.208875 0.120000
v 1.351907 0.208875 -0.120000
v 1.369250 0.202078 0.120000
v 1.369250 0.202078 -0.120000
v 1.385592 0.195000 0.120000
v 1.385592 0.195000 -0.120000
v 1.400741 0.187547 0.120000
v 1.400741 0.187547 -0.120000
v 1.414500 0.179625 0.120000
v 1.414500 0.179625 -0.120000
v 1.426676 0.171141 0.120000
v 1.426676 0.171141 -0.120000
v 1.437074 0.162000 0.120000
v 1.437074 0.162000 -0.120000
v 1.445500 0.152109 0.120000
v 1.445500 0.152109 -0.120000
v 1.451759 0.141375 0.120000
v 1.451759 0.141375 -0.120000
v 1.455657 0.129703 0.120000
v 1.455657 0.129703 -0.120000
v 1.457000 0.117000 0.120000
v 1.457000 0.117000 -0.120000
v 1.456447 0.107988 0.120000
v 1.456447 0.107988 -0.120000
v 1.454829 0.099486 0.120000
v 1.454829 0.099486 -0.120000
v 1.452203 0.091547 0.120000
v 1.452203 0.091547 -0.120000
v 1.448630 0.084222 0.120000
v 1.448630 0.084222 -0.120000
v 1.444167 0.077564 0.120000
v 1.444167 0.077564 -0.120000
v 1.438875 0.071625 0.120000
v 1.438875 0.071625 -0.120000
v 1.432812 0.066457 0.120000
v 1.432812 0.066457 -0.120000
v 1.426037 0.062111 0.120000
v 1.426037 0.062111 -0.120000
v 1.418609 0.058641 0.120000
v 1.418609 0.058641 -0.120000
v 1.410588 0.056097 0.120000
v 1.410588 0.056097 -0.120000
v 1.402032 0.054533 0.120000
v 1.402032 0.054533 -0.120000
v 1.393000 0.054000 0.120000
v 1.393000 0.054000 -0.120000
v 1.386042 0.054289 0.120000
v 1.386042 0.054289 -0.120000
v 1.379167 0.055144 0.120000
v 1.379167 0.055144 -0.120000
v 1.372375 0.056547 0.120000
v 1.372375 0.056547 -0.120000
v 1.365667 0.058481 0.120000
v 1.365667 0.058481 -0.120000
v 1.359042 0.060930 0.120000
v 1.359042 0.060930 -0.120000
v 1.352500 0.063875 0.120000
v 1.352500 0.063875 -0.120000
v 1.346042 0.067299 0.120000
v 1.346042 0.067299 -0.120000
v 1.339667 0.071185 0.120000
v 1.339667 0.071185 -0.120000
v 1.333375 0.075516 0.120000
v 1.333375 0.075516 -0.120000
v 1.327167 0.080273 0.120000
v 1.327167 0.080273 -0.120000
v 1.321042 0.085440 0.120000
v 1.321042 0.085440 -0.120000
v 1.315000 0.091000 0.120000
v 1.315000 0.091000 -0.120000
v 1.315000 0.222000 0.120000
v 1.315000 0.222000 -0.120000
v 0.998000 0.390000 0.120000
v 0.998000 0.390000 -0.120000
v 0.986561 0.401001 0.120000
v 0.986561 0.401001 -0.120000
v 0.975241 0.411009 0.120000
v 0.975241 0.411009 -0.120000
v 0.964031 0.420031 0.120000
v 0.964031 0.420031 -0.120000
v 0.952926 0.428074 0.120000
v 0.952926 0.428074 -0.120000
v 0.941918 0.435145 0.120000
v 0.941918 0.435145 -0.120000
v 0.931000 0.441250 0.120000
v 0.931000 0.441250 -0.120000
v 0.920166 0.446397 0.120000
v 0.920166 0.446397 -0.120000
v 0.909407 0.450593 0.120000
v 0.909407 0.450593 -0.120000
v 0.898719 0.453844 0.120000
v 0.898719 0.453844 -0.120000
v 0.888093 0.456157 0.120000
v 0.888093 0.456157 -0.120000
v 0.877522 0.457541 0.120000
v 0.877522 0.457541 -0.120000
v 0.867000 0.458000 0.120000
v 0.867000 0.458000 -0.120000
v 0.852962 0.457418 0.120000
v 0.852962 0.457418 -0.120000
v 0.839366 0.455681 0.120000
v 0.839366 0.455681 -0.120000
v 0.826234 0.452797 0.120000
v 0.826234 0.452797 -0.120000
v 0.813593 0.448778 0.120000
v 0.813593 0.448778 -0.120000
v 0.801465 0.443634 0.120000
v 0.801465 0.443634 -0.120000
v 0.789875 0.437375 0.120000
v 0.789875 0.437375 -0.120000
v 0.778848 0.430012 0.120000
v 0.778848 0.430012 -0.120000
v 0.768407 0.421556 0.120000
v 0.768407 0.421556 -0.120000
v 0.758578 0.412016 0.120000
v 0.758578 0.412016 -0.120000
v 0.749384 0.401403 0.120000
v 0.749384 0.401403 -0.120000
v 0.740850 0.389727 0.120000
v 0.740850 0.389727 -0.120000
v 0.733000 0.377000 0.120000
v 0.733000 0.377000 -0.120000
v 0.723078 0.387837 0.120000
v 0.723078 0.387837 -0.120000
v 0.712792 0.398278 0.120000
v 0.712792 0.398278 -0.120000
v 0.702109 0.408219 0.120000
v 0.702109 0.408219 -0.120000
v 0.691000 0.417556 0.120000
v 0.691000 0.417556 -0.120000
v 0.679432 0.426184 0.120000
v 0.679432 0.426184 -0.120000
v 0.667375 0.434000 0.120000
v 0.667375 0.434000 -0.120000
v 0.654797 0.440899 0.120000
v 0.654797 0.440899 -0.120000
v 0.641667 0.446778 0.120000
v 0.641667 0.446778 -0.120000
v 0.627953 0.451531 0.120000
v 0.627953 0.451531 -0.120000
v 0.613625 0.455056 0.120000
v 0.613625 0.455056 -0.120000
v 0.598651 0.457247 0.120000
v 0.598651 0.457247 -0.120000
v 0.583000 0.458000 0.120000
v 0.583000 0.458000 -0.120000
v 0.560952 0.456561 0.120000
v 0.560952 0.456561 -0.120000
v 0.540366 0.452324 0.120000
v 0.540366 0.452324 -0.120000
v 0.521328 0.445406 0.120000
v 0.521328 0.445406 -0.120000
v 0.503926 0.435926 0.120000
v 0.503926 0.435926 -0.120000
v 0.488246 0.424001 0.120000
v 0.488246 0.424001 -0.120000
v 0.474375 0.409750 0.120000
v 0.474375 0.409750 -0.120000
v 0.462400 0.393291 0.120000
v 0.462400 0.393291 -0.120000
v 0.452407 0.374741 0.120000
v 0.452407 0.374741 -0.120000
v 0.444484 0.354219 0.120000
v 0.444484 0.354219 -0.120000
v 0.438718 0.331843 0.120000
v 0.438718 0.331843 -0.120000
v 0.435194 0.307730 0.120000
v 0.435194 0.307730 -0.120000
v 0.434000 0.282000 0.120000
v 0.434000 0.282000 -0.120000
v 0.434000 0.000000 0.120000
v 0.434000 -0.000000 -0.120000
v 0.523000 0.000000 0.120000
v 0.523000 -0.000000 -0.120000
v 0.523000 0.278000 0.120000
v 0.523000 0.278000 -0.120000
v 0.523856 0.294351 0.120000
v 0.523856 0.294351 -0.120000
v 0.526347 0.309389 0.120000
v 0.526347 0.309389 -0.120000
v 0.530359 0.323094 0.120000
v 0.530359 0.323094 -0.120000
v 0.535778 0.335444 0.120000
v 0.535778 0.335444 -0.120000
v 0.542488 0.346420 0.120000
v 0.542488 0.346420 -0.120000
v 0.550375 0.356000 0.120000
v 0.550375 0.356000 -0.120000
v 0.559325 0.364163 0.120000
v 0.559325 0.364163 -0.120000
v 0.569222 0.370889 0.120000
v 0.569222 0.370889 -0.120000
v 0.579953 0.376156 0.120000
v 0.579953 0.376156 -0.120000
v 0.591403 0.379944 0.120000
v 0.591403 0.379944 -0.120000
v 0.603456 0.382233 0.120000
v 0.603456 0.382233 -0.120000
v 0.616000 0.383000 0.120000
v 0.616000 0.383000 -0.120000
v 0.623448 0.382719 0.120000
v 0.623448 0.382719 -0.120000
v 0.631254 0.381417 0.120000
v 0.631254 0.381417 -0.120000
v 0.639359 0.379156 0.120000
v 0.639359 0.379156 -0.120000
v 0.647704 0.376000 0.120000
v 0.647704 0.376000 -0.120000
v 0.656228 0.372010 0.120000
v 0.656228 0.372010 -0.120000
v 0.664875 0.367250 0.120000
v 0.664875 0.367250 -0.120000
v 0.673584 0.361781 0.120000
v 0.673584 0.361781 -0.120000
v 0.682296 0.355667 0.120000
v 0.682296 0.355667 -0.120000
v 0.690953 0.348969 0.120000
v 0.690953 0.348969 -0.120000
v 0.699495 0.341750 0.120000
v 0.699495 0.341750 -0.120000
v 0.707864 0.334073 0.120000
v 0.707864 0.334073 -0.120000
v 0.716000 0.326000 0.120000
v 0.716000 0.326000 -0.120000
v 0.716000 0.000000 0.120000
v 0.716000 -0.000000 -0.120000
v 0.805000 0.000000 0.120000
v 0.805000 -0.000000 -0.120000
v 0.805000 0.279000 0.120000
v 0.805000 0.279000 -0.120000
v 0.805753 0.296381 0.120000
v 0.805753 0.296381 -0.120000
v 0.807944 0.312051 0.120000
v 0.807944 0.312051 -0.120000
v 0.811469 0.326047 0.120000
v 0.811469 0.326047 -0.120000
v 0.816222 0.338407 0.120000
v 0.816222 0.338407 -0.120000
v 0.822101 0.349171 0.120000
v 0.822101 0.349171 -0.120000
v 0.829000 0.358375 0.120000
v 0.829000 0.358375 -0.120000
v 0.836816 0.366058 0.120000
v 0.836816 0.366058 -0.120000
v 0.845444 0.372259 0.120000
v 0.845444 0.372259 -0.120000
v 0.854781 0.377016 0.120000
v 0.854781 0.377016 -0.120000
v 0.864722 0.380366 0.120000
v 0.864722 0.380366 -0.120000
v 0.875163 0.382348 0.120000
v 0.875163 0.382348 -0.120000
v 0.886000 0.383000 0.120000
v 0.886000 0.383000 -0.120000
v 0.896950 0.382700 0.120000
v 0.896950 0.382700 -0.120000
v 0.907352 0.381764 0.120000
v 0.907352 0.381764 -0.120000
v 0.917281 0.380141 0.120000
v 0.917281 0.380141 -0.120000
v 0.926815 0.377778 0.120000
v 0.926815 0.377778 -0.120000
v 0.936029 0.374623 0.120000
v 0.936029 0.374623 -0.120000
v 0.945000 0.370625 0.120000
v 0.945000 0.370625 -0.120000
v 0.953804 0.365731 0.120000
v 0.953804 0.365731 -0.120000
v 0.962518 0.359889 0.120000
v 0.962518 0.359889 -0.120000
v 0.971219 0.353047 0.120000
v 0.971219 0.353047 -0.120000
v 0.979981 0.345153 0.120000
v 0.979981 0.345153 -0.120000
v 0.988883 0.336155 0.120000
v 0.988883 0.336155 -0.120000
v 0.998000 0.326000 0.120000
v 0.998000 0.326000 -0.120000
v 0.998000 0.000000 0.120000
v 0.998000 -0.000000 -0.120000
v 1.087000 0.000000 0.120000
v 1.087000 -0.000000 -0.120000
v 1.087000 0.449000 0.120000
v 1.087000 0.449000 -0.120000
v 0.998000 0.449000 0.120000
v 0.998000 0.449000 -0.120000
v -0.049586 0.035395 0.120000
v -0.049586 0.035395 -0.120000
v -0.036268 0.027574 0.120000
v -0.036268 0.027574 -0.120000
v -0.022938 0.020531 0.120000
v -0.022938 0.020531 -0.120000
v -0.009481 0.014259 0.120000
v -0.009481 0.014259 -0.120000
v 0.004211 0.008751 0.120000
v 0.004211 0.008751 -0.120000
v 0.018250 0.004000 0.120000
v 0.018250 0.004000 -0.120000
v 0.032748 -0.000001 0.120000
v 0.032748 -0.000001 -0.120000
v 0.047815 -0.003259 0.120000
v 0.047815 -0.003259 -0.120000
v 0.063563 -0.005781 0.120000
v 0.063563 -0.005781 -0.120000
v 0.080102 -0.007574 0.120000
v 0.080102 -0.007574 -0.120000
v 0.097544 -0.008645 0.120000
v 0.097544 -0.008645 -0.120000
v 0.116000 -0.009000 0.120000
v 0.116000 -0.009000 -0.120000
v 0.149699 -0.006665 0.120000
v 0.149699 -0.006665 -0.120000
v 0.180759 0.000093 0.120000
v 0.180759 0.000093 -0.120000
v 0.209125 0.010906 0.120000
v 0.209125 0.010906 -0.120000
v 0.234741 0.025407 0.120000
v 0.234741 0.025407 -0.120000
v 0.257551 0.043228 0.120000
v 0.257551 0.043228 -0.120000
v 0.277500 0.064000 0.120000
v 0.277500 0.064000 -0.120000
v 0.294532 0.087355 0.120000
v 0.294532 0.087355 -0.120000
v 0.308592 0.112926 0.120000
v 0.308592 0.112926 -0.120000
v 0.319625 0.140344 0.120000
v 0.319625 0.140344 -0.120000
v 0.327574 0.169241 0.120000
v 0.327574 0.169241 -0.120000
v 0.332384 0.199249 0.120000
v 0.332384 0.199249 -0.120000
v 0.334000 0.230000 0.120000
v 0.334000 0.230000 -0.120000
v 0.332236 0.263056 0.120000
v 0.332236 0.263056 -0.120000
v 0.327056 0.294111 0.120000
v 0.327056 0.294111 -0.120000
v 0.318625 0.323000 0.120000
v 0.318625 0.323000 -0.120000
v 0.307111 0.349556 0.120000
v 0.307111 0.349556 -0.120000
v 0.292681 0.373611 0.120000
v 0.292681 0.373611 -0.120000
v 0.275500 0.395000 0.120000
v 0.275500 0.395000 -0.120000
v 0.255736 0.413556 0.120000
v 0.255736 0.413556 -0.120000
v 0.233556 0.429111 0.120000
v 0.233556 0.429111 -0.120000
v 0.209125 0.441500 0.120000
v 0.209125 0.441500 -0.120000
v 0.182611 0.450556 0.120000
v 0.182611 0.450556 -0.120000
v 0.154181 0.456111 0.120000
v 0.154181 0.456111 -0.120000
v 0.124000 0.458000 0.120000
v 0.124000 0.458000 -0.120000
v 0.095165 0.456310 0.120000
v 0.095165 0.456310 -0.120000
v 0.068236 0.451232 0.120000
v 0.068236 0.451232 -0.120000
v 0.043328 0.442750 0.120000
v 0.043328 0.442750 -0.120000
v 0.020555 0.430852 0.120000
v 0.020555 0.430852 -0.120000
v 0.000033 0.415523 0.120000
v 0.000033 0.415523 -0.120000
v -0.018125 0.396750 0.120000
v -0.018125 0.396750 -0.120000
v -0.033804 0.374519 0.120000
v -0.033804 0.374519 -0.120000
v -0.046889 0.348815 0.120000
v -0.046889 0.348815 -0.120000
v -0.057266 0.319625 0.120000
v -0.057266 0.319625 -0.120000
v -0.064820 0.286935 0.120000
v -0.064820 0.286935 -0.120000
v -0.069436 0.250731 0.120000
v -0.069436 0.250731 -0.120000
v -0.071000 0.211000 0.120000
v -0.071000 0.211000 -0.120000
v 0.245000 0.211000 0.120000
v 0.245000 0.211000 -0.120000
v 0.240730 0.189648 0.120000
v 0.240730 0.189648 -0.120000
v 0.234926 0.170097 0.120000
v 0.234926 0.170097 -0.120000
v 0.227594 0.152359 0.120000
v 0.227594 0.152359 -0.120000
v 0.218741 0.136444 0.120000
v 0.218741 0.136444 -0.120000
v 0.208374 0.122363 0.120000
v 0.208374 0.122363 -0.120000
v 0.196500 0.110125 0.120000
v 0.196500 0.110125 -0.120000
v 0.183126 0.099741 0.120000
v 0.183126 0.099741 -0.120000
v 0.168259 0.091222 0.120000
v 0.168259 0.091222 -0.120000
v 0.151906 0.084578 0.120000
v 0.151906 0.084578 -0.120000
v 0.134074 0.079819 0.120000
v 0.134074 0.079819 -0.120000
v 0.114770 0.076957 0.120000
v 0.114770 0.076957 -0.120000
v 0.094000 0.076000 0.120000
v 0.094000 0.076000 -0.120000
v 0.080560 0.076413 0.120000
v 0.080560 0.076413 -0.120000
v 0.067231 0.077639 0.120000
v 0.067231 0.077639 -0.120000
v 0.054000 0.079656 0.120000
v 0.054000 0.079656 -0.120000
v 0.040852 0.082444 0.120000
v 0.040852 0.082444 -0.120000
v 0.027773 0.085983 0.120000
v 0.027773 0.085983 -0.120000
v 0.014750 0.090250 0.120000
v 0.014750 0.090250 -0.120000
v 0.001768 0.095226 0.120000
v 0.001768 0.095226 -0.120000
v -0.011185 0.100889 0.120000
v -0.011185 0.100889 -0.120000
v -0.024125 0.107219 0.120000
v -0.024125 0.107219 -0.120000
v -0.037065 0.114194 0.120000
v -0.037065 0.114194 -0.120000
v -0.050019 0.121795 0.120000
v -0.050019 0.121795 -0.120000
v -0.063000 0.130000 0.120000
v -0.063000 0.130000 -0.120000
v -0.063000 0.044000 0.120000
v -0.063000 0.044000 -0.120000
v 0.018493 0.286469 0.120000
v 0.018493 0.286469 -0.120000
v 0.021445 0.301833 0.120000
v 0.021445 0.301833 -0.120000
v 0.025813 0.316031 0.120000
v 0.025813 0.316031 -0.120000
v 0.031556 0.329000 0.120000
v 0.031556 0.329000 -0.120000
v 0.038632 0.340677 0.120000
v 0.038632 0.340677 -0.120000
v 0.047000 0.351000 0.120000
v 0.047000 0.351000 -0.120000
v 0.056618 0.359906 0.120000
v 0.056618 0.359906 -0.120000
v 0.067444 0.367333 0.120000
v 0.067444 0.367333 -0.120000
v 0.079437 0.373219 0.120000
v 0.079437 0.373219 -0.120000
v 0.092556 0.377500 0.120000
v 0.092556 0.377500 -0.120000
v 0.106757 0.380115 0.120000
v 0.106757 0.380115 -0.120000
v 0.122000 0.381000 0.120000
v 0.122000 0.381000 -0.120000
v 0.138436 0.380172 0.120000
v 0.138436 0.380172 -0.120000
v 0.153741 0.377708 0.120000
v 0.153741 0.377708 -0.120000
v 0.167906 0.373641 0.120000
v 0.167906 0.373641 -0.120000
v 0.180926 0.368000 0.120000
v 0.180926 0.368000 -0.120000
v 0.192793 0.360818 0.120000
v 0.192793 0.360818 -0.120000
v 0.203500 0.352125 0.120000
v 0.203500 0.352125 -0.120000
v 0.213041 0.341953 0.120000
v 0.213041 0.341953 -0.120000
v 0.221408 0.330333 0.120000
v 0.221408 0.330333 -0.120000
v 0.228594 0.317297 0.120000
v 0.228594 0.317297 -0.120000
v 0.234593 0.302875 0.120000
v 0.234593 0.302875 -0.120000
v 0.239397 0.287099 0.120000
v 0.239397 0.287099 -0.120000
v 0.243000 0.270000 0.120000
v 0.243000 0.270000 -0.120000
v 0.017000 0.270000 0.120000
v 0.017000 0.270000 -0.120000
v -0.569487 0.687742 0.120000
v -0.569487 0.687742 -0.120000
v -0.620310 0.678269 0.120000
v -0.620310 0.678269 -0.120000
v -0.667266 0.663031 0.120000
v -0.667266 0.663031 -0.120000
v -0.710148 0.642482 0.120000
v -0.710148 0.642482 -0.120000
v -0.748753 0.617071 0.120000
v -0.748753 0.617071 -0.120000
v -0.782875 0.587250 0.120000
v -0.782875 0.587250 -0.120000
v -0.812310 0.553471 0.120000
v -0.812310 0.553471 -0.120000
v -0.836852 0.516185 0.120000
v -0.836852 0.516185 -0.120000
v -0.856297 0.475844 0.120000
v -0.856297 0.475844 -0.120000
v -0.870440 0.432898 0.120000
v -0.870440 0.432898 -0.120000
v -0.879076 0.387800 0.120000
v -0.879076 0.387800 -0.120000
v -0.882000 0.341000 0.120000
v -0.882000 0.341000 -0.120000
v -0.879151 0.295461 0.120000
v -0.879151 0.295461 -0.120000
v -0.870709 0.251185 0.120000
v -0.870709 0.251185 -0.120000
v -0.856828 0.208688 0.120000
v -0.856828 0.208688 -0.120000
v -0.837667 0.168481 0.120000
v -0.837667 0.168481 -0.120000
v -0.813380 0.131081 0.120000
v -0.813380 0.131081 -0.120000
v -0.784125 0.097000 0.120000
v -0.784125 0.097000 -0.120000
v -0.750058 0.066752 0.120000
v -0.750058 0.066752 -0.120000
v -0.711334 0.040852 0.120000
v -0.711334 0.040852 -0.120000
v -0.668110 0.019813 0.120000
v -0.668110 0.019812 -0.120000
v -0.620542 0.004148 0.120000
v -0.620542 0.004148 -0.120000
v -0.568787 -0.005627 0.120000
v -0.568787 -0.005627 -0.120000
v -0.513000 -0.009000 0.120000
v -0.513000 -0.009000 -0.120000
v -0.458992 -0.005646 0.120000
v -0.458992 -0.005646 -0.120000
v -0.408607 0.004079 0.120000
v -0.408607 0.004079 -0.120000
v -0.362047 0.019672 0.120000
v -0.362047 0.019672 -0.120000
v -0.319519 0.040630 0.120000
v -0.319519 0.040630 -0.120000
v -0.281226 0.066449 0.120000
v -0.281226 0.066448 -0.120000
v -0.247375 0.096625 0.120000
v -0.247375 0.096625 -0.120000
v -0.218170 0.130656 0.120000
v -0.218170 0.130656 -0.120000
v -0.193815 0.168037 0.120000
v -0.193815 0.168037 -0.120000
v -0.174516 0.208266 0.120000
v -0.174516 0.208266 -0.120000
v -0.160477 0.250838 0.120000
v -0.160477 0.250838 -0.120000
v -0.151904 0.295251 0.120000
v -0.151904 0.295251 -0.120000
v -0.149000 0.341000 0.120000
v -0.149000 0.341000 -0.120000
v -0.151981 0.387590 0.120000
v -0.151981 0.387590 -0.120000
v -0.160764 0.432551 0.120000
v -0.160764 0.432551 -0.120000
v -0.175110 0.475422 0.120000
v -0.175110 0.475422 -0.120000
v -0.194778 0.515741 0.120000
v -0.194778 0.515741 -0.120000
v -0.219530 0.553046 0.120000
v -0.219530 0.553046 -0.120000
v -0.249125 0.586875 0.120000
v -0.249125 0.586875 -0.120000
v -0.283325 0.616767 0.120000
v -0.283325 0.616767 -0.120000
v -0.321889 0.642259 0.120000
v -0.321889 0.642259 -0.120000
v -0.364578 0.662891 0.120000
v -0.364578 0.662891 -0.120000
v -0.411153 0.678199 0.120000
v -0.411153 0.678199 -0.120000
v -0.461373 0.687723 0.120000
v -0.461373 0.687723 -0.120000
v -0.515000 0.691000 0.120000
v -0.515000 0.691000 -0.120000
v -0.552375 0.083270 0.120000
v -0.552375 0.083270 -0.120000
v -0.587829 0.089912 0.120000
v -0.587829 0.089912 -0.120000
v -0.621109 0.100672 0.120000
v -0.621109 0.100672 -0.120000
v -0.651963 0.115296 0.120000
v -0.651963 0.115296 -0.120000
v -0.680136 0.133532 0.120000
v -0.680136 0.133532 -0.120000
v -0.705375 0.155125 0.120000
v -0.705375 0.155125 -0.120000
v -0.727427 0.179822 0.120000
v -0.727427 0.179822 -0.120000
v -0.746037 0.207370 0.120000
v -0.746037 0.207370 -0.120000
v -0.760953 0.237516 0.120000
v -0.760953 0.237516 -0.120000
v -0.771921 0.270005 0.120000
v -0.771921 0.270005 -0.120000
v -0.778688 0.304584 0.120000
v -0.778688 0.304584 -0.120000
v -0.781000 0.341000 0.120000
v -0.781000 0.341000 -0.120000
v -0.778688 0.377626 0.120000
v -0.778688 0.377626 -0.120000
v -0.771921 0.412343 0.120000
v -0.771921 0.412343 -0.120000
v -0.760953 0.444906 0.120000
v -0.760953 0.444906 -0.120000
v -0.746037 0.475074 0.120000
v -0.746037 0.475074 -0.120000
v -0.727427 0.502603 0.120000
v -0.727427 0.502603 -0.120000
v -0.705375 0.527250 0.120000
v -0.705375 0.527250 -0.120000
v -0.680136 0.548772 0.120000
v -0.680136 0.548772 -0.120000
v -0.651963 0.566926 0.120000
v -0.651963 0.566926 -0.120000
v -0.621109 0.581469 0.120000
v -0.621109 0.581469 -0.120000
v -0.587829 0.592157 0.120000
v -0.587829 0.592157 -0.120000
v -0.552375 0.598749 0.120000
v -0.552375 0.598749 -0.120000
v -0.515000 0.601000 0.120000
v -0.515000 0.601000 -0.120000
v -0.477855 0.598749 0.120000
v -0.477855 0.598749 -0.120000
v -0.442593 0.592157 0.120000
v -0.442593 0.592157 -0.120000
v -0.409469 0.581469 0.120000
v -0.409469 0.581469 -0.120000
v -0.378741 0.566926 0.120000
v -0.378741 0.566926 -0.120000
v -0.350666 0.548772 0.120000
v -0.350666 0.548772 -0.120000
v -0.325500 0.527250 0.120000
v -0.325500 0.527250 -0.120000
v -0.303501 0.502603 0.120000
v -0.303501 0.502603 -0.120000
v -0.284926 0.475074 0.120000
v -0.284926 0.475074 -0.120000
v -0.270031 0.444906 0.120000
v -0.270031 0.444906 -0.120000
v -0.259074 0.412343 0.120000
v -0.259074 0.412343 -0.120000
v -0.252311 0.377626 0.120000
v -0.252311 0.377626 -0.120000
v -0.250000 0.341000 0.120000
v -0.250000 0.341000 -0.120000
v -0.252311 0.304584 0.120000
v -0.252311 0.304584 -0.120000
v -0.259074 0.270005 0.120000
v -0.259074 0.270005 -0.120000
v -0.270031 0.237516 0.120000
v -0.270031 0.237516 -0.120000
v -0.284926 0.207370 0.120000
v -0.284926 0.207370 -0.120000
v -0.303501 0.179822 0.120000
v -0.303501 0.179822 -0.120000
v -0.325500 0.155125 0.120000
v -0.325500 0.155125 -0.120000
v -0.350666 0.133532 0.120000
v -0.350666 0.133532 -0.120000
v -0.378741 0.115296 0.120000
v -0.378741 0.115296 -0.120000
v -0.409469 0.100672 0.120000
v -0.409469 0.100672 -0.120000
v -0.442593 0.089912 0.120000
v -0.442593 0.089912 -0.120000
v -0.477855 0.083270 0.120000
v -0.477855 0.083270 -0.120000
v -0.515000 0.081000 0.120000
v -0.515000 0.081000 -0.120000
v -1.027000 0.449000 0.120000
v -1.027000 0.449000 -0.120000
v -1.148000 0.173000 0.120000
v -1.148000 0.173000 -0.120000
v -1.266000 0.449000 0.120000
v -1.266000 0.449000 -0.120000
v -1.361000 0.449000 0.120000
v -1.361000 0.449000 -0.120000
v -1.163000 -0.009000 0.120000
v -1.163000 -0.009000 -0.120000
v -1.133000 -0.009000 0.120000
v -1.133000 -0.009000 -0.120000
v -0.930000 0.449000 0.120000
v -0.930000 0.449000 -0.120000
v -1.789586 0.035395 0.120000
v -1.789586 0.035395 -0.120000
v -1.776269 0.027574 0.120000
v -1.776269 0.027574 -0.120000
v -1.762938 0.020531 0.120000
v -1.762938 0.020531 -0.120000
v -1.749482 0.014259 0.120000
v -1.749482 0.014259 -0.120000
v -1.735790 0.008751 0.120000
v -1.735790 0.008751 -0.120000
v -1.721750 0.004000 0.120000
v -1.721750 0.004000 -0.120000
v -1.707253 -0.000001 0.120000
v -1.707253 -0.000001 -0.120000
v -1.692185 -0.003259 0.120000
v -1.692185 -0.003259 -0.120000
v -1.676438 -0.005781 0.120000
v -1.676438 -0.005781 -0.120000
v -1.659898 -0.007574 0.120000
v -1.659898 -0.007574 -0.120000
v -1.642456 -0.008645 0.120000
v -1.642456 -0.008645 -0.120000
v -1.624000 -0.009000 0.120000
v -1.624000 -0.009000 -0.120000
v -1.590301 -0.006665 0.120000
v -1.590301 -0.006665 -0.120000
v -1.559241 0.000093 0.120000
v -1.559241 0.000093 -0.120000
v -1.530875 0.010906 0.120000
v -1.530875 0.010906 -0.120000
v -1.505259 0.025407 0.120000
v -1.505259 0.025407 -0.120000
v -1.482449 0.043228 0.120000
v -1.482449 0.043228 -0.120000
v -1.462500 0.064000 0.120000
v -1.462500 0.064000 -0.120000
v -1.445467 0.087355 0.120000
v -1.445467 0.087355 -0.120000
v -1.431407 0.112926 0.120000
v -1.431407 0.112926 -0.120000
v -1.420375 0.140344 0.120000
v -1.420375 0.140344 -0.120000
v -1.412426 0.169241 0.120000
v -1.412426 0.169241 -0.120000
v -1.407616 0.199249 0.120000
v -1.407616 0.199249 -0.120000
v -1.406000 0.230000 0.120000
v -1.406000 0.230000 -0.120000
v -1.407764 0.263056 0.120000
v -1.407764 0.263056 -0.120000
v -1.412945 0.294111 0.120000
v -1.412945 0.294111 -0.120000
v -1.421375 0.323000 0.120000
v -1.421375 0.323000 -0.120000
v -1.432889 0.349556 0.120000
v -1.432889 0.349556 -0.120000
v -1.447320 0.373611 0.120000
v -1.447320 0.373611 -0.120000
v -1.464500 0.395000 0.120000
v -1.464500 0.395000 -0.120000
v -1.484264 0.413556 0.120000
v -1.484264 0.413556 -0.120000
v -1.506445 0.429111 0.120000
v -1.506445 0.429111 -0.120000
v -1.530875 0.441500 0.120000
v -1.530875 0.441500 -0.120000
v -1.557389 0.450556 0.120000
v -1.557389 0.450556 -0.120000
v -1.585819 0.456111 0.120000
v -1.585819 0.456111 -0.120000
v -1.616000 0.458000 0.120000
v -1.616000 0.458000 -0.120000
v -1.644835 0.456310 0.120000
v -1.644835 0.456310 -0.120000
v -1.671764 0.451232 0.120000
v -1.671764 0.451232 -0.120000
v -1.696672 0.442750 0.120000
v -1.696672 0.442750 -0.120000
v -1.719445 0.430852 0.120000
v -1.719445 0.430852 -0.120000
v -1.739967 0.415523 0.120000
v -1.739967 0.415523 -0.120000
v -1.758125 0.396750 0.120000
v -1.758125 0.396750 -0.120000
v -1.773804 0.374519 0.120000
v -1.773804 0.374519 -0.120000
v -1.786889 0.348815 0.120000
v -1.786889 0.348815 -0.120000
v -1.797266 0.319625 0.120000
v -1.797266 0.319625 -0.120000
v -1.804820 0.286935 0.120000
v -1.804820 0.286935 -0.120000
v -1.809436 0.250731 0.120000
v -1.809436 0.250731 -0.120000
v -1.811000 0.211000 0.120000
v -1.811000 0.211000 -0.120000
v -1.495000 0.211000 0.120000
v -1.495000 0.211000 -0.120000
v -1.499270 0.189648 0.120000
v -1.499270 0.189648 -0.120000
v -1.505075 0.170097 0.120000
v -1.505075 0.170097 -0.120000
v -1.512407 0.152359 0.120000
v -1.512407 0.152359 -0.120000
v -1.521260 0.136444 0.120000
v -1.521260 0.136444 -0.120000
v -1.531626 0.122363 0.120000
v -1.531626 0.122363 -0.120000
v -1.543500 0.110125 0.120000
v -1.543500 0.110125 -0.120000
v -1.556874 0.099741 0.120000
v -1.556874 0.099741 -0.120000
v -1.571741 0.091222 0.120000
v -1.571741 0.091222 -0.120000
v -1.588094 0.084578 0.120000
v -1.588094 0.084578 -0.120000
v -1.605926 0.079819 0.120000
v -1.605926 0.079819 -0.120000
v -1.625230 0.076957 0.120000
v -1.625230 0.076957 -0.120000
v -1.646000 0.076000 0.120000
v -1.646000 0.076000 -0.120000
v -1.659440 0.076413 0.120000
v -1.659440 0.076413 -0.120000
v -1.672768 0.077639 0.120000
v -1.672768 0.077639 -0.120000
v -1.686000 0.079656 0.120000
v -1.686000 0.079656 -0.120000
v -1.699148 0.082444 0.120000
v -1.699148 0.082444 -0.120000
v -1.712227 0.085983 0.120000
v -1.712227 0.085983 -0.120000
v -1.725250 0.090250 0.120000
v -1.725250 0.090250 -0.120000
v -1.738231 0.095226 0.120000
v -1.738231 0.095226 -0.120000
v -1.751185 0.100889 0.120000
v -1.751185 0.100889 -0.120000
v -1.764125 0.107219 0.120000
v -1.764125 0.107219 -0.120000
v -1.777065 0.114194 0.120000
v -1.777065 0.114194 -0.120000
v -1.790019 0.121795 0.120000
v -1.790019 0.121795 -0.120000
v -1.803000 0.130000 0.120000
v -1.803000 0.130000 -0.120000
v -1.803000 0.044000 0.120000
v -1.803000 0.044000 -0.120000
v -1.721507 0.286469 0.120000
v -1.721507 0.286469 -0.120000
v -1.718556 0.301833 0.120000
v -1.718556 0.301833 -0.120000
v -1.714188 0.316031 0.120000
v -1.714188 0.316031 -0.120000
v -1.708445 0.329000 0.120000
v -1.708445 0.329000 -0.120000
v -1.701368 0.340677 0.120000
v -1.701368 0.340677 -0.120000
v -1.693000 0.351000 0.120000
v -1.693000 0.351000 -0.120000
v -1.683382 0.359906 0.120000
v -1.683382 0.359906 -0.120000
v -1.672556 0.367333 0.120000
v -1.672556 0.367333 -0.120000
v -1.660563 0.373219 0.120000
v -1.660563 0.373219 -0.120000
v -1.647444 0.377500 0.120000
v -1.647444 0.377500 -0.120000
v -1.633243 0.380115 0.120000
v -1.633243 0.380115 -0.120000
v -1.618000 0.381000 0.120000
v -1.618000 0.381000 -0.120000
v -1.601563 0.380172 0.120000
v -1.601563 0.380172 -0.120000
v -1.586259 0.377708 0.120000
v -1.586259 0.377708 -0.120000
v -1.572093 0.373641 0.120000
v -1.572093 0.373641 -0.120000
v -1.559074 0.368000 0.120000
v -1.559074 0.368000 -0.120000
v -1.547207 0.360818 0.120000
v -1.547207 0.360818 -0.120000
v -1.536500 0.352125 0.120000
v -1.536500 0.352125 -0.120000
v -1.526959 0.341953 0.120000
v -1.526959 0.341953 -0.120000
v -1.518593 0.330333 0.120000
v -1.518593 0.330333 -0.120000
v -1.511406 0.317297 0.120000
v -1.511406 0.317297 -0.120000
v -1.505407 0.302875 0.120000
v -1.505407 0.302875 -0.120000
v -1.500603 0.287099 0.120000
v -1.500603 0.287099 -0.120000
v -1.497000 0.270000 0.120000
v -1.497000 0.270000 -0.120000
v -1.723000 0.270000 0.120000
v -1.723000 0.270000 -0.120000
v -2.002000 0.346000 0.120000
v -2.002000 0.346000 -0.120000
v -2.004000 0.346000 0.120000
v -2.004000 0.346000 -0.120000
v -2.015209 0.364799 0.120000
v -2.015209 0.364799 -0.120000
v -2.026338 0.381727 0.120000
v -2.026338 0.381727 -0.120000
v -2.037391 0.396828 0.120000
v -2.037391 0.396828 -0.120000
v -2.048370 0.410148 0.120000
v -2.048370 0.410148 -0.120000
v -2.059281 0.421732 0.120000
v -2.059281 0.421732 -0.120000
v -2.070125 0.431625 0.120000
v -2.070125 0.431625 -0.120000
v -2.080907 0.439872 0.120000
v -2.080907 0.439872 -0.120000
v -2.091630 0.446519 0.120000
v -2.091630 0.446519 -0.120000
v -2.102297 0.451609 0.120000
v -2.102297 0.451609 -0.120000
v -2.112912 0.455190 0.120000
v -2.112912 0.455190 -0.120000
v -2.123479 0.457305 0.120000
v -2.123479 0.457305 -0.120000
v -2.134000 0.458000 0.120000
v -2.134000 0.458000 -0.120000
v -2.142961 0.457645 0.120000
v -2.142961 0.457645 -0.120000
v -2.151856 0.456579 0.120000
v -2.151856 0.456579 -0.120000
v -2.160703 0.454797 0.120000
v -2.160703 0.454797 -0.120000
v -2.169518 0.452296 0.120000
v -2.169518 0.452296 -0.120000
v -2.178320 0.449074 0.120000
v -2.178320 0.449074 -0.120000
v -2.187125 0.445125 0.120000
v -2.187125 0.445125 -0.120000
v -2.195951 0.440447 0.120000
v -2.195951 0.440447 -0.120000
v -2.204814 0.435037 0.120000
v -2.204814 0.435037 -0.120000
v -2.213734 0.428891 0.120000
v -2.213734 0.428891 -0.120000
v -2.222727 0.422005 0.120000
v -2.222727 0.422005 -0.120000
v -2.231810 0.414376 0.120000
v -2.231810 0.414376 -0.120000
v -2.241000 0.406000 0.120000
v -2.241000 0.406000 -0.120000
v -2.194000 0.329000 0.120000
v -2.194000 0.329000 -0.120000
v -2.187096 0.335328 0.120000
v -2.187096 0.335328 -0.120000
v -2.179935 0.341287 0.120000
v -2.179935 0.341287 -0.120000
v -2.172594 0.346844 0.120000
v -2.172594 0.346844 -0.120000
v -2.165148 0.351963 0.120000
v -2.165148 0.351963 -0.120000
v -2.157675 0.356610 0.120000
v -2.157675 0.356610 -0.120000
v -2.150250 0.360750 0.120000
v -2.150250 0.360750 -0.120000
v -2.142950 0.364348 0.120000
v -2.142950 0.364348 -0.120000
v -2.135852 0.367370 0.120000
v -2.135852 0.367370 -0.120000
v -2.129031 0.369781 0.120000
v -2.129031 0.369781 -0.120000
v -2.122565 0.371546 0.120000
v -2.122565 0.371546 -0.120000
v -2.116529 0.372631 0.120000
v -2.116529 0.372631 -0.120000
v -2.111000 0.373000 0.120000
v -2.111000 0.373000 -0.120000
v -2.096041 0.371755 0.120000
v -2.096041 0.371755 -0.120000
v -2.081746 0.368125 0.120000
v -2.081746 0.368125 -0.120000
v -2.068234 0.362266 0.120000
v -2.068234 0.362266 -0.120000
v -2.055630 0.354333 0.120000
v -2.055630 0.354333 -0.120000
v -2.044053 0.344484 0.120000
v -2.044053 0.344484 -0.120000
v -2.033625 0.332875 0.120000
v -2.033625 0.332875 -0.120000
v -2.024468 0.319661 0.120000
v -2.024468 0.319661 -0.120000
v -2.016704 0.305000 0.120000
v -2.016704 0.305000 -0.120000
v -2.010454 0.289047 0.120000
v -2.010454 0.289047 -0.120000
v -2.005838 0.271958 0.120000
v -2.005838 0.271958 -0.120000
v -2.002980 0.253891 0.120000
v -2.002980 0.253891 -0.120000
v -2.002000 0.235000 0.120000
v -2.002000 0.235000 -0.120000
v -2.002000 0.000000 0.120000
v -2.002000 -0.000000 -0.120000
v -1.913000 0.000000 0.120000
v -1.913000 -0.000000 -0.120000
v -1.913000 0.449000 0.120000
v -1.913000 0.449000 -0.120000
v -2.002000 0.449000 0.120000
v -2.002000 0.449000 -0.120000
vn -0.0000 -0.0000 -1.0000
vn -0.0000 -0.0000 1.0000
vn -0.9207 -0.3903 -0.0000
vn -0.7320 0.6813 -0.0000
vn -0.7606 0.6492 -0.0000
vn -0.7933 0.6088 -0.0000
vn -0.8290 0.5592 -0.0000
vn -0.8660 0.5000 -0.0000
vn -0.9019 0.4319 -0.0000
vn -0.9341 0.3569 -0.0000
vn -0.9605 0.2782 -0.0000
vn -0.9798 0.1998 -0.0000
vn -0.9921 0.1257 -0.0000
vn -0.9983 0.0590 -0.0000
vn -1.0000 -0.0088 -0.0000
vn -0.9962 -0.0868 -0.0000
vn -0.9864 -0.1643 -0.0000
vn -0.9726 -0.2326 -0.0000
vn -0.9559 -0.2936 -0.0000
vn -0.9371 -0.3490 -0.0000
vn -0.9163 -0.4006 -0.0000
vn -0.8932 -0.4496 -0.0000
vn -0.8674 -0.4976 -0.0000
vn -0.8379 -0.5459 -0.0000
vn -0.8029 -0.5961 -0.0000
vn -0.7602 -0.6497 -0.0000
vn -0.6975 -0.7166 -0.0000
vn -0.5856 -0.8106 -0.0000
vn -0.4460 -0.8950 -0.0000
vn -0.3309 -0.9437 -0.0000
vn -0.2470 -0.9690 -0.0000
vn -0.1956 -0.9807 -0.0000
vn -0.1780 -0.9840 -0.0000
vn -0.1992 -0.9800 -0.0000
vn -0.2722 -0.9622 -0.0000
vn -0.4204 -0.9073 -0.0000
vn -0.6589 -0.7522 -0.0000
vn -0.9052 -0.4250 -0.0000
vn -0.9997 -0.0236 -0.0000
vn -0.9500 0.3123 -0.0000
vn -0.8220 0.5695 -0.0000
vn -0.6733 0.7394 -0.0000
vn -0.5444 0.8388 -0.0000
vn -0.4452 0.8954 -0.0000
vn -0.3715 0.9284 -0.0000
vn -0.3171 0.9484 -0.0000
vn -0.2768 0.9609 -0.0000
vn -0.2470 0.9690 -0.0000
vn -0.2248 0.9744 -0.0000
vn -0.2084 0.9780 -0.0000
vn -0.2156 0.9765 -0.0000
vn -0.2687 0.9632 -0.0000
vn -0.3506 0.9365 -0.0000
vn -0.4402 0.8979 -0.0000
vn -0.5356 0.8445 -0.0000
vn -0.6332 0.7739 -0.0000
vn -0.7280 0.6856 -0.0000
vn -0.8139 0.5810 -0.0000
vn -0.8855 0.4646 -0.0000
vn -0.9395 0.3426 -0.0000
vn -0.9752 0.2215 -0.0000
vn -0.9943 0.1067 -0.0000
vn -0.9999 -0.0121 -0.0000
vn -0.9878 -0.1559 -0.0000
vn -0.9484 -0.3172 -0.0000
vn -0.8802 -0.4746 -0.0000
vn -0.7873 -0.6165 -0.0000
vn -0.6781 -0.7350 -0.0000
vn -0.5622 -0.8270 -0.0000
vn -0.4478 -0.8941 -0.0000
vn -0.3401 -0.9404 -0.0000
vn -0.2414 -0.9704 -0.0000
vn -0.1523 -0.9883 -0.0000
vn -0.0724 -0.9974 -0.0000
vn 0.0024 -1.0000 -0.0000
vn 0.0808 -0.9967 -0.0000
vn 0.1654 -0.9862 -0.0000
vn 0.2545 -0.9671 -0.0000
vn 0.3487 -0.9372 -0.0000
vn 0.4479 -0.8941 -0.0000
vn 0.5515 -0.8342 -0.0000
vn 0.6574 -0.7535 -0.0000
vn 0.7615 -0.6482 -0.0000
vn 0.8566 -0.5160 -0.0000
vn 0.9335 -0.3585 -0.0000
vn 0.9832 -0.1827 -0.0000
vn 0.9997 -0.0226 -0.0000
vn 0.9953 0.0971 -0.0000
vn 0.9787 0.2052 -0.0000
vn 0.9463 0.3232 -0.0000
vn 0.8953 0.4454 -0.0000
vn 0.8257 0.5641 -0.0000
vn 0.7409 0.6716 -0.0000
vn 0.6473 0.7622 -0.0000
vn 0.5519 0.8339 -0.0000
vn 0.4605 0.8877 -0.0000
vn 0.3768 0.9263 -0.0000
vn 0.3025 0.9531 -0.0000
vn 0.9889 0.1484 -0.0000
vn 0.5566 -0.8307 -0.0000
vn 0.5944 -0.8042 -0.0000
vn 0.6366 -0.7712 -0.0000
vn 0.6832 -0.7302 -0.0000
vn 0.7336 -0.6795 -0.0000
vn 0.7868 -0.6172 -0.0000
vn 0.8405 -0.5418 -0.0000
vn 0.8918 -0.4525 -0.0000
vn 0.9367 -0.3501 -0.0000
vn 0.9714 -0.2374 -0.0000
vn 0.9929 -0.1190 -0.0000
vn 0.9999 0.0106 -0.0000
vn 0.9873 0.1591 -0.0000
vn 0.9506 0.3104 -0.0000
vn 0.8947 0.4467 -0.0000
vn 0.8256 0.5643 -0.0000
vn 0.7490 0.6625 -0.0000
vn 0.6695 0.7428 -0.0000
vn 0.5900 0.8074 -0.0000
vn 0.5122 0.8589 -0.0000
vn 0.4368 0.8996 -0.0000
vn 0.3642 0.9313 -0.0000
vn 0.2943 0.9557 -0.0000
vn 0.7937 0.6084 -0.0000
vn 0.8388 -0.5444 -0.0000
vn 0.4244 -0.9055 -0.0000
vn 0.4591 -0.8884 -0.0000
vn 0.4947 -0.8690 -0.0000
vn 0.5311 -0.8473 -0.0000
vn 0.5680 -0.8230 -0.0000
vn 0.6052 -0.7960 -0.0000
vn 0.6425 -0.7663 -0.0000
vn 0.6793 -0.7338 -0.0000
vn 0.7155 -0.6986 -0.0000
vn 0.7506 -0.6608 -0.0000
vn 0.7842 -0.6205 -0.0000
vn 0.8189 -0.5740 -0.0000
vn 0.8517 -0.5241 -0.0000
vn 0.8797 -0.4756 -0.0000
vn 0.9048 -0.4259 -0.0000
vn 0.9268 -0.3756 -0.0000
vn 0.9457 -0.3251 -0.0000
vn 0.9615 -0.2749 -0.0000
vn 0.9742 -0.2255 -0.0000
vn 0.9842 -0.1772 -0.0000
vn 0.9915 -0.1303 -0.0000
vn 0.9964 -0.0851 -0.0000
vn 0.9991 -0.0417 -0.0000
vn 0.9997 0.0230 -0.0000
vn 0.9906 0.1371 -0.0000
vn 0.9599 0.2805 -0.0000
vn 0.9053 0.4247 -0.0000
vn 0.8275 0.5615 -0.0000
vn 0.7304 0.6830 -0.0000
vn 0.6207 0.7840 -0.0000
vn 0.5056 0.8628 -0.0000
vn 0.3913 0.9203 -0.0000
vn 0.2819 0.9594 -0.0000
vn 0.1800 0.9837 -0.0000
vn 0.0863 0.9963 -0.0000
vn 0.0208 0.9998 -0.0000
vn -0.7071 0.7071 -0.0000
vn -0.7071 -0.7071 -0.0000
vn -0.1246 -0.9922 -0.0000
vn -0.2465 -0.9691 -0.0000
vn -0.3636 -0.9316 -0.0000
vn -0.4746 -0.8802 -0.0000
vn -0.5787 -0.8155 -0.0000
vn -0.6752 -0.7376 -0.0000
vn -0.7630 -0.6464 -0.0000
vn -0.8407 -0.5414 -0.0000
vn -0.9062 -0.4228 -0.0000
vn -0.9567 -0.2912 -0.0000
vn -0.9889 -0.1488 -0.0000
vn -1.0000 -0.0065 -0.0000
vn -0.9919 0.1268 -0.0000
vn -0.9662 0.2578 -0.0000
vn -0.9210 0.3895 -0.0000
vn -0.8561 0.5169 -0.0000
vn -0.7728 0.6346 -0.0000
vn -0.6745 0.7383 -0.0000
vn -0.5652 0.8249 -0.0000
vn -0.4499 0.8931 -0.0000
vn -0.3327 0.9430 -0.0000
vn -0.2172 0.9761 -0.0000
vn -0.1059 0.9944 -0.0000
vn 0.0036 1.0000 -0.0000
vn 0.1192 0.9929 -0.0000
vn 0.2409 0.9706 -0.0000
vn 0.3627 0.9319 -0.0000
vn 0.4817 0.8763 -0.0000
vn 0.5947 0.8039 -0.0000
vn 0.6983 0.7158 -0.0000
vn 0.7896 0.6136 -0.0000
vn 0.8660 0.5001 -0.0000
vn 0.9256 0.3784 -0.0000
vn 0.9677 0.2522 -0.0000
vn 0.9922 0.1250 -0.0000
vn 1.0000 -0.0076 -0.0000
vn 0.9884 -0.1518 -0.0000
vn 0.9551 -0.2963 -0.0000
vn 0.9034 -0.4288 -0.0000
vn 0.8370 -0.5472 -0.0000
vn 0.7590 -0.6511 -0.0000
vn 0.6715 -0.7410 -0.0000
vn 0.5760 -0.8174 -0.0000
vn 0.4732 -0.8809 -0.0000
vn 0.3635 -0.9316 -0.0000
vn 0.2474 -0.9689 -0.0000
vn 0.1255 -0.9921 -0.0000
vn 0.0004 -1.0000 -0.0000
vn -0.0804 -0.9968 -0.0000
vn -0.1651 -0.9863 -0.0000
vn -0.2549 -0.9670 -0.0000
vn -0.3502 -0.9367 -0.0000
vn -0.4509 -0.8926 -0.0000
vn -0.5561 -0.8311 -0.0000
vn -0.6633 -0.7484 -0.0000
vn -0.7676 -0.6409 -0.0000
vn -0.8617 -0.5074 -0.0000
vn -0.9367 -0.3502 -0.0000
vn -0.9841 -0.1774 -0.0000
vn -1.0000 -0.0020 -0.0000
vn -0.9846 0.1750 -0.0000
vn -0.9340 0.3572 -0.0000
vn -0.8473 0.5312 -0.0000
vn -0.7335 0.6797 -0.0000
vn -0.6079 0.7940 -0.0000
vn -0.4847 0.8747 -0.0000
vn -0.3721 0.9282 -0.0000
vn -0.2735 0.9619 -0.0000
vn -0.1887 0.9820 -0.0000
vn -0.1162 0.9932 -0.0000
vn -0.0542 0.9985 -0.0000
vn 0.0004 1.0000 -0.0000
vn 0.0552 0.9985 -0.0000
vn 0.1169 0.9931 -0.0000
vn 0.1873 0.9823 -0.0000
vn 0.2680 0.9634 -0.0000
vn 0.3607 0.9327 -0.0000
vn 0.4662 0.8847 -0.0000
vn 0.5834 0.8122 -0.0000
vn 0.7065 0.7077 -0.0000
vn 0.8243 0.5661 -0.0000
vn 0.9205 0.3907 -0.0000
vn 0.9806 0.1959 -0.0000
vn 0.9998 -0.0205 -0.0000
vn 0.9616 -0.2743 -0.0000
vn 0.8537 -0.5208 -0.0000
vn 0.7101 -0.7041 -0.0000
vn 0.5681 -0.8230 -0.0000
vn 0.4456 -0.8952 -0.0000
vn 0.3454 -0.9385 -0.0000
vn 0.2640 -0.9645 -0.0000
vn 0.1970 -0.9804 -0.0000
vn 0.1403 -0.9901 -0.0000
vn 0.0907 -0.9959 -0.0000
vn 0.0450 -0.9990 -0.0000
vn -0.0083 -1.0000 -0.0000
vn -0.5395 -0.8420 -0.0000
vn -0.5244 -0.8515 -0.0000
vn -0.5027 -0.8645 -0.0000
vn -0.4729 -0.8811 -0.0000
vn -0.4336 -0.9011 -0.0000
vn -0.3841 -0.9233 -0.0000
vn -0.3247 -0.9458 -0.0000
vn -0.2577 -0.9662 -0.0000
vn -0.1870 -0.9824 -0.0000
vn -0.1177 -0.9930 -0.0000
vn -0.0548 -0.9985 -0.0000
vn 0.0029 -1.0000 -0.0000
vn 0.0670 -0.9978 -0.0000
vn 0.1445 -0.9895 -0.0000
vn 0.2345 -0.9721 -0.0000
vn 0.3361 -0.9418 -0.0000
vn 0.4464 -0.8948 -0.0000
vn 0.5597 -0.8287 -0.0000
vn 0.6682 -0.7440 -0.0000
vn 0.7643 -0.6449 -0.0000
vn 0.8426 -0.5385 -0.0000
vn 0.9016 -0.4327 -0.0000
vn 0.9428 -0.3334 -0.0000
vn 0.3111 -0.9504 -0.0000
vn -0.5845 -0.8114 -0.0000
vn -0.5440 -0.8391 -0.0000
vn -0.5005 -0.8658 -0.0000
vn -0.4539 -0.8910 -0.0000
vn -0.4045 -0.9146 -0.0000
vn -0.3522 -0.9359 -0.0000
vn -0.2975 -0.9547 -0.0000
vn -0.2406 -0.9706 -0.0000
vn -0.1819 -0.9833 -0.0000
vn -0.1219 -0.9925 -0.0000
vn -0.0611 -0.9981 -0.0000
vn 0.0176 -0.9998 -0.0000
vn 0.1330 -0.9911 -0.0000
vn 0.2663 -0.9639 -0.0000
vn 0.3956 -0.9184 -0.0000
vn 0.5169 -0.8560 -0.0000
vn 0.6272 -0.7789 -0.0000
vn 0.7244 -0.6893 -0.0000
vn 0.8076 -0.5898 -0.0000
vn 0.8761 -0.4821 -0.0000
vn 0.9298 -0.3680 -0.0000
vn 0.9686 -0.2487 -0.0000
vn 0.9921 -0.1254 -0.0000
vn 1.0000 0.0074 -0.0000
vn 0.9868 0.1617 -0.0000
vn 0.9441 0.3297 -0.0000
vn 0.8721 0.4894 -0.0000
vn 0.7800 0.6258 -0.0000
vn 0.6815 0.7318 -0.0000
vn 0.5887 0.8084 -0.0000
vn 0.5086 0.8610 -0.0000
vn 0.4442 0.8959 -0.0000
vn 0.3959 0.9183 -0.0000
vn 0.3631 0.9318 -0.0000
vn 0.3452 0.9385 -0.0000
vn 0.3370 0.9415 -0.0000
vn 0.8167 0.5770 -0.0000
vn 0.9998 -0.0211 -0.0000
vn 0.9959 -0.0910 -0.0000
vn 0.9803 -0.1975 -0.0000
vn 0.9470 -0.3213 -0.0000
vn 0.8889 -0.4581 -0.0000
vn 0.8017 -0.5978 -0.0000
vn 0.6870 -0.7267 -0.0000
vn 0.5545 -0.8322 -0.0000
vn 0.4179 -0.9085 -0.0000
vn 0.2895 -0.9572 -0.0000
vn 0.1765 -0.9843 -0.0000
vn 0.0809 -0.9967 -0.0000
vn -0.0009 -1.0000 -0.0000
vn -0.0786 -0.9969 -0.0000
vn -0.1570 -0.9876 -0.0000
vn -0.2344 -0.9721 -0.0000
vn -0.3097 -0.9508 -0.0000
vn -0.3821 -0.9241 -0.0000
vn -0.4508 -0.8926 -0.0000
vn -0.5152 -0.8571 -0.0000
vn -0.5750 -0.8182 -0.0000
vn -0.6298 -0.7768 -0.0000
vn -0.6795 -0.7337 -0.0000
vn -0.7243 -0.6895 -0.0000
vn 0.3570 -0.9341 -0.0000
vn 0.9315 0.3637 -0.0000
vn 0.7084 0.7058 -0.0000
vn 0.6504 0.7596 -0.0000
vn 0.5872 0.8094 -0.0000
vn 0.5199 0.8542 -0.0000
vn 0.4500 0.8930 -0.0000
vn 0.3790 0.9254 -0.0000
vn 0.3085 0.9512 -0.0000
vn 0.2398 0.9708 -0.0000
vn 0.1740 0.9847 -0.0000
vn 0.1120 0.9937 -0.0000
vn 0.0541 0.9985 -0.0000
vn -0.0085 1.0000 -0.0000
vn -0.0893 0.9960 -0.0000
vn -0.1859 0.9826 -0.0000
vn -0.2909 0.9568 -0.0000
vn -0.4034 0.9150 -0.0000
vn -0.5207 0.8538 -0.0000
vn -0.6378 0.7702 -0.0000
vn -0.7476 0.6642 -0.0000
vn -0.8423 0.5390 -0.0000
vn -0.9158 0.4017 -0.0000
vn -0.9653 0.2612 -0.0000
vn -0.9921 0.1258 -0.0000
vn -0.9995 0.0301 -0.0000
vn -0.9999 0.0155 -0.0000
vn -0.9978 0.0670 -0.0000
vn -0.9891 0.1470 -0.0000
vn -0.9698 0.2438 -0.0000
vn -0.9337 0.3582 -0.0000
vn -0.8733 0.4872 -0.0000
vn -0.7825 0.6226 -0.0000
vn -0.6612 0.7503 -0.0000
vn -0.5179 0.8555 -0.0000
vn -0.3681 0.9298 -0.0000
vn -0.2272 0.9738 -0.0000
vn -0.1045 0.9945 -0.0000
vn 0.0139 0.9999 -0.0000
vn 0.1353 0.9908 -0.0000
vn 0.2368 0.9716 -0.0000
vn 0.3115 0.9502 -0.0000
vn 0.3689 0.9295 -0.0000
vn 0.4145 0.9101 -0.0000
vn 0.4521 0.8920 -0.0000
vn 0.4840 0.8751 -0.0000
vn 0.5119 0.8591 -0.0000
vn 0.5367 0.8438 -0.0000
vn 0.5593 0.8290 -0.0000
vn 0.5802 0.8144 -0.0000
vn -0.4526 0.8917 -0.0000
vn -0.8791 -0.4767 -0.0000
vn -0.3352 -0.9422 -0.0000
vn -0.3536 -0.9354 -0.0000
vn -0.3812 -0.9245 -0.0000
vn -0.4196 -0.9077 -0.0000
vn -0.4705 -0.8824 -0.0000
vn -0.5358 -0.8443 -0.0000
vn -0.6169 -0.7870 -0.0000
vn -0.7126 -0.7016 -0.0000
vn -0.8158 -0.5784 -0.0000
vn -0.9110 -0.4124 -0.0000
vn -0.9772 -0.2122 -0.0000
vn -0.9998 -0.0220 -0.0000
vn -0.9922 0.1244 -0.0000
vn -0.9680 0.2510 -0.0000
vn -0.9262 0.3771 -0.0000
vn -0.8667 0.4988 -0.0000
vn -0.7905 0.6125 -0.0000
vn -0.6993 0.7148 -0.0000
vn -0.5957 0.8032 -0.0000
vn -0.4827 0.8758 -0.0000
vn -0.3635 0.9316 -0.0000
vn -0.2415 0.9704 -0.0000
vn -0.1196 0.9928 -0.0000
vn -0.0087 1.0000 -0.0000
vn 0.0825 0.9966 -0.0000
vn 0.1630 0.9866 -0.0000
vn 0.2399 0.9708 -0.0000
vn 0.3121 0.9501 -0.0000
vn 0.3788 0.9255 -0.0000
vn 0.4397 0.8981 -0.0000
vn 0.4947 0.8691 -0.0000
vn 0.5439 0.8391 -0.0000
vn 0.5878 0.8090 -0.0000
vn 0.6267 0.7793 -0.0000
vn 0.6611 0.7503 -0.0000
vn 0.9157 0.4018 -0.0000
vn 0.5796 -0.8149 -0.0000
vn -0.3917 0.9201 -0.0000
vn 0.6779 0.7351 -0.0000
vn 0.6448 0.7643 -0.0000
vn 0.6070 0.7947 -0.0000
vn 0.5637 0.8260 -0.0000
vn 0.5145 0.8575 -0.0000
vn 0.4588 0.8885 -0.0000
vn 0.3965 0.9180 -0.0000
vn 0.3274 0.9449 -0.0000
vn 0.2521 0.9677 -0.0000
vn 0.1714 0.9852 -0.0000
vn 0.0868 0.9962 -0.0000
vn 0.0011 1.0000 -0.0000
vn -0.0842 0.9965 -0.0000
vn -0.1708 0.9853 -0.0000
vn -0.2590 0.9659 -0.0000
vn -0.3471 0.9378 -0.0000
vn -0.4333 0.9012 -0.0000
vn -0.5158 0.8567 -0.0000
vn -0.5930 0.8052 -0.0000
vn -0.6636 0.7481 -0.0000
vn -0.7268 0.6868 -0.0000
vn -0.7822 0.6230 -0.0000
vn -0.8299 0.5580 -0.0000
vn -0.0942 0.9956 -0.0000
vn 0.7251 0.6887 -0.0000
vn 0.6970 0.7171 -0.0000
vn 0.6625 0.7490 -0.0000
vn 0.6209 0.7839 -0.0000
vn 0.5712 0.8208 -0.0000
vn 0.5128 0.8585 -0.0000
vn 0.4451 0.8955 -0.0000
vn 0.3684 0.9297 -0.0000
vn 0.2835 0.9590 -0.0000
vn 0.1920 0.9814 -0.0000
vn 0.0965 0.9953 -0.0000
vn -0.1337 0.9910 -0.0000
vn -0.2723 0.9622 -0.0000
vn -0.4111 0.9116 -0.0000
vn -0.5434 0.8395 -0.0000
vn -0.6628 0.7488 -0.0000
vn -0.7646 0.6445 -0.0000
vn -0.8464 0.5325 -0.0000
vn -0.9084 0.4180 -0.0000
vn -0.9522 0.3054 -0.0000
vn -0.9803 0.1974 -0.0000
vn -0.9954 0.0956 -0.0000
vn -0.9997 0.0232 -0.0000
vn 0.7071 -0.7071 -0.0000
vn 0.9997 -0.0261 -0.0000
vn 0.9941 -0.1080 -0.0000
vn 0.9749 -0.2226 -0.0000
vn 0.9397 -0.3421 -0.0000
vn 0.8865 -0.4627 -0.0000
vn 0.8146 -0.5800 -0.0000
vn 0.7248 -0.6890 -0.0000
vn 0.6195 -0.7850 -0.0000
vn 0.5026 -0.8645 -0.0000
vn 0.3783 -0.9257 -0.0000
vn 0.2509 -0.9680 -0.0000
vn 0.1240 -0.9923 -0.0000
vn 0.0117 -0.9999 -0.0000
vn -0.1013 -0.9949 -0.0000
vn -0.2169 -0.9762 -0.0000
vn -0.3115 -0.9502 -0.0000
vn -0.3891 -0.9212 -0.0000
vn -0.4533 -0.8913 -0.0000
vn -0.5073 -0.8618 -0.0000
vn -0.5533 -0.8330 -0.0000
vn -0.5934 -0.8049 -0.0000
vn -0.6288 -0.7775 -0.0000
vn -0.6609 -0.7505 -0.0000
vn -0.6903 -0.7235 -0.0000
vn -0.9231 -0.3845 -0.0000
vn 0.9998 -0.0217 -0.0000
vn 0.9815 -0.1916 -0.0000
vn 0.9533 -0.3021 -0.0000
vn 0.9075 -0.4201 -0.0000
vn 0.8411 -0.5409 -0.0000
vn 0.7527 -0.6583 -0.0000
vn 0.6442 -0.7648 -0.0000
vn 0.5202 -0.8540 -0.0000
vn 0.3877 -0.9218 -0.0000
vn 0.2535 -0.9673 -0.0000
vn 0.1235 -0.9923 -0.0000
vn 0.0163 -0.9999 -0.0000
vn -0.0585 -0.9983 -0.0000
vn -0.1256 -0.9921 -0.0000
vn -0.2011 -0.9796 -0.0000
vn -0.2825 -0.9593 -0.0000
vn -0.3659 -0.9307 -0.0000
vn -0.4469 -0.8946 -0.0000
vn -0.5218 -0.8531 -0.0000
vn -0.5879 -0.8089 -0.0000
vn -0.6441 -0.7649 -0.0000
vn -0.6904 -0.7234 -0.0000
vn -0.7277 -0.6859 -0.0000
vn -0.9338 -0.3577 -0.0000
vn 0.7071 0.7071 -0.0000
vn -0.5233 -0.8522 -0.0000
vn -0.4869 -0.8735 -0.0000
vn -0.4449 -0.8956 -0.0000
vn -0.3980 -0.9174 -0.0000
vn -0.3470 -0.9379 -0.0000
vn -0.2934 -0.9560 -0.0000
vn -0.2388 -0.9711 -0.0000
vn -0.1848 -0.9828 -0.0000
vn -0.1330 -0.9911 -0.0000
vn -0.0845 -0.9964 -0.0000
vn -0.0403 -0.9992 -0.0000
vn 0.0250 -0.9997 -0.0000
vn 0.1412 -0.9900 -0.0000
vn 0.2852 -0.9585 -0.0000
vn 0.4256 -0.9049 -0.0000
vn 0.5557 -0.8314 -0.0000
vn 0.6701 -0.7422 -0.0000
vn 0.7664 -0.6424 -0.0000
vn 0.8438 -0.5366 -0.0000
vn 0.9036 -0.4283 -0.0000
vn 0.9475 -0.3198 -0.0000
vn 0.9773 -0.2121 -0.0000
vn 0.9944 -0.1055 -0.0000
vn 1.0000 0.0004 -0.0000
vn 0.9940 0.1091 -0.0000
vn 0.9749 0.2227 -0.0000
vn 0.9406 0.3396 -0.0000
vn 0.8894 0.4571 -0.0000
vn 0.8205 0.5717 -0.0000
vn 0.7339 0.6793 -0.0000
vn 0.6309 0.7758 -0.0000
vn 0.3887 0.9214 -0.0000
vn 0.2581 0.9661 -0.0000
vn 0.1274 0.9919 -0.0000
vn 0.0020 1.0000 -0.0000
vn -0.1222 0.9925 -0.0000
vn -0.2545 0.9671 -0.0000
vn -0.3939 0.9192 -0.0000
vn -0.5325 0.8465 -0.0000
vn -0.6607 0.7506 -0.0000
vn -0.7703 0.6377 -0.0000
vn -0.8564 0.5163 -0.0000
vn -0.9186 0.3951 -0.0000
vn -0.9599 0.2805 -0.0000
vn -0.9844 0.1760 -0.0000
vn -0.9966 0.0830 -0.0000
vn -0.7209 -0.6931 -0.0000
vn -0.7733 -0.6340 -0.0000
vn -0.9706 0.2406 -0.0000
vn -0.9427 0.3338 -0.0000
vn -0.9005 0.4348 -0.0000
vn -0.8413 0.5406 -0.0000
vn -0.7633 0.6461 -0.0000
vn -0.6671 0.7449 -0.0000
vn -0.5566 0.8308 -0.0000
vn -0.4378 0.8991 -0.0000
vn -0.3177 0.9482 -0.0000
vn -0.2026 0.9793 -0.0000
vn -0.0965 0.9953 -0.0000
vn -0.0076 1.0000 -0.0000
vn 0.0612 0.9981 -0.0000
vn 0.1212 0.9926 -0.0000
vn 0.1792 0.9838 -0.0000
vn 0.2344 0.9721 -0.0000
vn 0.2864 0.9581 -0.0000
vn 0.3347 0.9423 -0.0000
vn 0.3793 0.9253 -0.0000
vn 0.4201 0.9075 -0.0000
vn 0.4571 0.8894 -0.0000
vn 0.4904 0.8715 -0.0000
vn 0.5202 0.8540 -0.0000
vn -0.4826 0.8759 -0.0000
vn -0.8775 -0.4796 -0.0000
vn 0.9902 -0.1396 -0.0000
vn 0.9703 -0.2417 -0.0000
vn 0.8866 -0.4625 -0.0000
vn 0.8179 -0.5753 -0.0000
vn 0.7300 -0.6835 -0.0000
vn 0.6242 -0.7812 -0.0000
vn 0.5045 -0.8634 -0.0000
vn 0.3763 -0.9265 -0.0000
vn 0.2462 -0.9692 -0.0000
vn 0.1198 -0.9928 -0.0000
vn 0.0038 -1.0000 -0.0000
vn -0.1048 -0.9945 -0.0000
vn -0.2179 -0.9760 -0.0000
vn -0.3375 -0.9413 -0.0000
vn -0.4587 -0.8886 -0.0000
vn -0.5754 -0.8179 -0.0000
vn -0.6814 -0.7319 -0.0000
vn -0.7721 -0.6356 -0.0000
vn -0.8452 -0.5345 -0.0000
vn -0.9009 -0.4341 -0.0000
vn -0.9411 -0.3381 -0.0000
vn -0.9685 -0.2490 -0.0000
vn -0.7766 0.6300 -0.0000
vn 0.7383 0.6744 -0.0000
vn -0.1217 0.9926 -0.0000
vn -0.2465 0.9692 -0.0000
vn -0.3712 0.9285 -0.0000
vn -0.4921 0.8705 -0.0000
vn -0.6053 0.7960 -0.0000
vn -0.7076 0.7066 -0.0000
vn -0.7964 0.6048 -0.0000
vn -0.8700 0.4931 -0.0000
vn -0.9273 0.3743 -0.0000
vn -0.9921 0.1255 -0.0000
vn -1.0000 -0.0000 -0.0000
vn -0.9921 -0.1251 -0.0000
vn -0.9684 -0.2494 -0.0000
vn -0.9286 -0.3711 -0.0000
vn -0.8726 -0.4885 -0.0000
vn -0.8005 -0.5993 -0.0000
vn -0.7130 -0.7012 -0.0000
vn -0.6114 -0.7913 -0.0000
vn -0.4980 -0.8672 -0.0000
vn -0.3761 -0.9266 -0.0000
vn -0.2497 -0.9683 -0.0000
vn -0.1232 -0.9924 -0.0000
vn 0.0008 -1.0000 -0.0000
vn 0.1260 -0.9920 -0.0000
vn 0.2541 -0.9672 -0.0000
vn 0.3807 -0.9247 -0.0000
vn 0.5017 -0.8650 -0.0000
vn 0.6136 -0.7896 -0.0000
vn 0.7137 -0.7004 -0.0000
vn 0.8001 -0.5999 -0.0000
vn 0.8716 -0.4902 -0.0000
vn 0.9276 -0.3736 -0.0000
vn 0.9678 -0.2519 -0.0000
vn 0.9919 -0.1267 -0.0000
vn 1.0000 0.0003 -0.0000
vn 0.9918 0.1281 -0.0000
vn 0.9669 0.2551 -0.0000
vn 0.9255 0.3787 -0.0000
vn 0.8679 0.4967 -0.0000
vn 0.7947 0.6070 -0.0000
vn 0.7069 0.7073 -0.0000
vn 0.6061 0.7954 -0.0000
vn 0.4944 0.8692 -0.0000
vn 0.3745 0.9272 -0.0000
vn 0.2498 0.9683 -0.0000
vn 0.1239 0.9923 -0.0000
vn 0.0007 1.0000 -0.0000
vn 0.1226 0.9925 -0.0000
vn 0.2464 0.9692 -0.0000
vn 0.3688 0.9295 -0.0000
vn 0.4869 0.8735 -0.0000
vn 0.5981 0.8015 -0.0000
vn 0.6996 0.7145 -0.0000
vn 0.7891 0.6143 -0.0000
vn 0.8644 0.5028 -0.0000
vn 0.9239 0.3825 -0.0000
vn 0.9665 0.2565 -0.0000
vn 0.9918 0.1280 -0.0000
vn 1.0000 0.0002 -0.0000
vn 0.9918 -0.1274 -0.0000
vn 0.9667 -0.2558 -0.0000
vn 0.9241 -0.3821 -0.0000
vn 0.8644 -0.5028 -0.0000
vn 0.7887 -0.6148 -0.0000
vn 0.6986 -0.7155 -0.0000
vn 0.5966 -0.8025 -0.0000
vn 0.4851 -0.8745 -0.0000
vn 0.3668 -0.9303 -0.0000
vn 0.2448 -0.9696 -0.0000
vn 0.1217 -0.9926 -0.0000
vn -0.0002 -1.0000 -0.0000
vn -0.1224 -0.9925 -0.0000
vn -0.2459 -0.9693 -0.0000
vn -0.3682 -0.9297 -0.0000
vn -0.4864 -0.8737 -0.0000
vn -0.5978 -0.8016 -0.0000
vn -0.6996 -0.7146 -0.0000
vn -0.7893 -0.6140 -0.0000
vn -0.8648 -0.5022 -0.0000
vn -0.9243 -0.3817 -0.0000
vn -0.9668 -0.2556 -0.0000
vn -0.9919 -0.1274 -0.0000
vn -1.0000 0.0002 -0.0000
vn -0.9918 0.1279 -0.0000
vn -0.9666 0.2563 -0.0000
vn -0.9241 0.3821 -0.0000
vn -0.8648 0.5022 -0.0000
vn -0.7897 0.6135 -0.0000
vn -0.7005 0.7136 -0.0000
vn -0.5993 0.8005 -0.0000
vn -0.4883 0.8727 -0.0000
vn -0.3701 0.9290 -0.0000
vn -0.2475 0.9689 -0.0000
vn -0.1233 0.9924 -0.0000
vn -0.0002 1.0000 -0.0000
vn -0.5470 0.8371 -0.0000
vn 0.0046 1.0000 -0.0000
vn 0.5509 0.8346 -0.0000
vn -0.8357 0.5492 -0.0000
vn -0.5492 -0.8357 -0.0000
vn 0.5453 -0.8382 -0.0000
vn 0.8382 0.5453 -0.0000
vn 0.5044 -0.8634 -0.0000
vn -0.7721 -0.6355 -0.0000
vn 0.4939 0.8695 -0.0000
vn 0.8475 0.5309 -0.0000
vn 0.8215 0.5702 -0.0000
vn 0.7502 0.6612 -0.0000
vn 0.7015 0.7127 -0.0000
vn 0.6414 0.7672 -0.0000
vn 0.5679 0.8231 -0.0000
vn 0.4795 0.8775 -0.0000
vn 0.3758 0.9267 -0.0000
vn 0.2585 0.9660 -0.0000
vn 0.1314 0.9913 -0.0000
vn 0.0132 0.9999 -0.0000
vn -0.0794 0.9968 -0.0000
vn -0.1584 0.9874 -0.0000
vn -0.2354 0.9719 -0.0000
vn -0.3086 0.9512 -0.0000
vn -0.3767 0.9263 -0.0000
vn -0.4390 0.8985 -0.0000
vn -0.4949 0.8690 -0.0000
vn -0.5879 0.8090 -0.0000
vn -0.6257 0.7800 -0.0000
vn -0.6585 0.7526 -0.0000
vn -0.9900 0.1414 -0.0000
vn -0.1400 -0.9902 -0.0000
vn 0.6579 -0.7531 -0.0000
vn 0.6218 -0.7832 -0.0000
vn 0.5852 -0.8109 -0.0000
vn 0.5474 -0.8368 -0.0000
vn 0.5077 -0.8616 -0.0000
vn 0.4647 -0.8855 -0.0000
vn 0.4171 -0.9089 -0.0000
vn 0.3627 -0.9319 -0.0000
vn 0.2985 -0.9544 -0.0000
vn 0.2203 -0.9754 -0.0000
vn 0.1219 -0.9925 -0.0000
vn -0.0082 -1.0000 -0.0000
vn -0.3230 -0.9464 -0.0000
vn -0.4666 -0.8845 -0.0000
vn -0.5918 -0.8061 -0.0000
vn -0.7845 -0.6201 -0.0000
vn -0.8543 -0.5197 -0.0000
vn -0.9089 -0.4171 -0.0000
vn -0.9497 -0.3132 -0.0000
vn -0.9780 -0.2088 -0.0000
vn -0.9946 -0.1042 -0.0000
vn -0.9997 -0.0259 -0.0000
vt 0.222222 0.000000
vt 0.259259 0.000000
vt 0.240741 0.000000
vt 0.277778 0.000000
vt 0.203704 0.000000
vt 0.296296 0.000000
vt 0.185185 0.000000
vt 0.314815 0.000000
vt 0.333333 0.000000
vt 0.166667 0.000000
vt 0.351852 0.000000
vt 0.962963 0.000000
vt 1.000000 0.000000
vt 0.981481 0.000000
vt 0.000000 0.000000
vt 0.148148 0.000000
vt 0.370370 0.000000
vt 0.388889 0.000000
vt 0.129630 0.000000
vt 0.407407 0.000000
vt 0.111111 0.000000
vt 0.425926 0.000000
vt 0.444444 0.000000
vt 0.092593 0.000000
vt 0.462963 0.000000
vt 0.074074 0.000000
vt 0.648148 0.000000
vt 0.629630 0.000000
vt 0.611111 0.000000
vt 0.592593 0.000000
vt 0.574074 0.000000
vt 0.555556 0.000000
vt 0.537037 0.000000
vt 0.518519 0.000000
vt 0.500000 0.000000
vt 0.481481 0.000000
vt 0.055556 0.000000
vt 0.685185 0.000000
vt 0.666667 0.000000
vt 0.037037 0.000000
vt 0.722222 0.000000
vt 0.703704 0.000000
vt 0.740741 0.000000
vt 0.759259 0.000000
vt 0.018519 0.000000
vt 0.777778 0.000000
vt 0.796296 0.000000
vt 0.870370 0.000000
vt 0.851852 0.000000
vt 0.833333 0.000000
vt 0.814815 0.000000
vt 0.888889 0.000000
vt 0.907407 0.000000
vt 0.925926 0.000000
vt 0.944444 0.000000
vt 0.346939 0.000000
vt 0.367347 0.000000
vt 0.357143 0.000000
vt 0.377551 0.000000
vt 0.336735 0.000000
vt 0.387755 0.000000
vt 0.326531 0.000000
vt 0.397959 0.000000
vt 0.316327 0.000000
vt 0.408163 0.000000
vt 0.306122 0.000000
vt 0.418367 0.000000
vt 0.295918 0.000000
vt 0.428571 0.000000
vt 0.285714 0.000000
vt 0.867347 0.000000
vt 0.877551 0.000000
vt 0.857143 0.000000
vt 0.887755 0.000000
vt 0.846939 0.000000
vt 0.897959 0.000000
vt 0.836735 0.000000
vt 0.438776 0.000000
vt 0.908163 0.000000
vt 0.275510 0.000000
vt 0.826531 0.000000
vt 0.918367 0.000000
vt 0.816327 0.000000
vt 0.928571 0.000000
vt 0.806122 0.000000
vt 0.938776 0.000000
vt 0.795918 0.000000
vt 0.265306 0.000000
vt 0.448980 0.000000
vt 0.948980 0.000000
vt 0.785714 0.000000
vt 0.959184 0.000000
vt 0.775510 0.000000
vt 0.255102 0.000000
vt 0.459184 0.000000
vt 0.969388 0.000000
vt 0.765306 0.000000
vt 0.979592 0.000000
vt 0.755102 0.000000
vt 0.244898 0.000000
vt 0.989796 0.000000
vt 0.469388 0.000000
vt 0.234694 0.000000
vt 0.479592 0.000000
vt 0.224490 0.000000
vt 0.489796 0.000000
vt 0.214286 0.000000
vt 0.510204 0.000000
vt 0.520408 0.000000
vt 0.204082 0.000000
vt 0.530612 0.000000
vt 0.193878 0.000000
vt 0.540816 0.000000
vt 0.724490 0.000000
vt 0.744898 0.000000
vt 0.734694 0.000000
vt 0.551020 0.000000
vt 0.714286 0.000000
vt 0.704082 0.000000
vt 0.183673 0.000000
vt 0.561224 0.000000
vt 0.693878 0.000000
vt 0.683673 0.000000
vt 0.571429 0.000000
vt 0.673469 0.000000
vt 0.581633 0.000000
vt 0.663265 0.000000
vt 0.173469 0.000000
vt 0.653061 0.000000
vt 0.591837 0.000000
vt 0.642857 0.000000
vt 0.602041 0.000000
vt 0.632653 0.000000
vt 0.622449 0.000000
vt 0.612245 0.000000
vt 0.163265 0.000000
vt 0.153061 0.000000
vt 0.010204 0.000000
vt 0.020408 0.000000
vt 0.142857 0.000000
vt 0.030612 0.000000
vt 0.040816 0.000000
vt 0.132653 0.000000
vt 0.051020 0.000000
vt 0.061224 0.000000
vt 0.122449 0.000000
vt 0.071429 0.000000
vt 0.081633 0.000000
vt 0.091837 0.000000
vt 0.112245 0.000000
vt 0.102041 0.000000
vt 0.484211 0.000000
vt 0.494737 0.000000
vt 0.010526 0.000000
vt 0.473684 0.000000
vt 0.021053 0.000000
vt 0.463158 0.000000
vt 0.031579 0.000000
vt 0.452632 0.000000
vt 0.042105 0.000000
vt 0.442105 0.000000
vt 0.052632 0.000000
vt 0.431579 0.000000
vt 0.747368 0.000000
vt 0.757895 0.000000
vt 0.736842 0.000000
vt 0.726316 0.000000
vt 0.768421 0.000000
vt 0.715789 0.000000
vt 0.778947 0.000000
vt 0.063158 0.000000
vt 0.421053 0.000000
vt 0.705263 0.000000
vt 0.789474 0.000000
vt 0.694737 0.000000
vt 0.800000 0.000000
vt 0.073684 0.000000
vt 0.410526 0.000000
vt 0.684211 0.000000
vt 0.810526 0.000000
vt 0.673684 0.000000
vt 0.821053 0.000000
vt 0.084211 0.000000
vt 0.400000 0.000000
vt 0.663158 0.000000
vt 0.831579 0.000000
vt 0.094737 0.000000
vt 0.389474 0.000000
vt 0.652632 0.000000
vt 0.842105 0.000000
vt 0.642105 0.000000
vt 0.852632 0.000000
vt 0.105263 0.000000
vt 0.378947 0.000000
vt 0.631579 0.000000
vt 0.863158 0.000000
vt 0.115789 0.000000
vt 0.368421 0.000000
vt 0.621053 0.000000
vt 0.873684 0.000000
vt 0.357895 0.000000
vt 0.884211 0.000000
vt 0.610526 0.000000
vt 0.126316 0.000000
vt 0.894737 0.000000
vt 0.600000 0.000000
vt 0.136842 0.000000
vt 0.347368 0.000000
vt 0.905263 0.000000
vt 0.589474 0.000000
vt 0.147368 0.000000
vt 0.336842 0.000000
vt 0.578947 0.000000
vt 0.915789 0.000000
vt 0.157895 0.000000
vt 0.326316 0.000000
vt 0.568421 0.000000
vt 0.926316 0.000000
vt 0.557895 0.000000
vt 0.936842 0.000000
vt 0.168421 0.000000
vt 0.315789 0.000000
vt 0.547368 0.000000
vt 0.947368 0.000000
vt 0.536842 0.000000
vt 0.957895 0.000000
vt 0.178947 0.000000
vt 0.305263 0.000000
vt 0.526316 0.000000
vt 0.968421 0.000000
vt 0.515789 0.000000
vt 0.978947 0.000000
vt 0.189474 0.000000
vt 0.294737 0.000000
vt 0.505263 0.000000
vt 0.989474 0.000000
vt 0.200000 0.000000
vt 0.284211 0.000000
vt 0.210526 0.000000
vt 0.273684 0.000000
vt 0.221053 0.000000
vt 0.263158 0.000000
vt 0.231579 0.000000
vt 0.252632 0.000000
vt 0.242105 0.000000
vt 0.103774 0.000000
vt 0.122642 0.000000
vt 0.113208 0.000000
vt 0.330189 0.000000
vt 0.349057 0.000000
vt 0.339623 0.000000
vt 0.094340 0.000000
vt 0.132075 0.000000
vt 0.320755 0.000000
vt 0.358491 0.000000
vt 0.084906 0.000000
vt 0.141509 0.000000
vt 0.311321 0.000000
vt 0.075472 0.000000
vt 0.150943 0.000000
vt 0.367925 0.000000
vt 0.301887 0.000000
vt 0.066038 0.000000
vt 0.981132 0.000000
vt 0.990566 0.000000
vt 0.160377 0.000000
vt 0.292453 0.000000
vt 0.056604 0.000000
vt 0.377358 0.000000
vt 0.169811 0.000000
vt 0.047170 0.000000
vt 0.283019 0.000000
vt 0.179245 0.000000
vt 0.386792 0.000000
vt 0.037736 0.000000
vt 0.273585 0.000000
vt 0.188679 0.000000
vt 0.028302 0.000000
vt 0.264151 0.000000
vt 0.396226 0.000000
vt 0.198113 0.000000
vt 0.018868 0.000000
vt 0.254717 0.000000
vt 0.207547 0.000000
vt 0.009434 0.000000
vt 0.405660 0.000000
vt 0.245283 0.000000
vt 0.216981 0.000000
vt 0.235849 0.000000
vt 0.594340 0.000000
vt 0.415094 0.000000
vt 0.962264 0.000000
vt 0.952830 0.000000
vt 0.943396 0.000000
vt 0.933962 0.000000
vt 0.924528 0.000000
vt 0.915094 0.000000
vt 0.905660 0.000000
vt 0.896226 0.000000
vt 0.886792 0.000000
vt 0.877358 0.000000
vt 0.867925 0.000000
vt 0.858491 0.000000
vt 0.849057 0.000000
vt 0.226415 0.000000
vt 0.603774 0.000000
vt 0.839623 0.000000
vt 0.584906 0.000000
vt 0.613208 0.000000
vt 0.830189 0.000000
vt 0.575472 0.000000
vt 0.622642 0.000000
vt 0.820755 0.000000
vt 0.566038 0.000000
vt 0.632075 0.000000
vt 0.811321 0.000000
vt 0.556604 0.000000
vt 0.641509 0.000000
vt 0.424528 0.000000
vt 0.801887 0.000000
vt 0.650943 0.000000
vt 0.547170 0.000000
vt 0.660377 0.000000
vt 0.792453 0.000000
vt 0.537736 0.000000
vt 0.669811 0.000000
vt 0.783019 0.000000
vt 0.528302 0.000000
vt 0.679245 0.000000
vt 0.433962 0.000000
vt 0.773585 0.000000
vt 0.688679 0.000000
vt 0.518868 0.000000
vt 0.698113 0.000000
vt 0.764151 0.000000
vt 0.509434 0.000000
vt 0.707547 0.000000
vt 0.443396 0.000000
vt 0.754717 0.000000
vt 0.971698 0.000000
vt 0.716981 0.000000
vt 0.745283 0.000000
vt 0.490566 0.000000
vt 0.452830 0.000000
vt 0.735849 0.000000
vt 0.481132 0.000000
vt 0.462264 0.000000
vt 0.726415 0.000000
vt 0.471698 0.000000
vt 0.560694 0.000000
vt 0.572254 0.000000
vt 0.566474 0.000000
vt 0.554913 0.000000
vt 0.578035 0.000000
vt 0.549133 0.000000
vt 0.543353 0.000000
vt 0.583815 0.000000
vt 0.537572 0.000000
vt 0.589595 0.000000
vt 0.531792 0.000000
vt 0.526012 0.000000
vt 0.595376 0.000000
vt 0.520231 0.000000
vt 0.601156 0.000000
vt 0.514451 0.000000
vt 0.508671 0.000000
vt 0.606936 0.000000
vt 0.502890 0.000000
vt 0.612717 0.000000
vt 0.497110 0.000000
vt 0.491329 0.000000
vt 0.485549 0.000000
vt 0.479769 0.000000
vt 0.473988 0.000000
vt 0.468208 0.000000
vt 0.462428 0.000000
vt 0.456647 0.000000
vt 0.450867 0.000000
vt 0.445087 0.000000
vt 0.439306 0.000000
vt 0.433526 0.000000
vt 0.427746 0.000000
vt 0.421965 0.000000
vt 0.618497 0.000000
vt 0.416185 0.000000
vt 0.624277 0.000000
vt 0.410405 0.000000
vt 0.404624 0.000000
vt 0.398844 0.000000
vt 0.393064 0.000000
vt 0.387283 0.000000
vt 0.630058 0.000000
vt 0.381503 0.000000
vt 0.375723 0.000000
vt 0.369942 0.000000
vt 0.635838 0.000000
vt 0.364162 0.000000
vt 0.358382 0.000000
vt 0.641618 0.000000
vt 0.352601 0.000000
vt 0.346821 0.000000
vt 0.341040 0.000000
vt 0.335260 0.000000
vt 0.329480 0.000000
vt 0.323699 0.000000
vt 0.317919 0.000000
vt 0.791907 0.000000
vt 0.994220 0.000000
vt 0.797688 0.000000
vt 0.312139 0.000000
vt 0.803468 0.000000
vt 0.306358 0.000000
vt 0.809249 0.000000
vt 0.300578 0.000000
vt 0.815029 0.000000
vt 0.820809 0.000000
vt 0.294798 0.000000
vt 0.826590 0.000000
vt 0.289017 0.000000
vt 0.832370 0.000000
vt 0.838150 0.000000
vt 0.283237 0.000000
vt 0.843931 0.000000
vt 0.849711 0.000000
vt 0.277457 0.000000
vt 0.855491 0.000000
vt 0.271676 0.000000
vt 0.861272 0.000000
vt 0.867052 0.000000
vt 0.265896 0.000000
vt 0.872832 0.000000
vt 0.878613 0.000000
vt 0.988439 0.000000
vt 0.260116 0.000000
vt 0.982659 0.000000
vt 0.884393 0.000000
vt 0.976879 0.000000
vt 0.774566 0.000000
vt 0.786127 0.000000
vt 0.780347 0.000000
vt 0.647399 0.000000
vt 0.890173 0.000000
vt 0.768786 0.000000
vt 0.971098 0.000000
vt 0.653179 0.000000
vt 0.763006 0.000000
vt 0.254335 0.000000
vt 0.895954 0.000000
vt 0.658960 0.000000
vt 0.965318 0.000000
vt 0.757225 0.000000
vt 0.664740 0.000000
vt 0.959538 0.000000
vt 0.751445 0.000000
vt 0.901734 0.000000
vt 0.670520 0.000000
vt 0.745665 0.000000
vt 0.953757 0.000000
vt 0.676301 0.000000
vt 0.739884 0.000000
vt 0.907514 0.000000
vt 0.682081 0.000000
vt 0.947977 0.000000
vt 0.734104 0.000000
vt 0.687861 0.000000
vt 0.248555 0.000000
vt 0.728324 0.000000
vt 0.913295 0.000000
vt 0.942197 0.000000
vt 0.693642 0.000000
vt 0.722543 0.000000
vt 0.699422 0.000000
vt 0.716763 0.000000
vt 0.936416 0.000000
vt 0.705202 0.000000
vt 0.710983 0.000000
vt 0.919075 0.000000
vt 0.930636 0.000000
vt 0.924855 0.000000
vt 0.132948 0.000000
vt 0.242775 0.000000
vt 0.138728 0.000000
vt 0.127168 0.000000
vt 0.236994 0.000000
vt 0.144509 0.000000
vt 0.121387 0.000000
vt 0.231214 0.000000
vt 0.150289 0.000000
vt 0.115607 0.000000
vt 0.005780 0.000000
vt 0.156069 0.000000
vt 0.109827 0.000000
vt 0.225434 0.000000
vt 0.011561 0.000000
vt 0.161850 0.000000
vt 0.104046 0.000000
vt 0.017341 0.000000
vt 0.219653 0.000000
vt 0.167630 0.000000
vt 0.098266 0.000000
vt 0.023121 0.000000
vt 0.173410 0.000000
vt 0.092486 0.000000
vt 0.028902 0.000000
vt 0.213873 0.000000
vt 0.179191 0.000000
vt 0.086705 0.000000
vt 0.034682 0.000000
vt 0.184971 0.000000
vt 0.040462 0.000000
vt 0.080925 0.000000
vt 0.208092 0.000000
vt 0.046243 0.000000
vt 0.190751 0.000000
vt 0.075145 0.000000
vt 0.052023 0.000000
vt 0.196532 0.000000
vt 0.069364 0.000000
vt 0.202312 0.000000
vt 0.057803 0.000000
vt 0.063584 0.000000
vt 0.611765 0.000000
vt 0.619608 0.000000
vt 0.615686 0.000000
vt 0.623529 0.000000
vt 0.607843 0.000000
vt 0.603922 0.000000
vt 0.596078 0.000000
vt 0.592157 0.000000
vt 0.588235 0.000000
vt 0.584314 0.000000
vt 0.003922 0.000000
vt 0.580392 0.000000
vt 0.627451 0.000000
vt 0.811765 0.000000
vt 0.807843 0.000000
vt 0.007843 0.000000
vt 0.803922 0.000000
vt 0.631373 0.000000
vt 0.635294 0.000000
vt 0.796078 0.000000
vt 0.639216 0.000000
vt 0.011765 0.000000
vt 0.792157 0.000000
vt 0.643137 0.000000
vt 0.576471 0.000000
vt 0.788235 0.000000
vt 0.015686 0.000000
vt 0.647059 0.000000
vt 0.784314 0.000000
vt 0.650980 0.000000
vt 0.019608 0.000000
vt 0.780392 0.000000
vt 0.654902 0.000000
vt 0.023529 0.000000
vt 0.572549 0.000000
vt 0.776471 0.000000
vt 0.027451 0.000000
vt 0.658824 0.000000
vt 0.031373 0.000000
vt 0.772549 0.000000
vt 0.662745 0.000000
vt 0.568627 0.000000
vt 0.035294 0.000000
vt 0.768627 0.000000
vt 0.039216 0.000000
vt 0.764706 0.000000
vt 0.670588 0.000000
vt 0.043137 0.000000
vt 0.564706 0.000000
vt 0.760784 0.000000
vt 0.047059 0.000000
vt 0.674510 0.000000
vt 0.560784 0.000000
vt 0.050980 0.000000
vt 0.756863 0.000000
vt 0.678431 0.000000
vt 0.556863 0.000000
vt 0.054902 0.000000
vt 0.552941 0.000000
vt 0.752941 0.000000
vt 0.682353 0.000000
vt 0.058824 0.000000
vt 0.549020 0.000000
vt 0.749020 0.000000
vt 0.686275 0.000000
vt 0.545098 0.000000
vt 0.062745 0.000000
vt 0.745098 0.000000
vt 0.541176 0.000000
vt 0.690196 0.000000
vt 0.066667 0.000000
vt 0.537255 0.000000
vt 0.741176 0.000000
vt 0.694118 0.000000
vt 0.533333 0.000000
vt 0.070588 0.000000
vt 0.737255 0.000000
vt 0.698039 0.000000
vt 0.529412 0.000000
vt 0.733333 0.000000
vt 0.074510 0.000000
vt 0.701961 0.000000
vt 0.525490 0.000000
vt 0.729412 0.000000
vt 0.705882 0.000000
vt 0.078431 0.000000
vt 0.521569 0.000000
vt 0.725490 0.000000
vt 0.709804 0.000000
vt 0.721569 0.000000
vt 0.713726 0.000000
vt 0.517647 0.000000
vt 0.717647 0.000000
vt 0.082353 0.000000
vt 0.513726 0.000000
vt 0.086275 0.000000
vt 0.509804 0.000000
vt 0.090196 0.000000
vt 0.505882 0.000000
vt 0.501961 0.000000
vt 0.094118 0.000000
vt 0.498039 0.000000
vt 0.098039 0.000000
vt 0.494118 0.000000
vt 0.490196 0.000000
vt 0.486275 0.000000
vt 0.101961 0.000000
vt 0.482353 0.000000
vt 0.478431 0.000000
vt 0.474510 0.000000
vt 0.105882 0.000000
vt 0.470588 0.000000
vt 0.466667 0.000000
vt 0.462745 0.000000
vt 0.109804 0.000000
vt 0.458824 0.000000
vt 0.113725 0.000000
vt 0.454902 0.000000
vt 0.117647 0.000000
vt 0.450980 0.000000
vt 0.121569 0.000000
vt 0.447059 0.000000
vt 0.125490 0.000000
vt 0.129412 0.000000
vt 0.443137 0.000000
vt 0.133333 0.000000
vt 0.439216 0.000000
vt 0.137255 0.000000
vt 0.435294 0.000000
vt 0.431373 0.000000
vt 0.141176 0.000000
vt 0.427451 0.000000
vt 0.145098 0.000000
vt 0.423529 0.000000
vt 0.149020 0.000000
vt 0.419608 0.000000
vt 0.152941 0.000000
vt 0.415686 0.000000
vt 0.156863 0.000000
vt 0.411765 0.000000
vt 0.160784 0.000000
vt 0.407843 0.000000
vt 0.164706 0.000000
vt 0.403922 0.000000
vt 0.168627 0.000000
vt 0.172549 0.000000
vt 0.396078 0.000000
vt 0.176471 0.000000
vt 0.392157 0.000000
vt 0.180392 0.000000
vt 0.388235 0.000000
vt 0.184314 0.000000
vt 0.384314 0.000000
vt 0.188235 0.000000
vt 0.380392 0.000000
vt 0.192157 0.000000
vt 0.376471 0.000000
vt 0.196078 0.000000
vt 0.372549 0.000000
vt 0.368627 0.000000
vt 0.364706 0.000000
vt 0.203922 0.000000
vt 0.360784 0.000000
vt 0.207843 0.000000
vt 0.356863 0.000000
vt 0.211765 0.000000
vt 0.352941 0.000000
vt 0.215686 0.000000
vt 0.349020 0.000000
vt 0.996078 0.000000
vt 0.219608 0.000000
vt 0.815686 0.000000
vt 0.992157 0.000000
vt 0.819608 0.000000
vt 0.988235 0.000000
vt 0.823529 0.000000
vt 0.345098 0.000000
vt 0.984314 0.000000
vt 0.827451 0.000000
vt 0.980392 0.000000
vt 0.831373 0.000000
vt 0.976471 0.000000
vt 0.223529 0.000000
vt 0.835294 0.000000
vt 0.972549 0.000000
vt 0.341176 0.000000
vt 0.839216 0.000000
vt 0.968627 0.000000
vt 0.227451 0.000000
vt 0.843137 0.000000
vt 0.337255 0.000000
vt 0.964706 0.000000
vt 0.847059 0.000000
vt 0.960784 0.000000
vt 0.231373 0.000000
vt 0.850980 0.000000
vt 0.956863 0.000000
vt 0.854902 0.000000
vt 0.235294 0.000000
vt 0.329412 0.000000
vt 0.858824 0.000000
vt 0.952941 0.000000
vt 0.239216 0.000000
vt 0.862745 0.000000
vt 0.325490 0.000000
vt 0.949020 0.000000
vt 0.866667 0.000000
vt 0.945098 0.000000
vt 0.243137 0.000000
vt 0.870588 0.000000
vt 0.941176 0.000000
vt 0.321569 0.000000
vt 0.874510 0.000000
vt 0.937255 0.000000
vt 0.878431 0.000000
vt 0.247059 0.000000
vt 0.933333 0.000000
vt 0.317647 0.000000
vt 0.882353 0.000000
vt 0.929412 0.000000
vt 0.886275 0.000000
vt 0.925490 0.000000
vt 0.890196 0.000000
vt 0.250980 0.000000
vt 0.921569 0.000000
vt 0.313726 0.000000
vt 0.894118 0.000000
vt 0.917647 0.000000
vt 0.898039 0.000000
vt 0.913725 0.000000
vt 0.901961 0.000000
vt 0.909804 0.000000
vt 0.905882 0.000000
vt 0.254902 0.000000
vt 0.309804 0.000000
vt 0.258824 0.000000
vt 0.305882 0.000000
vt 0.301961 0.000000
vt 0.262745 0.000000
vt 0.298039 0.000000
vt 0.266667 0.000000
vt 0.294118 0.000000
vt 0.270588 0.000000
vt 0.290196 0.000000
vt 0.274510 0.000000
vt 0.286275 0.000000
vt 0.278431 0.000000
vt 0.282353 0.000000
vt 0.000000 1.000000
vt 0.006250 1.000000
vt 0.006250 0.000000
vt 0.012500 1.000000
vt 0.012500 0.000000
vt 0.018750 1.000000
vt 0.018750 0.000000
vt 0.025000 1.000000
vt 0.025000 0.000000
vt 0.031250 1.000000
vt 0.031250 0.000000
vt 0.037500 1.000000
vt 0.037500 0.000000
vt 0.043750 1.000000
vt 0.043750 0.000000
vt 0.050000 1.000000
vt 0.050000 0.000000
vt 0.056250 1.000000
vt 0.056250 0.000000
vt 0.062500 1.000000
vt 0.062500 0.000000
vt 0.068750 1.000000
vt 0.068750 0.000000
vt 0.075000 1.000000
vt 0.075000 0.000000
vt 0.081250 1.000000
vt 0.081250 0.000000
vt 0.087500 1.000000
vt 0.087500 0.000000
vt 0.093750 1.000000
vt 0.093750 0.000000
vt 0.100000 1.000000
vt 0.100000 0.000000
vt 0.106250 1.000000
vt 0.106250 0.000000
vt 0.112500 1.000000
vt 0.112500 0.000000
vt 0.118750 1.000000
vt 0.118750 0.000000
vt 0.125000 1.000000
vt 0.125000 0.000000
vt 0.131250 1.000000
vt 0.131250 0.000000
vt 0.137500 1.000000
vt 0.137500 0.000000
vt 0.143750 1.000000
vt 0.143750 0.000000
vt 0.150000 1.000000
vt 0.150000 0.000000
vt 0.156250 1.000000
vt 0.156250 0.000000
vt 0.162500 1.000000
vt 0.162500 0.000000
vt 0.168750 1.000000
vt 0.168750 0.000000
vt 0.175000 1.000000
vt 0.175000 0.000000
vt 0.181250 1.000000
vt 0.181250 0.000000
vt 0.187500 1.000000
vt 0.187500 0.000000
vt 0.193750 1.000000
vt 0.193750 0.000000
vt 0.200000 1.000000
vt 0.206250 1.000000
vt 0.206250 0.000000
vt 0.212500 1.000000
vt 0.212500 0.000000
vt 0.218750 1.000000
vt 0.218750 0.000000
vt 0.225000 1.000000
vt 0.225000 0.000000
vt 0.231250 1.000000
vt 0.231250 0.000000
vt 0.237500 1.000000
vt 0.237500 0.000000
vt 0.243750 1.000000
vt 0.243750 0.000000
vt 0.250000 1.000000
vt 0.250000 0.000000
vt 0.256250 1.000000
vt 0.256250 0.000000
vt 0.262500 1.000000
vt 0.262500 0.000000
vt 0.268750 1.000000
vt 0.268750 0.000000
vt 0.275000 1.000000
vt 0.275000 0.000000
vt 0.281250 1.000000
vt 0.281250 0.000000
vt 0.287500 1.000000
vt 0.287500 0.000000
vt 0.293750 1.000000
vt 0.293750 0.000000
vt 0.300000 1.000000
vt 0.300000 0.000000
vt 0.306250 1.000000
vt 0.306250 0.000000
vt 0.312500 1.000000
vt 0.312500 0.000000
vt 0.318750 1.000000
vt 0.318750 0.000000
vt 0.325000 1.000000
vt 0.325000 0.000000
vt 0.331250 1.000000
vt 0.331250 0.000000
vt 0.337500 1.000000
vt 0.337500 0.000000
vt 0.343750 1.000000
vt 0.343750 0.000000
vt 0.350000 1.000000
vt 0.350000 0.000000
vt 0.356250 1.000000
vt 0.356250 0.000000
vt 0.362500 1.000000
vt 0.362500 0.000000
vt 0.368750 1.000000
vt 0.368750 0.000000
vt 0.375000 1.000000
vt 0.375000 0.000000
vt 0.381250 1.000000
vt 0.381250 0.000000
vt 0.387500 1.000000
vt 0.387500 0.000000
vt 0.393750 1.000000
vt 0.393750 0.000000
vt 0.400000 1.000000
vt 0.406250 1.000000
vt 0.406250 0.000000
vt 0.412500 1.000000
vt 0.412500 0.000000
vt 0.418750 1.000000
vt 0.418750 0.000000
vt 0.425000 1.000000
vt 0.425000 0.000000
vt 0.431250 1.000000
vt 0.431250 0.000000
vt 0.437500 1.000000
vt 0.437500 0.000000
vt 0.443750 1.000000
vt 0.443750 0.000000
vt 0.450000 1.000000
vt 0.450000 0.000000
vt 0.456250 1.000000
vt 0.456250 0.000000
vt 0.462500 1.000000
vt 0.462500 0.000000
vt 0.468750 1.000000
vt 0.468750 0.000000
vt 0.475000 1.000000
vt 0.475000 0.000000
vt 0.481250 1.000000
vt 0.481250 0.000000
vt 0.487500 1.000000
vt 0.487500 0.000000
vt 0.493750 1.000000
vt 0.493750 0.000000
vt 0.500000 1.000000
vt 0.506250 1.000000
vt 0.506250 0.000000
vt 0.512500 1.000000
vt 0.512500 0.000000
vt 0.518750 1.000000
vt 0.518750 0.000000
vt 0.525000 1.000000
vt 0.525000 0.000000
vt 0.531250 1.000000
vt 0.531250 0.000000
vt 0.537500 1.000000
vt 0.537500 0.000000
vt 0.543750 1.000000
vt 0.543750 0.000000
vt 0.550000 1.000000
vt 0.550000 0.000000
vt 0.556250 1.000000
vt 0.556250 0.000000
vt 0.562500 1.000000
vt 0.562500 0.000000
vt 0.568750 1.000000
vt 0.568750 0.000000
vt 0.575000 1.000000
vt 0.575000 0.000000
vt 0.581250 1.000000
vt 0.581250 0.000000
vt 0.587500 1.000000
vt 0.587500 0.000000
vt 0.593750 1.000000
vt 0.593750 0.000000
vt 0.600000 1.000000
vt 0.606250 1.000000
vt 0.606250 0.000000
vt 0.612500 1.000000
vt 0.612500 0.000000
vt 0.618750 1.000000
vt 0.618750 0.000000
vt 0.625000 1.000000
vt 0.625000 0.000000
vt 0.631250 1.000000
vt 0.631250 0.000000
vt 0.637500 1.000000
vt 0.637500 0.000000
vt 0.643750 1.000000
vt 0.643750 0.000000
vt 0.650000 1.000000
vt 0.650000 0.000000
vt 0.656250 1.000000
vt 0.656250 0.000000
vt 0.662500 1.000000
vt 0.662500 0.000000
vt 0.668750 1.000000
vt 0.668750 0.000000
vt 0.675000 1.000000
vt 0.675000 0.000000
vt 0.681250 1.000000
vt 0.681250 0.000000
vt 0.687500 1.000000
vt 0.687500 0.000000
vt 0.693750 1.000000
vt 0.693750 0.000000
vt 0.700000 1.000000
vt 0.700000 0.000000
vt 0.706250 1.000000
vt 0.706250 0.000000
vt 0.712500 1.000000
vt 0.712500 0.000000
vt 0.718750 1.000000
vt 0.718750 0.000000
vt 0.725000 1.000000
vt 0.725000 0.000000
vt 0.731250 1.000000
vt 0.731250 0.000000
vt 0.737500 1.000000
vt 0.737500 0.000000
vt 0.743750 1.000000
vt 0.743750 0.000000
vt 0.750000 1.000000
vt 0.750000 0.000000
vt 0.756250 1.000000
vt 0.756250 0.000000
vt 0.762500 1.000000
vt 0.762500 0.000000
vt 0.768750 1.000000
vt 0.768750 0.000000
vt 0.775000 1.000000
vt 0.775000 0.000000
vt 0.781250 1.000000
vt 0.781250 0.000000
vt 0.787500 1.000000
vt 0.787500 0.000000
vt 0.793750 1.000000
vt 0.793750 0.000000
vt 0.800000 1.000000
vt 0.806250 1.000000
vt 0.806250 0.000000
vt 0.812500 1.000000
vt 0.812500 0.000000
vt 0.818750 1.000000
vt 0.818750 0.000000
vt 0.825000 1.000000
vt 0.825000 0.000000
vt 0.831250 1.000000
vt 0.831250 0.000000
vt 0.837500 1.000000
vt 0.837500 0.000000
vt 0.843750 1.000000
vt 0.843750 0.000000
vt 0.850000 1.000000
vt 0.850000 0.000000
vt 0.856250 1.000000
vt 0.856250 0.000000
vt 0.862500 1.000000
vt 0.862500 0.000000
vt 0.868750 1.000000
vt 0.868750 0.000000
vt 0.875000 1.000000
vt 0.875000 0.000000
vt 0.881250 1.000000
vt 0.881250 0.000000
vt 0.887500 1.000000
vt 0.887500 0.000000
vt 0.893750 1.000000
vt 0.893750 0.000000
vt 0.900000 1.000000
vt 0.900000 0.000000
vt 0.906250 1.000000
vt 0.906250 0.000000
vt 0.912500 1.000000
vt 0.912500 0.000000
vt 0.918750 1.000000
vt 0.918750 0.000000
vt 0.925000 1.000000
vt 0.925000 0.000000
vt 0.931250 1.000000
vt 0.931250 0.000000
vt 0.937500 1.000000
vt 0.937500 0.000000
vt 0.943750 1.000000
vt 0.943750 0.000000
vt 0.950000 1.000000
vt 0.950000 0.000000
vt 0.956250 1.000000
vt 0.956250 0.000000
vt 0.962500 1.000000
vt 0.962500 0.000000
vt 0.968750 1.000000
vt 0.968750 0.000000
vt 0.975000 1.000000
vt 0.975000 0.000000
vt 0.981250 1.000000
vt 0.981250 0.000000
vt 0.987500 1.000000
vt 0.987500 0.000000
vt 0.993750 1.000000
vt 0.993750 0.000000
vt 1.000000 1.000000
vt 0.020833 1.000000
vt 0.020833 0.000000
vt 0.041667 1.000000
vt 0.041667 0.000000
vt 0.083333 1.000000
vt 0.083333 0.000000
vt 0.104167 1.000000
vt 0.104167 0.000000
vt 0.145833 1.000000
vt 0.145833 0.000000
vt 0.166667 1.000000
vt 0.208333 1.000000
vt 0.208333 0.000000
vt 0.229167 1.000000
vt 0.229167 0.000000
vt 0.270833 1.000000
vt 0.270833 0.000000
vt 0.291667 1.000000
vt 0.291667 0.000000
vt 0.333333 1.000000
vt 0.354167 1.000000
vt 0.354167 0.000000
vt 0.395833 1.000000
vt 0.395833 0.000000
vt 0.416667 1.000000
vt 0.416667 0.000000
vt 0.458333 1.000000
vt 0.458333 0.000000
vt 0.479167 1.000000
vt 0.479167 0.000000
vt 0.520833 1.000000
vt 0.520833 0.000000
vt 0.541667 1.000000
vt 0.541667 0.000000
vt 0.583333 1.000000
vt 0.583333 0.000000
vt 0.604167 1.000000
vt 0.604167 0.000000
vt 0.645833 1.000000
vt 0.645833 0.000000
vt 0.666667 1.000000
vt 0.708333 1.000000
vt 0.708333 0.000000
vt 0.729167 1.000000
vt 0.729167 0.000000
vt 0.770833 1.000000
vt 0.770833 0.000000
vt 0.791667 1.000000
vt 0.791667 0.000000
vt 0.833333 1.000000
vt 0.854167 1.000000
vt 0.854167 0.000000
vt 0.895833 1.000000
vt 0.895833 0.000000
vt 0.916667 1.000000
vt 0.916667 0.000000
vt 0.958333 1.000000
vt 0.958333 0.000000
vt 0.979167 1.000000
vt 0.979167 0.000000
vt 0.007299 1.000000
vt 0.007299 0.000000
vt 0.014599 1.000000
vt 0.014599 0.000000
vt 0.021898 1.000000
vt 0.021898 0.000000
vt 0.029197 1.000000
vt 0.029197 0.000000
vt 0.036496 1.000000
vt 0.036496 0.000000
vt 0.043796 1.000000
vt 0.043796 0.000000
vt 0.051095 1.000000
vt 0.051095 0.000000
vt 0.058394 1.000000
vt 0.058394 0.000000
vt 0.065693 1.000000
vt 0.065693 0.000000
vt 0.072993 1.000000
vt 0.072993 0.000000
vt 0.080292 1.000000
vt 0.080292 0.000000
vt 0.087591 1.000000
vt 0.087591 0.000000
vt 0.094891 1.000000
vt 0.094891 0.000000
vt 0.102190 1.000000
vt 0.102190 0.000000
vt 0.109489 1.000000
vt 0.109489 0.000000
vt 0.116788 1.000000
vt 0.116788 0.000000
vt 0.124088 1.000000
vt 0.124088 0.000000
vt 0.131387 1.000000
vt 0.131387 0.000000
vt 0.138686 1.000000
vt 0.138686 0.000000
vt 0.145985 1.000000
vt 0.145985 0.000000
vt 0.153285 1.000000
vt 0.153285 0.000000
vt 0.160584 1.000000
vt 0.160584 0.000000
vt 0.167883 1.000000
vt 0.167883 0.000000
vt 0.175182 1.000000
vt 0.175182 0.000000
vt 0.182482 1.000000
vt 0.182482 0.000000
vt 0.189781 1.000000
vt 0.189781 0.000000
vt 0.197080 1.000000
vt 0.197080 0.000000
vt 0.204380 1.000000
vt 0.204380 0.000000
vt 0.211679 1.000000
vt 0.211679 0.000000
vt 0.218978 1.000000
vt 0.218978 0.000000
vt 0.226277 1.000000
vt 0.226277 0.000000
vt 0.233577 1.000000
vt 0.233577 0.000000
vt 0.240876 1.000000
vt 0.240876 0.000000
vt 0.248175 1.000000
vt 0.248175 0.000000
vt 0.255474 1.000000
vt 0.255474 0.000000
vt 0.262774 1.000000
vt 0.262774 0.000000
vt 0.270073 1.000000
vt 0.270073 0.000000
vt 0.277372 1.000000
vt 0.277372 0.000000
vt 0.284672 1.000000
vt 0.284672 0.000000
vt 0.291971 1.000000
vt 0.291971 0.000000
vt 0.299270 1.000000
vt 0.299270 0.000000
vt 0.306569 1.000000
vt 0.306569 0.000000
vt 0.313869 1.000000
vt 0.313869 0.000000
vt 0.321168 1.000000
vt 0.321168 0.000000
vt 0.328467 1.000000
vt 0.328467 0.000000
vt 0.335766 1.000000
vt 0.335766 0.000000
vt 0.343066 1.000000
vt 0.343066 0.000000
vt 0.350365 1.000000
vt 0.350365 0.000000
vt 0.357664 1.000000
vt 0.357664 0.000000
vt 0.364964 1.000000
vt 0.364964 0.000000
vt 0.372263 1.000000
vt 0.372263 0.000000
vt 0.379562 1.000000
vt 0.379562 0.000000
vt 0.386861 1.000000
vt 0.386861 0.000000
vt 0.394161 1.000000
vt 0.394161 0.000000
vt 0.401460 1.000000
vt 0.401460 0.000000
vt 0.408759 1.000000
vt 0.408759 0.000000
vt 0.416058 1.000000
vt 0.416058 0.000000
vt 0.423358 1.000000
vt 0.423358 0.000000
vt 0.430657 1.000000
vt 0.430657 0.000000
vt 0.437956 1.000000
vt 0.437956 0.000000
vt 0.445255 1.000000
vt 0.445255 0.000000
vt 0.452555 1.000000
vt 0.452555 0.000000
vt 0.459854 1.000000
vt 0.459854 0.000000
vt 0.467153 1.000000
vt 0.467153 0.000000
vt 0.474453 1.000000
vt 0.474453 0.000000
vt 0.481752 1.000000
vt 0.481752 0.000000
vt 0.489051 1.000000
vt 0.489051 0.000000
vt 0.496350 1.000000
vt 0.496350 0.000000
vt 0.503650 1.000000
vt 0.503650 0.000000
vt 0.510949 1.000000
vt 0.510949 0.000000
vt 0.518248 1.000000
vt 0.518248 0.000000
vt 0.525547 1.000000
vt 0.525547 0.000000
vt 0.532847 1.000000
vt 0.532847 0.000000
vt 0.540146 1.000000
vt 0.540146 0.000000
vt 0.547445 1.000000
vt 0.547445 0.000000
vt 0.554745 1.000000
vt 0.554745 0.000000
vt 0.562044 1.000000
vt 0.562044 0.000000
vt 0.569343 1.000000
vt 0.569343 0.000000
vt 0.576642 1.000000
vt 0.576642 0.000000
vt 0.583942 1.000000
vt 0.583942 0.000000
vt 0.591241 1.000000
vt 0.591241 0.000000
vt 0.598540 1.000000
vt 0.598540 0.000000
vt 0.605839 1.000000
vt 0.605839 0.000000
vt 0.613139 1.000000
vt 0.613139 0.000000
vt 0.620438 1.000000
vt 0.620438 0.000000
vt 0.627737 1.000000
vt 0.627737 0.000000
vt 0.635036 1.000000
vt 0.635036 0.000000
vt 0.642336 1.000000
vt 0.642336 0.000000
vt 0.649635 1.000000
vt 0.649635 0.000000
vt 0.656934 1.000000
vt 0.656934 0.000000
vt 0.664234 1.000000
vt 0.664234 0.000000
vt 0.671533 1.000000
vt 0.671533 0.000000
vt 0.678832 1.000000
vt 0.678832 0.000000
vt 0.686131 1.000000
vt 0.686131 0.000000
vt 0.693431 1.000000
vt 0.693431 0.000000
vt 0.700730 1.000000
vt 0.700730 0.000000
vt 0.708029 1.000000
vt 0.708029 0.000000
vt 0.715328 1.000000
vt 0.715328 0.000000
vt 0.722628 1.000000
vt 0.722628 0.000000
vt 0.729927 1.000000
vt 0.729927 0.000000
vt 0.737226 1.000000
vt 0.737226 0.000000
vt 0.744526 1.000000
vt 0.744526 0.000000
vt 0.751825 1.000000
vt 0.751825 0.000000
vt 0.759124 1.000000
vt 0.759124 0.000000
vt 0.766423 1.000000
vt 0.766423 0.000000
vt 0.773723 1.000000
vt 0.773723 0.000000
vt 0.781022 1.000000
vt 0.781022 0.000000
vt 0.788321 1.000000
vt 0.788321 0.000000
vt 0.795620 1.000000
vt 0.795620 0.000000
vt 0.802920 1.000000
vt 0.802920 0.000000
vt 0.810219 1.000000
vt 0.810219 0.000000
vt 0.817518 1.000000
vt 0.817518 0.000000
vt 0.824818 1.000000
vt 0.824818 0.000000
vt 0.832117 1.000000
vt 0.832117 0.000000
vt 0.839416 1.000000
vt 0.839416 0.000000
vt 0.846715 1.000000
vt 0.846715 0.000000
vt 0.854015 1.000000
vt 0.854015 0.000000
vt 0.861314 1.000000
vt 0.861314 0.000000
vt 0.868613 1.000000
vt 0.868613 0.000000
vt 0.875912 1.000000
vt 0.875912 0.000000
vt 0.883212 1.000000
vt 0.883212 0.000000
vt 0.890511 1.000000
vt 0.890511 0.000000
vt 0.897810 1.000000
vt 0.897810 0.000000
vt 0.905109 1.000000
vt 0.905109 0.000000
vt 0.912409 1.000000
vt 0.912409 0.000000
vt 0.919708 1.000000
vt 0.919708 0.000000
vt 0.927007 1.000000
vt 0.927007 0.000000
vt 0.934307 1.000000
vt 0.934307 0.000000
vt 0.941606 1.000000
vt 0.941606 0.000000
vt 0.948905 1.000000
vt 0.948905 0.000000
vt 0.956204 1.000000
vt 0.956204 0.000000
vt 0.963504 1.000000
vt 0.963504 0.000000
vt 0.970803 1.000000
vt 0.970803 0.000000
vt 0.978102 1.000000
vt 0.978102 0.000000
vt 0.985401 1.000000
vt 0.985401 0.000000
vt 0.992701 1.000000
vt 0.992701 0.000000
vt 0.027027 1.000000
vt 0.027027 0.000000
vt 0.054054 1.000000
vt 0.054054 0.000000
vt 0.081081 1.000000
vt 0.081081 0.000000
vt 0.108108 1.000000
vt 0.108108 0.000000
vt 0.135135 1.000000
vt 0.135135 0.000000
vt 0.162162 1.000000
vt 0.162162 0.000000
vt 0.189189 1.000000
vt 0.189189 0.000000
vt 0.216216 1.000000
vt 0.216216 0.000000
vt 0.243243 1.000000
vt 0.243243 0.000000
vt 0.270270 1.000000
vt 0.270270 0.000000
vt 0.297297 1.000000
vt 0.297297 0.000000
vt 0.324324 1.000000
vt 0.324324 0.000000
vt 0.351351 1.000000
vt 0.351351 0.000000
vt 0.378378 1.000000
vt 0.378378 0.000000
vt 0.405405 1.000000
vt 0.405405 0.000000
vt 0.432432 1.000000
vt 0.432432 0.000000
vt 0.459459 1.000000
vt 0.459459 0.000000
vt 0.486486 1.000000
vt 0.486486 0.000000
vt 0.513514 1.000000
vt 0.513514 0.000000
vt 0.540541 1.000000
vt 0.540541 0.000000
vt 0.567568 1.000000
vt 0.567568 0.000000
vt 0.594595 1.000000
vt 0.594595 0.000000
vt 0.621622 1.000000
vt 0.621622 0.000000
vt 0.648649 1.000000
vt 0.648649 0.000000
vt 0.675676 1.000000
vt 0.675676 0.000000
vt 0.702703 1.000000
vt 0.702703 0.000000
vt 0.729730 1.000000
vt 0.729730 0.000000
vt 0.756757 1.000000
vt 0.756757 0.000000
vt 0.783784 1.000000
vt 0.783784 0.000000
vt 0.810811 1.000000
vt 0.810811 0.000000
vt 0.837838 1.000000
vt 0.837838 0.000000
vt 0.864865 1.000000
vt 0.864865 0.000000
vt 0.891892 1.000000
vt 0.891892 0.000000
vt 0.918919 1.000000
vt 0.918919 0.000000
vt 0.945946 1.000000
vt 0.945946 0.000000
vt 0.972973 1.000000
vt 0.972973 0.000000
vt 0.009346 1.000000
vt 0.009346 0.000000
vt 0.018692 1.000000
vt 0.018692 0.000000
vt 0.028037 1.000000
vt 0.028037 0.000000
vt 0.037383 1.000000
vt 0.037383 0.000000
vt 0.046729 1.000000
vt 0.046729 0.000000
vt 0.056075 1.000000
vt 0.056075 0.000000
vt 0.065421 1.000000
vt 0.065421 0.000000
vt 0.074766 1.000000
vt 0.074766 0.000000
vt 0.084112 1.000000
vt 0.084112 0.000000
vt 0.093458 1.000000
vt 0.093458 0.000000
vt 0.102804 1.000000
vt 0.102804 0.000000
vt 0.112150 1.000000
vt 0.112150 0.000000
vt 0.121495 1.000000
vt 0.121495 0.000000
vt 0.130841 1.000000
vt 0.130841 0.000000
vt 0.140187 1.000000
vt 0.140187 0.000000
vt 0.149533 1.000000
vt 0.149533 0.000000
vt 0.158879 1.000000
vt 0.158879 0.000000
vt 0.168224 1.000000
vt 0.168224 0.000000
vt 0.177570 1.000000
vt 0.177570 0.000000
vt 0.186916 1.000000
vt 0.186916 0.000000
vt 0.196262 1.000000
vt 0.196262 0.000000
vt 0.205607 1.000000
vt 0.205607 0.000000
vt 0.214953 1.000000
vt 0.214953 0.000000
vt 0.224299 1.000000
vt 0.224299 0.000000
vt 0.233645 1.000000
vt 0.233645 0.000000
vt 0.242991 1.000000
vt 0.242991 0.000000
vt 0.252336 1.000000
vt 0.252336 0.000000
vt 0.261682 1.000000
vt 0.261682 0.000000
vt 0.271028 1.000000
vt 0.271028 0.000000
vt 0.280374 1.000000
vt 0.280374 0.000000
vt 0.289720 1.000000
vt 0.289720 0.000000
vt 0.299065 1.000000
vt 0.299065 0.000000
vt 0.308411 1.000000
vt 0.308411 0.000000
vt 0.317757 1.000000
vt 0.317757 0.000000
vt 0.327103 1.000000
vt 0.327103 0.000000
vt 0.336449 1.000000
vt 0.336449 0.000000
vt 0.345794 1.000000
vt 0.345794 0.000000
vt 0.355140 1.000000
vt 0.355140 0.000000
vt 0.364486 1.000000
vt 0.364486 0.000000
vt 0.373832 1.000000
vt 0.373832 0.000000
vt 0.383178 1.000000
vt 0.383178 0.000000
vt 0.392523 1.000000
vt 0.392523 0.000000
vt 0.401869 1.000000
vt 0.401869 0.000000
vt 0.411215 1.000000
vt 0.411215 0.000000
vt 0.420561 1.000000
vt 0.420561 0.000000
vt 0.429907 1.000000
vt 0.429907 0.000000
vt 0.439252 1.000000
vt 0.439252 0.000000
vt 0.448598 1.000000
vt 0.448598 0.000000
vt 0.457944 1.000000
vt 0.457944 0.000000
vt 0.467290 1.000000
vt 0.467290 0.000000
vt 0.476636 1.000000
vt 0.476636 0.000000
vt 0.485981 1.000000
vt 0.485981 0.000000
vt 0.495327 1.000000
vt 0.495327 0.000000
vt 0.504673 1.000000
vt 0.504673 0.000000
vt 0.514019 1.000000
vt 0.514019 0.000000
vt 0.523364 1.000000
vt 0.523364 0.000000
vt 0.532710 1.000000
vt 0.532710 0.000000
vt 0.542056 1.000000
vt 0.542056 0.000000
vt 0.551402 1.000000
vt 0.551402 0.000000
vt 0.560748 1.000000
vt 0.560748 0.000000
vt 0.570093 1.000000
vt 0.570093 0.000000
vt 0.579439 1.000000
vt 0.579439 0.000000
vt 0.588785 1.000000
vt 0.588785 0.000000
vt 0.598131 1.000000
vt 0.598131 0.000000
vt 0.607477 1.000000
vt 0.607477 0.000000
vt 0.616822 1.000000
vt 0.616822 0.000000
vt 0.626168 1.000000
vt 0.626168 0.000000
vt 0.635514 1.000000
vt 0.635514 0.000000
vt 0.644860 1.000000
vt 0.644860 0.000000
vt 0.654206 1.000000
vt 0.654206 0.000000
vt 0.663551 1.000000
vt 0.663551 0.000000
vt 0.672897 1.000000
vt 0.672897 0.000000
vt 0.682243 1.000000
vt 0.682243 0.000000
vt 0.691589 1.000000
vt 0.691589 0.000000
vt 0.700935 1.000000
vt 0.700935 0.000000
vt 0.710280 1.000000
vt 0.710280 0.000000
vt 0.719626 1.000000
vt 0.719626 0.000000
vt 0.728972 1.000000
vt 0.728972 0.000000
vt 0.738318 1.000000
vt 0.738318 0.000000
vt 0.747664 1.000000
vt 0.747664 0.000000
vt 0.757009 1.000000
vt 0.757009 0.000000
vt 0.766355 1.000000
vt 0.766355 0.000000
vt 0.775701 1.000000
vt 0.775701 0.000000
vt 0.785047 1.000000
vt 0.785047 0.000000
vt 0.794393 1.000000
vt 0.794393 0.000000
vt 0.803738 1.000000
vt 0.803738 0.000000
vt 0.813084 1.000000
vt 0.813084 0.000000
vt 0.822430 1.000000
vt 0.822430 0.000000
vt 0.831776 1.000000
vt 0.831776 0.000000
vt 0.841121 1.000000
vt 0.841121 0.000000
vt 0.850467 1.000000
vt 0.850467 0.000000
vt 0.859813 1.000000
vt 0.859813 0.000000
vt 0.869159 1.000000
vt 0.869159 0.000000
vt 0.878505 1.000000
vt 0.878505 0.000000
vt 0.887850 1.000000
vt 0.887850 0.000000
vt 0.897196 1.000000
vt 0.897196 0.000000
vt 0.906542 1.000000
vt 0.906542 0.000000
vt 0.915888 1.000000
vt 0.915888 0.000000
vt 0.925234 1.000000
vt 0.925234 0.000000
vt 0.934579 1.000000
vt 0.934579 0.000000
vt 0.943925 1.000000
vt 0.943925 0.000000
vt 0.953271 1.000000
vt 0.953271 0.000000
vt 0.962617 1.000000
vt 0.962617 0.000000
vt 0.971963 1.000000
vt 0.971963 0.000000
vt 0.981308 1.000000
vt 0.981308 0.000000
vt 0.990654 1.000000
vt 0.990654 0.000000
vt 0.013514 1.000000
vt 0.013514 0.000000
vt 0.040541 1.000000
vt 0.040541 0.000000
vt 0.067568 1.000000
vt 0.067568 0.000000
vt 0.094595 1.000000
vt 0.094595 0.000000
vt 0.121622 1.000000
vt 0.121622 0.000000
vt 0.148649 1.000000
vt 0.148649 0.000000
vt 0.175676 1.000000
vt 0.175676 0.000000
vt 0.202703 1.000000
vt 0.202703 0.000000
vt 0.229730 1.000000
vt 0.229730 0.000000
vt 0.256757 1.000000
vt 0.256757 0.000000
vt 0.283784 1.000000
vt 0.283784 0.000000
vt 0.310811 1.000000
vt 0.310811 0.000000
vt 0.337838 1.000000
vt 0.337838 0.000000
vt 0.364865 1.000000
vt 0.364865 0.000000
vt 0.391892 1.000000
vt 0.391892 0.000000
vt 0.418919 1.000000
vt 0.418919 0.000000
vt 0.445946 1.000000
vt 0.445946 0.000000
vt 0.472973 1.000000
vt 0.472973 0.000000
vt 0.527027 1.000000
vt 0.527027 0.000000
vt 0.554054 1.000000
vt 0.554054 0.000000
vt 0.581081 1.000000
vt 0.581081 0.000000
vt 0.608108 1.000000
vt 0.608108 0.000000
vt 0.635135 1.000000
vt 0.635135 0.000000
vt 0.662162 1.000000
vt 0.662162 0.000000
vt 0.689189 1.000000
vt 0.689189 0.000000
vt 0.716216 1.000000
vt 0.716216 0.000000
vt 0.743243 1.000000
vt 0.743243 0.000000
vt 0.770270 1.000000
vt 0.770270 0.000000
vt 0.797297 1.000000
vt 0.797297 0.000000
vt 0.824324 1.000000
vt 0.824324 0.000000
vt 0.851351 1.000000
vt 0.851351 0.000000
vt 0.878378 1.000000
vt 0.878378 0.000000
vt 0.905405 1.000000
vt 0.905405 0.000000
vt 0.932432 1.000000
vt 0.932432 0.000000
vt 0.959459 1.000000
vt 0.959459 0.000000
vt 0.986486 1.000000
vt 0.986486 0.000000
vt 0.040000 1.000000
vt 0.040000 0.000000
vt 0.080000 1.000000
vt 0.080000 0.000000
vt 0.120000 1.000000
vt 0.120000 0.000000
vt 0.160000 1.000000
vt 0.160000 0.000000
vt 0.240000 1.000000
vt 0.240000 0.000000
vt 0.280000 1.000000
vt 0.280000 0.000000
vt 0.320000 1.000000
vt 0.320000 0.000000
vt 0.360000 1.000000
vt 0.360000 0.000000
vt 0.440000 1.000000
vt 0.440000 0.000000
vt 0.480000 1.000000
vt 0.480000 0.000000
vt 0.520000 1.000000
vt 0.520000 0.000000
vt 0.560000 1.000000
vt 0.560000 0.000000
vt 0.640000 1.000000
vt 0.640000 0.000000
vt 0.680000 1.000000
vt 0.680000 0.000000
vt 0.720000 1.000000
vt 0.720000 0.000000
vt 0.760000 1.000000
vt 0.760000 0.000000
vt 0.840000 1.000000
vt 0.840000 0.000000
vt 0.880000 1.000000
vt 0.880000 0.000000
vt 0.920000 1.000000
vt 0.920000 0.000000
vt 0.960000 1.000000
vt 0.960000 0.000000
vt 0.142857 1.000000
vt 0.285714 1.000000
vt 0.428571 1.000000
vt 0.571429 1.000000
vt 0.714286 1.000000
vt 0.857143 1.000000
vt 0.018182 1.000000
vt 0.018182 0.000000
vt 0.036364 1.000000
vt 0.036364 0.000000
vt 0.054545 1.000000
vt 0.054545 0.000000
vt 0.072727 1.000000
vt 0.072727 0.000000
vt 0.090909 1.000000
vt 0.090909 0.000000
vt 0.109091 1.000000
vt 0.109091 0.000000
vt 0.127273 1.000000
vt 0.127273 0.000000
vt 0.145455 1.000000
vt 0.145455 0.000000
vt 0.163636 1.000000
vt 0.163636 0.000000
vt 0.181818 1.000000
vt 0.181818 0.000000
vt 0.218182 1.000000
vt 0.218182 0.000000
vt 0.236364 1.000000
vt 0.236364 0.000000
vt 0.254545 1.000000
vt 0.254545 0.000000
vt 0.272727 1.000000
vt 0.272727 0.000000
vt 0.290909 1.000000
vt 0.290909 0.000000
vt 0.309091 1.000000
vt 0.309091 0.000000
vt 0.327273 1.000000
vt 0.327273 0.000000
vt 0.345455 1.000000
vt 0.345455 0.000000
vt 0.363636 1.000000
vt 0.363636 0.000000
vt 0.381818 1.000000
vt 0.381818 0.000000
vt 0.418182 1.000000
vt 0.418182 0.000000
vt 0.436364 1.000000
vt 0.436364 0.000000
vt 0.454545 1.000000
vt 0.454545 0.000000
vt 0.472727 1.000000
vt 0.472727 0.000000
vt 0.490909 1.000000
vt 0.490909 0.000000
vt 0.509091 1.000000
vt 0.509091 0.000000
vt 0.527273 1.000000
vt 0.527273 0.000000
vt 0.545455 1.000000
vt 0.545455 0.000000
vt 0.563636 1.000000
vt 0.563636 0.000000
vt 0.581818 1.000000
vt 0.581818 0.000000
vt 0.618182 1.000000
vt 0.618182 0.000000
vt 0.636364 1.000000
vt 0.636364 0.000000
vt 0.654545 1.000000
vt 0.654545 0.000000
vt 0.672727 1.000000
vt 0.672727 0.000000
vt 0.690909 1.000000
vt 0.690909 0.000000
vt 0.709091 1.000000
vt 0.709091 0.000000
vt 0.727273 1.000000
vt 0.727273 0.000000
vt 0.745455 1.000000
vt 0.745455 0.000000
vt 0.763636 1.000000
vt 0.763636 0.000000
vt 0.781818 1.000000
vt 0.781818 0.000000
vt 0.818182 1.000000
vt 0.818182 0.000000
vt 0.836364 1.000000
vt 0.836364 0.000000
vt 0.854545 1.000000
vt 0.854545 0.000000
vt 0.872727 1.000000
vt 0.872727 0.000000
vt 0.890909 1.000000
vt 0.890909 0.000000
vt 0.909091 1.000000
vt 0.909091 0.000000
vt 0.927273 1.000000
vt 0.927273 0.000000
vt 0.945455 1.000000
vt 0.945455 0.000000
vt 0.963636 1.000000
vt 0.963636 0.000000
vt 0.981818 1.000000
vt 0.981818 0.000000
s 0
usemtl マテリアル
f 13/1/1 15/2/1 14/3/1
f 13/1/1 16/4/1 15/2/1
f 12/5/1 16/4/1 13/1/1
f 12/5/1 17/6/1 16/4/1
f 11/7/1 17/6/1 12/5/1
f 11/7/1 18/8/1 17/6/1
f 11/7/1 19/9/1 18/8/1
f 10/10/1 19/9/1 11/7/1
f 10/10/1 20/11/1 19/9/1
f 53/12/1 55/13/1 54/14/1
f 53/12/1 1/15/1 55/13/1
f 9/16/1 20/11/1 10/10/1
f 9/16/1 21/17/1 20/11/1
f 9/16/1 22/18/1 21/17/1
f 8/19/1 22/18/1 9/16/1
f 8/19/1 23/20/1 22/18/1
f 7/21/1 23/20/1 8/19/1
f 7/21/1 24/22/1 23/20/1
f 7/21/1 25/23/1 24/22/1
f 6/24/1 25/23/1 7/21/1
f 6/24/1 26/25/1 25/23/1
f 5/26/1 26/25/1 6/24/1
f 5/26/1 36/27/1 26/25/1
f 36/27/1 35/28/1 26/25/1
f 35/28/1 34/29/1 26/25/1
f 34/29/1 33/30/1 26/25/1
f 33/30/1 32/31/1 26/25/1
f 32/31/1 31/32/1 26/25/1
f 31/32/1 30/33/1 26/25/1
f 30/33/1 29/34/1 26/25/1
f 29/34/1 28/35/1 26/25/1
f 28/35/1 27/36/1 26/25/1
f 4/37/1 38/38/1 5/26/1
f 38/38/1 37/39/1 5/26/1
f 37/39/1 36/27/1 5/26/1
f 3/40/1 40/41/1 4/37/1
f 40/41/1 39/42/1 4/37/1
f 39/42/1 38/38/1 4/37/1
f 3/40/1 41/43/1 40/41/1
f 3/40/1 42/44/1 41/43/1
f 2/45/1 42/44/1 3/40/1
f 2/45/1 43/46/1 42/44/1
f 2/45/1 44/47/1 43/46/1
f 53/12/1 2/45/1 1/15/1
f 53/12/1 48/48/1 2/45/1
f 48/48/1 47/49/1 2/45/1
f 47/49/1 46/50/1 2/45/1
f 46/50/1 45/51/1 2/45/1
f 45/51/1 44/47/1 2/45/1
f 53/12/1 49/52/1 48/48/1
f 53/12/1 50/53/1 49/52/1
f 53/12/1 51/54/1 50/53/1
f 53/12/1 52/55/1 51/54/1
f 90/56/1 92/57/1 91/58/1
f 90/56/1 93/59/1 92/57/1
f 89/60/1 93/59/1 90/56/1
f 89/60/1 94/61/1 93/59/1
f 88/62/1 94/61/1 89/60/1
f 88/62/1 95/63/1 94/61/1
f 87/64/1 95/63/1 88/62/1
f 87/64/1 96/65/1 95/63/1
f 86/66/1 96/65/1 87/64/1
f 86/66/1 97/67/1 96/65/1
f 85/68/1 97/67/1 86/66/1
f 85/68/1 98/69/1 97/67/1
f 84/70/1 141/71/1 85/68/1
f 141/71/1 98/69/1 85/68/1
f 84/70/1 142/72/1 141/71/1
f 140/73/1 98/69/1 141/71/1
f 84/70/1 143/74/1 142/72/1
f 139/75/1 98/69/1 140/73/1
f 84/70/1 144/76/1 143/74/1
f 138/77/1 98/69/1 139/75/1
f 138/77/1 99/78/1 98/69/1
f 84/70/1 145/79/1 144/76/1
f 83/80/1 145/79/1 84/70/1
f 137/81/1 99/78/1 138/77/1
f 83/80/1 146/82/1 145/79/1
f 136/83/1 99/78/1 137/81/1
f 83/80/1 147/84/1 146/82/1
f 135/85/1 99/78/1 136/83/1
f 83/80/1 148/86/1 147/84/1
f 134/87/1 99/78/1 135/85/1
f 82/88/1 148/86/1 83/80/1
f 134/87/1 100/89/1 99/78/1
f 82/88/1 149/90/1 148/86/1
f 133/91/1 100/89/1 134/87/1
f 82/88/1 150/92/1 149/90/1
f 132/93/1 100/89/1 133/91/1
f 81/94/1 150/92/1 82/88/1
f 132/93/1 101/95/1 100/89/1
f 81/94/1 151/96/1 150/92/1
f 131/97/1 101/95/1 132/93/1
f 81/94/1 152/98/1 151/96/1
f 130/99/1 101/95/1 131/97/1
f 80/100/1 152/98/1 81/94/1
f 80/100/1 153/101/1 152/98/1
f 130/99/1 102/102/1 101/95/1
f 154/13/1 102/102/1 130/99/1
f 80/100/1 154/13/1 153/101/1
f 80/100/1 102/102/1 154/13/1
f 79/103/1 102/102/1 80/100/1
f 79/103/1 103/104/1 102/102/1
f 78/105/1 104/106/1 79/103/1
f 104/106/1 103/104/1 79/103/1
f 78/105/1 105/35/1 104/106/1
f 77/107/1 105/35/1 78/105/1
f 77/107/1 106/108/1 105/35/1
f 77/107/1 107/109/1 106/108/1
f 76/110/1 107/109/1 77/107/1
f 76/110/1 108/111/1 107/109/1
f 75/112/1 108/111/1 76/110/1
f 75/112/1 109/113/1 108/111/1
f 127/114/1 129/115/1 128/116/1
f 75/112/1 110/117/1 109/113/1
f 126/118/1 129/115/1 127/114/1
f 125/119/1 129/115/1 126/118/1
f 74/120/1 110/117/1 75/112/1
f 74/120/1 111/121/1 110/117/1
f 124/122/1 129/115/1 125/119/1
f 123/123/1 129/115/1 124/122/1
f 74/120/1 112/124/1 111/121/1
f 122/125/1 129/115/1 123/123/1
f 74/120/1 113/126/1 112/124/1
f 121/127/1 129/115/1 122/125/1
f 73/128/1 113/126/1 74/120/1
f 120/129/1 129/115/1 121/127/1
f 73/128/1 114/130/1 113/126/1
f 119/131/1 129/115/1 120/129/1
f 73/128/1 115/132/1 114/130/1
f 118/133/1 129/115/1 119/131/1
f 117/134/1 129/115/1 118/133/1
f 73/128/1 116/135/1 115/132/1
f 116/135/1 129/115/1 117/134/1
f 73/128/1 129/115/1 116/135/1
f 72/136/1 129/115/1 73/128/1
f 72/136/1 56/15/1 129/115/1
f 71/137/1 56/15/1 72/136/1
f 71/137/1 57/138/1 56/15/1
f 71/137/1 58/139/1 57/138/1
f 70/140/1 58/139/1 71/137/1
f 70/140/1 59/141/1 58/139/1
f 70/140/1 60/142/1 59/141/1
f 69/143/1 60/142/1 70/140/1
f 69/143/1 61/144/1 60/142/1
f 69/143/1 62/145/1 61/144/1
f 68/146/1 62/145/1 69/143/1
f 68/146/1 63/147/1 62/145/1
f 68/146/1 64/148/1 63/147/1
f 68/146/1 65/149/1 64/148/1
f 67/150/1 65/149/1 68/146/1
f 67/150/1 66/151/1 65/149/1
f 160/50/1 155/15/1 161/13/1
f 160/50/1 156/10/1 155/15/1
f 156/10/1 158/35/1 157/9/1
f 156/10/1 159/39/1 158/35/1
f 160/50/1 159/39/1 156/10/1
f 208/152/1 162/15/1 209/153/1
f 208/152/1 163/154/1 162/15/1
f 207/155/1 163/154/1 208/152/1
f 207/155/1 164/156/1 163/154/1
f 206/157/1 164/156/1 207/155/1
f 206/157/1 165/158/1 164/156/1
f 205/159/1 165/158/1 206/157/1
f 205/159/1 166/160/1 165/158/1
f 204/161/1 166/160/1 205/159/1
f 204/161/1 167/162/1 166/160/1
f 203/163/1 233/164/1 204/161/1
f 233/164/1 167/162/1 204/161/1
f 203/163/1 234/165/1 233/164/1
f 232/166/1 167/162/1 233/164/1
f 231/167/1 167/162/1 232/166/1
f 203/163/1 235/168/1 234/165/1
f 230/169/1 167/162/1 231/167/1
f 203/163/1 236/170/1 235/168/1
f 230/169/1 168/171/1 167/162/1
f 202/172/1 236/170/1 203/163/1
f 229/173/1 168/171/1 230/169/1
f 202/172/1 237/174/1 236/170/1
f 228/175/1 168/171/1 229/173/1
f 202/172/1 238/176/1 237/174/1
f 228/175/1 169/177/1 168/171/1
f 201/178/1 238/176/1 202/172/1
f 227/179/1 169/177/1 228/175/1
f 201/178/1 239/180/1 238/176/1
f 226/181/1 169/177/1 227/179/1
f 201/178/1 240/182/1 239/180/1
f 226/181/1 170/183/1 169/177/1
f 200/184/1 240/182/1 201/178/1
f 225/185/1 170/183/1 226/181/1
f 200/184/1 241/186/1 240/182/1
f 225/185/1 171/187/1 170/183/1
f 199/188/1 241/186/1 200/184/1
f 224/189/1 171/187/1 225/185/1
f 199/188/1 242/190/1 241/186/1
f 223/191/1 171/187/1 224/189/1
f 199/188/1 243/192/1 242/190/1
f 223/191/1 172/193/1 171/187/1
f 198/194/1 243/192/1 199/188/1
f 222/195/1 172/193/1 223/191/1
f 198/194/1 244/196/1 243/192/1
f 222/195/1 173/197/1 172/193/1
f 197/198/1 244/196/1 198/194/1
f 221/199/1 173/197/1 222/195/1
f 197/198/1 245/200/1 244/196/1
f 196/201/1 245/200/1 197/198/1
f 196/201/1 246/202/1 245/200/1
f 220/203/1 173/197/1 221/199/1
f 220/203/1 174/204/1 173/197/1
f 196/201/1 247/205/1 246/202/1
f 219/206/1 174/204/1 220/203/1
f 219/206/1 175/207/1 174/204/1
f 195/208/1 247/205/1 196/201/1
f 195/208/1 248/209/1 247/205/1
f 218/210/1 175/207/1 219/206/1
f 218/210/1 176/211/1 175/207/1
f 194/212/1 248/209/1 195/208/1
f 217/213/1 176/211/1 218/210/1
f 194/212/1 249/214/1 248/209/1
f 217/213/1 177/215/1 176/211/1
f 193/216/1 249/214/1 194/212/1
f 216/217/1 177/215/1 217/213/1
f 193/216/1 250/218/1 249/214/1
f 215/219/1 177/215/1 216/217/1
f 193/216/1 251/220/1 250/218/1
f 215/219/1 178/221/1 177/215/1
f 192/222/1 251/220/1 193/216/1
f 214/223/1 178/221/1 215/219/1
f 192/222/1 252/224/1 251/220/1
f 213/225/1 178/221/1 214/223/1
f 192/222/1 253/226/1 252/224/1
f 213/225/1 179/227/1 178/221/1
f 191/228/1 253/226/1 192/222/1
f 212/229/1 179/227/1 213/225/1
f 191/228/1 254/230/1 253/226/1
f 211/231/1 179/227/1 212/229/1
f 191/228/1 255/232/1 254/230/1
f 211/231/1 180/233/1 179/227/1
f 190/234/1 255/232/1 191/228/1
f 210/235/1 180/233/1 211/231/1
f 190/234/1 256/236/1 255/232/1
f 257/13/1 180/233/1 210/235/1
f 190/234/1 257/13/1 256/236/1
f 190/234/1 180/233/1 257/13/1
f 190/234/1 181/237/1 180/233/1
f 189/238/1 181/237/1 190/234/1
f 189/238/1 182/239/1 181/237/1
f 188/240/1 182/239/1 189/238/1
f 188/240/1 183/241/1 182/239/1
f 187/242/1 183/241/1 188/240/1
f 187/242/1 184/243/1 183/241/1
f 186/244/1 184/243/1 187/242/1
f 186/244/1 185/245/1 184/243/1
f 292/56/1 294/57/1 293/58/1
f 292/56/1 295/59/1 294/57/1
f 291/60/1 295/59/1 292/56/1
f 291/60/1 296/61/1 295/59/1
f 290/62/1 296/61/1 291/60/1
f 290/62/1 297/63/1 296/61/1
f 289/64/1 297/63/1 290/62/1
f 289/64/1 298/65/1 297/63/1
f 288/66/1 298/65/1 289/64/1
f 288/66/1 299/67/1 298/65/1
f 287/68/1 299/67/1 288/66/1
f 287/68/1 300/69/1 299/67/1
f 286/70/1 343/71/1 287/68/1
f 343/71/1 300/69/1 287/68/1
f 286/70/1 344/72/1 343/71/1
f 342/73/1 300/69/1 343/71/1
f 286/70/1 345/74/1 344/72/1
f 341/75/1 300/69/1 342/73/1
f 286/70/1 346/76/1 345/74/1
f 340/77/1 300/69/1 341/75/1
f 340/77/1 301/78/1 300/69/1
f 286/70/1 347/79/1 346/76/1
f 285/80/1 347/79/1 286/70/1
f 339/81/1 301/78/1 340/77/1
f 285/80/1 348/82/1 347/79/1
f 338/83/1 301/78/1 339/81/1
f 285/80/1 349/84/1 348/82/1
f 337/85/1 301/78/1 338/83/1
f 285/80/1 350/86/1 349/84/1
f 336/87/1 301/78/1 337/85/1
f 284/88/1 350/86/1 285/80/1
f 336/87/1 302/89/1 301/78/1
f 284/88/1 351/90/1 350/86/1
f 335/91/1 302/89/1 336/87/1
f 284/88/1 352/92/1 351/90/1
f 334/93/1 302/89/1 335/91/1
f 283/94/1 352/92/1 284/88/1
f 334/93/1 303/95/1 302/89/1
f 283/94/1 353/96/1 352/92/1
f 333/97/1 303/95/1 334/93/1
f 283/94/1 354/98/1 353/96/1
f 332/99/1 303/95/1 333/97/1
f 282/100/1 354/98/1 283/94/1
f 282/100/1 355/101/1 354/98/1
f 332/99/1 304/102/1 303/95/1
f 356/13/1 304/102/1 332/99/1
f 282/100/1 356/13/1 355/101/1
f 282/100/1 304/102/1 356/13/1
f 281/103/1 304/102/1 282/100/1
f 281/103/1 305/104/1 304/102/1
f 280/105/1 306/106/1 281/103/1
f 306/106/1 305/104/1 281/103/1
f 280/105/1 307/35/1 306/106/1
f 279/107/1 307/35/1 280/105/1
f 279/107/1 308/108/1 307/35/1
f 279/107/1 309/109/1 308/108/1
f 278/110/1 309/109/1 279/107/1
f 278/110/1 310/111/1 309/109/1
f 277/112/1 310/111/1 278/110/1
f 277/112/1 311/113/1 310/111/1
f 329/114/1 331/115/1 330/116/1
f 277/112/1 312/117/1 311/113/1
f 328/118/1 331/115/1 329/114/1
f 327/119/1 331/115/1 328/118/1
f 276/120/1 312/117/1 277/112/1
f 276/120/1 313/121/1 312/117/1
f 326/122/1 331/115/1 327/119/1
f 325/123/1 331/115/1 326/122/1
f 276/120/1 314/124/1 313/121/1
f 324/125/1 331/115/1 325/123/1
f 276/120/1 315/126/1 314/124/1
f 323/127/1 331/115/1 324/125/1
f 275/128/1 315/126/1 276/120/1
f 322/129/1 331/115/1 323/127/1
f 275/128/1 316/130/1 315/126/1
f 321/131/1 331/115/1 322/129/1
f 275/128/1 317/132/1 316/130/1
f 320/133/1 331/115/1 321/131/1
f 319/134/1 331/115/1 320/133/1
f 275/128/1 318/135/1 317/132/1
f 318/135/1 331/115/1 319/134/1
f 275/128/1 331/115/1 318/135/1
f 274/136/1 331/115/1 275/128/1
f 274/136/1 258/15/1 331/115/1
f 273/137/1 258/15/1 274/136/1
f 273/137/1 259/138/1 258/15/1
f 273/137/1 260/139/1 259/138/1
f 272/140/1 260/139/1 273/137/1
f 272/140/1 261/141/1 260/139/1
f 272/140/1 262/142/1 261/141/1
f 271/143/1 262/142/1 272/140/1
f 271/143/1 263/144/1 262/142/1
f 271/143/1 264/145/1 263/144/1
f 270/146/1 264/145/1 271/143/1
f 270/146/1 265/147/1 264/145/1
f 270/146/1 266/148/1 265/147/1
f 270/146/1 267/149/1 266/148/1
f 269/150/1 267/149/1 270/146/1
f 269/150/1 268/151/1 267/149/1
f 368/246/1 370/247/1 369/248/1
f 392/249/1 394/250/1 393/251/1
f 367/252/1 370/247/1 368/246/1
f 367/252/1 371/253/1 370/247/1
f 391/254/1 394/250/1 392/249/1
f 391/254/1 395/255/1 394/250/1
f 366/256/1 371/253/1 367/252/1
f 366/256/1 372/257/1 371/253/1
f 390/258/1 395/255/1 391/254/1
f 365/259/1 372/257/1 366/256/1
f 365/259/1 373/260/1 372/257/1
f 390/258/1 396/261/1 395/255/1
f 389/262/1 396/261/1 390/258/1
f 364/263/1 373/260/1 365/259/1
f 461/264/1 463/13/1 462/265/1
f 461/264/1 357/15/1 463/13/1
f 364/263/1 374/266/1 373/260/1
f 388/267/1 396/261/1 389/262/1
f 363/268/1 374/266/1 364/263/1
f 388/267/1 397/269/1 396/261/1
f 363/268/1 375/270/1 374/266/1
f 362/271/1 375/270/1 363/268/1
f 387/272/1 397/269/1 388/267/1
f 362/271/1 376/273/1 375/270/1
f 387/272/1 398/274/1 397/269/1
f 361/275/1 376/273/1 362/271/1
f 386/276/1 398/274/1 387/272/1
f 361/275/1 377/277/1 376/273/1
f 360/278/1 377/277/1 361/275/1
f 385/279/1 398/274/1 386/276/1
f 385/279/1 399/280/1 398/274/1
f 360/278/1 378/281/1 377/277/1
f 359/282/1 378/281/1 360/278/1
f 384/283/1 399/280/1 385/279/1
f 359/282/1 379/284/1 378/281/1
f 358/285/1 379/284/1 359/282/1
f 384/283/1 400/286/1 399/280/1
f 383/287/1 400/286/1 384/283/1
f 358/285/1 380/288/1 379/284/1
f 357/15/1 380/288/1 358/285/1
f 382/289/1 400/286/1 383/287/1
f 382/289/1 420/290/1 400/286/1
f 420/290/1 401/291/1 400/286/1
f 461/264/1 459/292/1 357/15/1
f 459/292/1 458/293/1 357/15/1
f 458/293/1 457/294/1 357/15/1
f 457/294/1 456/295/1 357/15/1
f 456/295/1 455/296/1 357/15/1
f 455/296/1 454/297/1 357/15/1
f 454/297/1 453/298/1 357/15/1
f 453/298/1 452/299/1 357/15/1
f 452/299/1 451/300/1 357/15/1
f 451/300/1 450/301/1 357/15/1
f 450/301/1 449/302/1 357/15/1
f 449/302/1 448/303/1 357/15/1
f 448/303/1 380/288/1 357/15/1
f 448/303/1 447/304/1 380/288/1
f 447/304/1 381/305/1 380/288/1
f 381/305/1 421/306/1 382/289/1
f 421/306/1 420/290/1 382/289/1
f 446/307/1 381/305/1 447/304/1
f 419/308/1 401/291/1 420/290/1
f 381/305/1 422/309/1 421/306/1
f 445/310/1 381/305/1 446/307/1
f 418/311/1 401/291/1 419/308/1
f 381/305/1 423/312/1 422/309/1
f 444/313/1 381/305/1 445/310/1
f 417/314/1 401/291/1 418/311/1
f 381/305/1 424/315/1 423/312/1
f 443/316/1 381/305/1 444/313/1
f 443/316/1 424/315/1 381/305/1
f 416/317/1 401/291/1 417/314/1
f 443/316/1 425/318/1 424/315/1
f 416/317/1 402/319/1 401/291/1
f 442/320/1 425/318/1 443/316/1
f 442/320/1 426/321/1 425/318/1
f 415/322/1 402/319/1 416/317/1
f 442/320/1 427/323/1 426/321/1
f 441/324/1 427/323/1 442/320/1
f 414/325/1 402/319/1 415/322/1
f 441/324/1 428/326/1 427/323/1
f 440/327/1 428/326/1 441/324/1
f 413/328/1 402/319/1 414/325/1
f 440/327/1 429/329/1 428/326/1
f 413/328/1 403/330/1 402/319/1
f 439/331/1 429/329/1 440/327/1
f 439/331/1 430/332/1 429/329/1
f 412/333/1 403/330/1 413/328/1
f 439/331/1 431/334/1 430/332/1
f 438/335/1 431/334/1 439/331/1
f 411/336/1 403/330/1 412/333/1
f 438/335/1 432/337/1 431/334/1
f 411/336/1 404/338/1 403/330/1
f 437/339/1 432/337/1 438/335/1
f 461/264/1 460/340/1 459/292/1
f 437/339/1 433/341/1 432/337/1
f 410/35/1 404/338/1 411/336/1
f 436/342/1 433/341/1 437/339/1
f 409/343/1 404/338/1 410/35/1
f 409/343/1 405/344/1 404/338/1
f 435/345/1 433/341/1 436/342/1
f 408/346/1 405/344/1 409/343/1
f 408/346/1 406/347/1 405/344/1
f 434/348/1 433/341/1 435/345/1
f 407/349/1 406/347/1 408/346/1
f 561/350/1 563/351/1 562/352/1
f 560/353/1 563/351/1 561/350/1
f 560/353/1 564/354/1 563/351/1
f 559/355/1 564/354/1 560/353/1
f 558/356/1 564/354/1 559/355/1
f 558/356/1 565/357/1 564/354/1
f 557/358/1 565/357/1 558/356/1
f 557/358/1 566/359/1 565/357/1
f 556/360/1 566/359/1 557/358/1
f 555/361/1 566/359/1 556/360/1
f 555/361/1 567/362/1 566/359/1
f 554/363/1 567/362/1 555/361/1
f 554/363/1 568/364/1 567/362/1
f 553/365/1 568/364/1 554/363/1
f 552/366/1 568/364/1 553/365/1
f 552/366/1 569/367/1 568/364/1
f 551/368/1 569/367/1 552/366/1
f 551/368/1 570/369/1 569/367/1
f 550/370/1 570/369/1 551/368/1
f 549/371/1 548/372/1 550/370/1
f 548/372/1 547/373/1 550/370/1
f 547/373/1 546/374/1 550/370/1
f 546/374/1 545/375/1 550/370/1
f 545/375/1 544/376/1 550/370/1
f 544/376/1 543/377/1 550/370/1
f 543/377/1 542/378/1 550/370/1
f 542/378/1 541/379/1 550/370/1
f 541/379/1 540/380/1 550/370/1
f 540/380/1 539/381/1 550/370/1
f 539/381/1 570/369/1 550/370/1
f 539/381/1 538/382/1 570/369/1
f 538/382/1 537/383/1 570/369/1
f 537/383/1 571/384/1 570/369/1
f 537/383/1 536/385/1 571/384/1
f 536/385/1 572/386/1 571/384/1
f 535/387/1 572/386/1 536/385/1
f 534/388/1 572/386/1 535/387/1
f 533/389/1 572/386/1 534/388/1
f 532/390/1 572/386/1 533/389/1
f 531/391/1 572/386/1 532/390/1
f 531/391/1 573/392/1 572/386/1
f 530/393/1 573/392/1 531/391/1
f 529/394/1 573/392/1 530/393/1
f 528/395/1 573/392/1 529/394/1
f 528/395/1 574/396/1 573/392/1
f 527/397/1 574/396/1 528/395/1
f 526/398/1 574/396/1 527/397/1
f 526/398/1 575/399/1 574/396/1
f 525/400/1 575/399/1 526/398/1
f 524/401/1 575/399/1 525/400/1
f 523/402/1 637/13/1 524/401/1
f 637/13/1 575/399/1 524/401/1
f 522/403/1 637/13/1 523/402/1
f 521/404/1 637/13/1 522/403/1
f 520/405/1 637/13/1 521/404/1
f 519/406/1 637/13/1 520/405/1
f 519/406/1 601/407/1 637/13/1
f 636/408/1 575/399/1 637/13/1
f 519/406/1 602/409/1 601/407/1
f 518/410/1 602/409/1 519/406/1
f 518/410/1 603/411/1 602/409/1
f 517/412/1 603/411/1 518/410/1
f 517/412/1 604/413/1 603/411/1
f 516/414/1 604/413/1 517/412/1
f 516/414/1 605/415/1 604/413/1
f 516/414/1 606/416/1 605/415/1
f 515/417/1 606/416/1 516/414/1
f 515/417/1 607/418/1 606/416/1
f 514/419/1 607/418/1 515/417/1
f 514/419/1 608/420/1 607/418/1
f 514/419/1 609/421/1 608/420/1
f 513/422/1 609/421/1 514/419/1
f 513/422/1 610/423/1 609/421/1
f 513/422/1 611/424/1 610/423/1
f 512/425/1 611/424/1 513/422/1
f 512/425/1 612/426/1 611/424/1
f 511/427/1 612/426/1 512/425/1
f 511/427/1 613/428/1 612/426/1
f 511/427/1 614/429/1 613/428/1
f 510/430/1 614/429/1 511/427/1
f 510/430/1 615/431/1 614/429/1
f 510/430/1 616/432/1 615/431/1
f 635/433/1 575/399/1 636/408/1
f 509/434/1 616/432/1 510/430/1
f 634/435/1 575/399/1 635/433/1
f 509/434/1 617/436/1 616/432/1
f 633/437/1 575/399/1 634/435/1
f 598/438/1 600/439/1 599/440/1
f 633/437/1 576/441/1 575/399/1
f 509/434/1 618/442/1 617/436/1
f 597/443/1 600/439/1 598/438/1
f 632/444/1 576/441/1 633/437/1
f 632/444/1 577/445/1 576/441/1
f 596/446/1 600/439/1 597/443/1
f 508/447/1 618/442/1 509/434/1
f 508/447/1 619/448/1 618/442/1
f 632/444/1 578/449/1 577/445/1
f 631/450/1 578/449/1 632/444/1
f 595/451/1 600/439/1 596/446/1
f 631/450/1 579/452/1 578/449/1
f 630/453/1 579/452/1 631/450/1
f 594/454/1 600/439/1 595/451/1
f 508/447/1 620/455/1 619/448/1
f 630/453/1 580/456/1 579/452/1
f 593/457/1 600/439/1 594/454/1
f 629/458/1 580/456/1 630/453/1
f 629/458/1 581/459/1 580/456/1
f 592/460/1 600/439/1 593/457/1
f 508/447/1 621/461/1 620/455/1
f 629/458/1 582/462/1 581/459/1
f 628/463/1 582/462/1 629/458/1
f 591/464/1 600/439/1 592/460/1
f 628/463/1 583/465/1 582/462/1
f 507/466/1 621/461/1 508/447/1
f 590/467/1 600/439/1 591/464/1
f 507/466/1 622/468/1 621/461/1
f 627/469/1 583/465/1 628/463/1
f 627/469/1 584/470/1 583/465/1
f 589/471/1 600/439/1 590/467/1
f 627/469/1 585/472/1 584/470/1
f 588/473/1 600/439/1 589/471/1
f 626/474/1 585/472/1 627/469/1
f 626/474/1 586/475/1 585/472/1
f 587/476/1 600/439/1 588/473/1
f 626/474/1 587/476/1 586/475/1
f 507/466/1 623/477/1 622/468/1
f 626/474/1 600/439/1 587/476/1
f 625/478/1 600/439/1 626/474/1
f 507/466/1 624/479/1 623/477/1
f 624/479/1 600/439/1 625/478/1
f 507/466/1 487/480/1 624/479/1
f 487/480/1 600/439/1 624/479/1
f 506/481/1 487/480/1 507/466/1
f 506/481/1 488/482/1 487/480/1
f 486/483/1 600/439/1 487/480/1
f 505/484/1 488/482/1 506/481/1
f 505/484/1 489/485/1 488/482/1
f 485/486/1 600/439/1 486/483/1
f 485/486/1 464/15/1 600/439/1
f 504/487/1 489/485/1 505/484/1
f 504/487/1 490/488/1 489/485/1
f 484/489/1 464/15/1 485/486/1
f 484/489/1 465/490/1 464/15/1
f 504/487/1 491/491/1 490/488/1
f 483/492/1 465/490/1 484/489/1
f 503/493/1 491/491/1 504/487/1
f 483/492/1 466/494/1 465/490/1
f 503/493/1 492/495/1 491/491/1
f 482/496/1 466/494/1 483/492/1
f 482/496/1 467/497/1 466/494/1
f 502/498/1 492/495/1 503/493/1
f 502/498/1 493/499/1 492/495/1
f 481/500/1 467/497/1 482/496/1
f 481/500/1 468/501/1 467/497/1
f 502/498/1 494/502/1 493/499/1
f 480/503/1 468/501/1 481/500/1
f 480/503/1 469/504/1 468/501/1
f 501/505/1 494/502/1 502/498/1
f 501/505/1 495/506/1 494/502/1
f 479/507/1 469/504/1 480/503/1
f 479/507/1 470/508/1 469/504/1
f 501/505/1 496/509/1 495/506/1
f 479/507/1 471/510/1 470/508/1
f 478/511/1 471/510/1 479/507/1
f 500/512/1 496/509/1 501/505/1
f 478/511/1 472/513/1 471/510/1
f 500/512/1 497/514/1 496/509/1
f 477/515/1 472/513/1 478/511/1
f 477/515/1 473/516/1 472/513/1
f 500/512/1 498/517/1 497/514/1
f 476/518/1 473/516/1 477/515/1
f 499/519/1 498/517/1 500/512/1
f 476/518/1 474/520/1 473/516/1
f 475/521/1 474/520/1 476/518/1
f 794/522/1 796/523/1 795/524/1
f 794/522/1 797/525/1 796/523/1
f 793/526/1 797/525/1 794/522/1
f 792/527/1 797/525/1 793/526/1
f 791/206/1 797/525/1 792/527/1
f 790/528/1 797/525/1 791/206/1
f 789/529/1 797/525/1 790/528/1
f 788/530/1 797/525/1 789/529/1
f 787/531/1 638/15/1 788/530/1
f 638/15/1 797/525/1 788/530/1
f 787/531/1 639/532/1 638/15/1
f 786/533/1 798/534/1 787/531/1
f 798/534/1 845/535/1 787/531/1
f 845/535/1 639/532/1 787/531/1
f 844/536/1 639/532/1 845/535/1
f 844/536/1 640/537/1 639/532/1
f 843/538/1 640/537/1 844/536/1
f 786/533/1 799/539/1 798/534/1
f 842/176/1 640/537/1 843/538/1
f 786/533/1 800/540/1 799/539/1
f 841/541/1 640/537/1 842/176/1
f 786/533/1 801/542/1 800/540/1
f 841/541/1 641/543/1 640/537/1
f 840/544/1 641/543/1 841/541/1
f 786/533/1 802/545/1 801/542/1
f 785/546/1 802/545/1 786/533/1
f 839/547/1 641/543/1 840/544/1
f 839/547/1 642/548/1 641/543/1
f 785/546/1 803/549/1 802/545/1
f 838/550/1 642/548/1 839/547/1
f 785/546/1 804/551/1 803/549/1
f 838/550/1 643/552/1 642/548/1
f 837/553/1 643/552/1 838/550/1
f 785/546/1 805/554/1 804/551/1
f 837/553/1 644/555/1 643/552/1
f 784/556/1 805/554/1 785/546/1
f 836/557/1 644/555/1 837/553/1
f 836/557/1 645/558/1 644/555/1
f 784/556/1 806/559/1 805/554/1
f 836/557/1 646/560/1 645/558/1
f 835/561/1 646/560/1 836/557/1
f 784/556/1 807/562/1 806/559/1
f 783/563/1 807/562/1 784/556/1
f 835/561/1 647/564/1 646/560/1
f 834/565/1 647/564/1 835/561/1
f 783/563/1 808/39/1 807/562/1
f 834/565/1 648/566/1 647/564/1
f 833/567/1 648/566/1 834/565/1
f 783/563/1 809/568/1 808/39/1
f 833/567/1 649/569/1 648/566/1
f 782/570/1 809/568/1 783/563/1
f 832/571/1 649/569/1 833/567/1
f 832/571/1 650/572/1 649/569/1
f 782/570/1 810/573/1 809/568/1
f 781/574/1 810/573/1 782/570/1
f 832/571/1 651/575/1 650/572/1
f 831/576/1 651/575/1 832/571/1
f 781/574/1 811/577/1 810/573/1
f 780/578/1 811/577/1 781/574/1
f 831/576/1 652/579/1 651/575/1
f 779/580/1 811/577/1 780/578/1
f 830/581/1 652/579/1 831/576/1
f 779/580/1 812/582/1 811/577/1
f 830/581/1 653/583/1 652/579/1
f 778/584/1 812/582/1 779/580/1
f 829/585/1 653/583/1 830/581/1
f 778/584/1 813/586/1 812/582/1
f 777/587/1 813/586/1 778/584/1
f 829/585/1 654/588/1 653/583/1
f 828/589/1 654/588/1 829/585/1
f 776/590/1 813/586/1 777/587/1
f 776/590/1 814/591/1 813/586/1
f 828/589/1 655/592/1 654/588/1
f 775/593/1 814/591/1 776/590/1
f 827/594/1 655/592/1 828/589/1
f 775/593/1 815/595/1 814/591/1
f 774/596/1 815/595/1 775/593/1
f 827/594/1 656/597/1 655/592/1
f 826/598/1 656/597/1 827/594/1
f 774/596/1 816/599/1 815/595/1
f 773/600/1 816/599/1 774/596/1
f 825/601/1 656/597/1 826/598/1
f 825/601/1 657/602/1 656/597/1
f 773/600/1 817/603/1 816/599/1
f 772/604/1 817/603/1 773/600/1
f 824/605/1 657/602/1 825/601/1
f 772/604/1 818/606/1 817/603/1
f 824/605/1 658/607/1 657/602/1
f 771/608/1 818/606/1 772/604/1
f 823/609/1 658/607/1 824/605/1
f 771/608/1 819/610/1 818/606/1
f 822/611/1 658/607/1 823/609/1
f 771/608/1 820/612/1 819/610/1
f 770/613/1 820/612/1 771/608/1
f 821/614/1 658/607/1 822/611/1
f 770/613/1 821/614/1 820/612/1
f 770/613/1 658/607/1 821/614/1
f 770/613/1 659/615/1 658/607/1
f 769/616/1 659/615/1 770/613/1
f 769/616/1 660/617/1 659/615/1
f 768/618/1 660/617/1 769/616/1
f 768/618/1 661/619/1 660/617/1
f 767/620/1 661/619/1 768/618/1
f 766/621/1 661/619/1 767/620/1
f 766/621/1 662/622/1 661/619/1
f 765/623/1 662/622/1 766/621/1
f 765/623/1 663/624/1 662/622/1
f 764/625/1 663/624/1 765/623/1
f 763/626/1 663/624/1 764/625/1
f 762/627/1 663/624/1 763/626/1
f 762/627/1 664/628/1 663/624/1
f 761/629/1 664/628/1 762/627/1
f 760/630/1 664/628/1 761/629/1
f 759/631/1 664/628/1 760/630/1
f 759/631/1 665/632/1 664/628/1
f 758/633/1 665/632/1 759/631/1
f 757/634/1 665/632/1 758/633/1
f 756/635/1 665/632/1 757/634/1
f 756/635/1 666/636/1 665/632/1
f 755/637/1 666/636/1 756/635/1
f 755/637/1 667/638/1 666/636/1
f 754/639/1 667/638/1 755/637/1
f 754/639/1 668/640/1 667/638/1
f 753/641/1 668/640/1 754/639/1
f 753/641/1 669/642/1 668/640/1
f 752/643/1 669/642/1 753/641/1
f 752/643/1 670/644/1 669/642/1
f 752/643/1 671/645/1 670/644/1
f 751/646/1 671/645/1 752/643/1
f 751/646/1 672/647/1 671/645/1
f 750/648/1 672/647/1 751/646/1
f 750/648/1 673/649/1 672/647/1
f 749/650/1 673/649/1 750/648/1
f 748/651/1 673/649/1 749/650/1
f 748/651/1 674/652/1 673/649/1
f 747/653/1 674/652/1 748/651/1
f 747/653/1 675/654/1 674/652/1
f 746/655/1 675/654/1 747/653/1
f 746/655/1 676/656/1 675/654/1
f 745/657/1 676/656/1 746/655/1
f 745/657/1 677/658/1 676/656/1
f 744/659/1 677/658/1 745/657/1
f 744/659/1 678/660/1 677/658/1
f 743/661/1 678/660/1 744/659/1
f 743/661/1 679/662/1 678/660/1
f 742/663/1 679/662/1 743/661/1
f 742/663/1 680/664/1 679/662/1
f 741/665/1 680/664/1 742/663/1
f 741/665/1 681/666/1 680/664/1
f 740/184/1 681/666/1 741/665/1
f 740/184/1 682/667/1 681/666/1
f 739/668/1 682/667/1 740/184/1
f 739/668/1 683/669/1 682/667/1
f 738/670/1 683/669/1 739/668/1
f 738/670/1 684/671/1 683/669/1
f 737/672/1 684/671/1 738/670/1
f 737/672/1 685/673/1 684/671/1
f 736/674/1 685/673/1 737/672/1
f 736/674/1 686/675/1 685/673/1
f 735/676/1 686/675/1 736/674/1
f 735/676/1 687/677/1 686/675/1
f 734/678/1 687/677/1 735/676/1
f 734/678/1 688/679/1 687/677/1
f 733/680/1 688/679/1 734/678/1
f 733/680/1 689/237/1 688/679/1
f 732/681/1 689/237/1 733/680/1
f 731/682/1 689/237/1 732/681/1
f 731/682/1 690/683/1 689/237/1
f 730/684/1 690/683/1 731/682/1
f 730/684/1 691/685/1 690/683/1
f 729/686/1 691/685/1 730/684/1
f 729/686/1 692/687/1 691/685/1
f 728/688/1 692/687/1 729/686/1
f 728/688/1 693/689/1 692/687/1
f 727/690/1 893/13/1 728/688/1
f 893/13/1 693/689/1 728/688/1
f 893/13/1 892/691/1 693/689/1
f 892/691/1 694/692/1 693/689/1
f 727/690/1 846/693/1 893/13/1
f 891/694/1 694/692/1 892/691/1
f 727/690/1 847/695/1 846/693/1
f 890/696/1 694/692/1 891/694/1
f 727/690/1 848/697/1 847/695/1
f 726/698/1 848/697/1 727/690/1
f 889/699/1 694/692/1 890/696/1
f 726/698/1 849/700/1 848/697/1
f 888/701/1 694/692/1 889/699/1
f 726/698/1 850/702/1 849/700/1
f 887/703/1 694/692/1 888/701/1
f 887/703/1 695/704/1 694/692/1
f 726/698/1 851/705/1 850/702/1
f 886/706/1 695/704/1 887/703/1
f 725/707/1 851/705/1 726/698/1
f 725/707/1 852/708/1 851/705/1
f 885/709/1 695/704/1 886/706/1
f 885/709/1 696/710/1 695/704/1
f 725/707/1 853/711/1 852/708/1
f 724/712/1 853/711/1 725/707/1
f 884/713/1 696/710/1 885/709/1
f 724/712/1 854/714/1 853/711/1
f 883/715/1 696/710/1 884/713/1
f 883/715/1 697/716/1 696/710/1
f 724/712/1 855/717/1 854/714/1
f 723/9/1 855/717/1 724/712/1
f 882/718/1 697/716/1 883/715/1
f 723/9/1 856/719/1 855/717/1
f 882/718/1 698/720/1 697/716/1
f 722/721/1 856/719/1 723/9/1
f 722/721/1 857/722/1 856/719/1
f 881/723/1 698/720/1 882/718/1
f 881/723/1 699/724/1 698/720/1
f 722/721/1 858/725/1 857/722/1
f 721/726/1 858/725/1 722/721/1
f 880/727/1 699/724/1 881/723/1
f 721/726/1 859/728/1 858/725/1
f 879/729/1 699/724/1 880/727/1
f 879/729/1 700/730/1 699/724/1
f 721/726/1 860/731/1 859/728/1
f 878/732/1 700/730/1 879/729/1
f 720/733/1 860/731/1 721/726/1
f 720/733/1 861/734/1 860/731/1
f 877/735/1 700/730/1 878/732/1
f 720/733/1 862/736/1 861/734/1
f 877/735/1 701/737/1 700/730/1
f 876/738/1 701/737/1 877/735/1
f 719/739/1 862/736/1 720/733/1
f 719/739/1 863/740/1 862/736/1
f 875/741/1 701/737/1 876/738/1
f 719/739/1 864/742/1 863/740/1
f 874/743/1 701/737/1 875/741/1
f 719/739/1 865/744/1 864/742/1
f 874/743/1 702/745/1 701/737/1
f 873/746/1 702/745/1 874/743/1
f 718/747/1 865/744/1 719/739/1
f 718/747/1 866/748/1 865/744/1
f 872/749/1 702/745/1 873/746/1
f 718/747/1 867/750/1 866/748/1
f 871/751/1 702/745/1 872/749/1
f 718/747/1 868/752/1 867/750/1
f 870/753/1 702/745/1 871/751/1
f 718/747/1 869/754/1 868/752/1
f 869/754/1 702/745/1 870/753/1
f 718/747/1 702/745/1 869/754/1
f 718/747/1 703/755/1 702/745/1
f 717/756/1 703/755/1 718/747/1
f 717/756/1 704/757/1 703/755/1
f 716/758/1 704/757/1 717/756/1
f 715/759/1 704/757/1 716/758/1
f 715/759/1 705/760/1 704/757/1
f 714/761/1 705/760/1 715/759/1
f 714/761/1 706/762/1 705/760/1
f 713/763/1 706/762/1 714/761/1
f 713/763/1 707/764/1 706/762/1
f 712/765/1 707/764/1 713/763/1
f 712/765/1 708/766/1 707/764/1
f 711/767/1 708/766/1 712/765/1
f 711/767/1 709/768/1 708/766/1
f 710/769/1 709/768/1 711/767/1
f 906/1/2 907/3/2 908/2/2
f 906/1/2 908/2/2 909/4/2
f 905/5/2 906/1/2 909/4/2
f 905/5/2 909/4/2 910/6/2
f 904/7/2 905/5/2 910/6/2
f 904/7/2 910/6/2 911/8/2
f 904/7/2 911/8/2 912/9/2
f 903/10/2 904/7/2 912/9/2
f 903/10/2 912/9/2 913/11/2
f 946/12/2 947/14/2 948/13/2
f 946/12/2 948/13/2 894/15/2
f 902/16/2 903/10/2 913/11/2
f 902/16/2 913/11/2 914/17/2
f 902/16/2 914/17/2 915/18/2
f 901/19/2 902/16/2 915/18/2
f 901/19/2 915/18/2 916/20/2
f 900/21/2 901/19/2 916/20/2
f 900/21/2 916/20/2 917/22/2
f 900/21/2 917/22/2 918/23/2
f 899/24/2 900/21/2 918/23/2
f 899/24/2 918/23/2 919/25/2
f 898/26/2 899/24/2 919/25/2
f 898/26/2 919/25/2 929/27/2
f 929/27/2 919/25/2 928/28/2
f 928/28/2 919/25/2 927/29/2
f 927/29/2 919/25/2 926/30/2
f 926/30/2 919/25/2 925/31/2
f 925/31/2 919/25/2 924/32/2
f 924/32/2 919/25/2 923/33/2
f 923/33/2 919/25/2 922/34/2
f 922/34/2 919/25/2 921/35/2
f 921/35/2 919/25/2 920/36/2
f 897/37/2 898/26/2 931/38/2
f 931/38/2 898/26/2 930/39/2
f 930/39/2 898/26/2 929/27/2
f 896/40/2 897/37/2 933/41/2
f 933/41/2 897/37/2 932/42/2
f 932/42/2 897/37/2 931/38/2
f 896/40/2 933/41/2 934/43/2
f 896/40/2 934/43/2 935/44/2
f 895/45/2 896/40/2 935/44/2
f 895/45/2 935/44/2 936/46/2
f 895/45/2 936/46/2 937/47/2
f 946/12/2 894/15/2 895/45/2
f 946/12/2 895/45/2 941/48/2
f 941/48/2 895/45/2 940/49/2
f 940/49/2 895/45/2 939/50/2
f 939/50/2 895/45/2 938/51/2
f 938/51/2 895/45/2 937/47/2
f 946/12/2 941/48/2 942/52/2
f 946/12/2 942/52/2 943/53/2
f 946/12/2 943/53/2 944/54/2
f 946/12/2 944/54/2 945/55/2
f 983/56/2 984/58/2 985/57/2
f 983/56/2 985/57/2 986/59/2
f 982/60/2 983/56/2 986/59/2
f 982/60/2 986/59/2 987/61/2
f 981/62/2 982/60/2 987/61/2
f 981/62/2 987/61/2 988/63/2
f 980/64/2 981/62/2 988/63/2
f 980/64/2 988/63/2 989/65/2
f 979/66/2 980/64/2 989/65/2
f 979/66/2 989/65/2 990/67/2
f 978/68/2 979/66/2 990/67/2
f 978/68/2 990/67/2 991/69/2
f 977/70/2 978/68/2 1034/71/2
f 1034/71/2 978/68/2 991/69/2
f 977/70/2 1034/71/2 1035/72/2
f 1033/73/2 1034/71/2 991/69/2
f 977/70/2 1035/72/2 1036/74/2
f 1032/75/2 1033/73/2 991/69/2
f 977/70/2 1036/74/2 1037/76/2
f 1031/77/2 1032/75/2 991/69/2
f 1031/77/2 991/69/2 992/78/2
f 977/70/2 1037/76/2 1038/79/2
f 976/80/2 977/70/2 1038/79/2
f 1030/81/2 1031/77/2 992/78/2
f 976/80/2 1038/79/2 1039/82/2
f 1029/83/2 1030/81/2 992/78/2
f 976/80/2 1039/82/2 1040/84/2
f 1028/85/2 1029/83/2 992/78/2
f 976/80/2 1040/84/2 1041/86/2
f 1027/87/2 1028/85/2 992/78/2
f 975/88/2 976/80/2 1041/86/2
f 1027/87/2 992/78/2 993/89/2
f 975/88/2 1041/86/2 1042/90/2
f 1026/91/2 1027/87/2 993/89/2
f 975/88/2 1042/90/2 1043/92/2
f 1025/93/2 1026/91/2 993/89/2
f 974/94/2 975/88/2 1043/92/2
f 1025/93/2 993/89/2 994/95/2
f 974/94/2 1043/92/2 1044/96/2
f 1024/97/2 1025/93/2 994/95/2
f 974/94/2 1044/96/2 1045/98/2
f 1023/99/2 1024/97/2 994/95/2
f 973/100/2 974/94/2 1045/98/2
f 973/100/2 1045/98/2 1046/101/2
f 1023/99/2 994/95/2 995/102/2
f 1047/13/2 1023/99/2 995/102/2
f 973/100/2 1046/101/2 1047/13/2
f 973/100/2 1047/13/2 995/102/2
f 972/103/2 973/100/2 995/102/2
f 972/103/2 995/102/2 996/104/2
f 971/105/2 972/103/2 997/106/2
f 997/106/2 972/103/2 996/104/2
f 971/105/2 997/106/2 998/35/2
f 970/107/2 971/105/2 998/35/2
f 970/107/2 998/35/2 999/108/2
f 970/107/2 999/108/2 1000/109/2
f 969/110/2 970/107/2 1000/109/2
f 969/110/2 1000/109/2 1001/111/2
f 968/112/2 969/110/2 1001/111/2
f 968/112/2 1001/111/2 1002/113/2
f 1020/114/2 1021/116/2 1022/115/2
f 968/112/2 1002/113/2 1003/117/2
f 1019/118/2 1020/114/2 1022/115/2
f 1018/119/2 1019/118/2 1022/115/2
f 967/120/2 968/112/2 1003/117/2
f 967/120/2 1003/117/2 1004/121/2
f 1017/122/2 1018/119/2 1022/115/2
f 1016/123/2 1017/122/2 1022/115/2
f 967/120/2 1004/121/2 1005/124/2
f 1015/125/2 1016/123/2 1022/115/2
f 967/120/2 1005/124/2 1006/126/2
f 1014/127/2 1015/125/2 1022/115/2
f 966/128/2 967/120/2 1006/126/2
f 1013/129/2 1014/127/2 1022/115/2
f 966/128/2 1006/126/2 1007/130/2
f 1012/131/2 1013/129/2 1022/115/2
f 966/128/2 1007/130/2 1008/132/2
f 1011/133/2 1012/131/2 1022/115/2
f 1010/134/2 1011/133/2 1022/115/2
f 966/128/2 1008/132/2 1009/135/2
f 1009/135/2 1010/134/2 1022/115/2
f 966/128/2 1009/135/2 1022/115/2
f 965/136/2 966/128/2 1022/115/2
f 965/136/2 1022/115/2 949/15/2
f 964/137/2 965/136/2 949/15/2
f 964/137/2 949/15/2 950/138/2
f 964/137/2 950/138/2 951/139/2
f 963/140/2 964/137/2 951/139/2
f 963/140/2 951/139/2 952/141/2
f 963/140/2 952/141/2 953/142/2
f 962/143/2 963/140/2 953/142/2
f 962/143/2 953/142/2 954/144/2
f 962/143/2 954/144/2 955/145/2
f 961/146/2 962/143/2 955/145/2
f 961/146/2 955/145/2 956/147/2
f 961/146/2 956/147/2 957/148/2
f 961/146/2 957/148/2 958/149/2
f 960/150/2 961/146/2 958/149/2
f 960/150/2 958/149/2 959/151/2
f 1053/50/2 1054/13/2 1048/15/2
f 1053/50/2 1048/15/2 1049/10/2
f 1049/10/2 1050/9/2 1051/35/2
f 1049/10/2 1051/35/2 1052/39/2
f 1053/50/2 1049/10/2 1052/39/2
f 1101/152/2 1102/153/2 1055/15/2
f 1101/152/2 1055/15/2 1056/154/2
f 1100/155/2 1101/152/2 1056/154/2
f 1100/155/2 1056/154/2 1057/156/2
f 1099/157/2 1100/155/2 1057/156/2
f 1099/157/2 1057/156/2 1058/158/2
f 1098/159/2 1099/157/2 1058/158/2
f 1098/159/2 1058/158/2 1059/160/2
f 1097/161/2 1098/159/2 1059/160/2
f 1097/161/2 1059/160/2 1060/162/2
f 1096/163/2 1097/161/2 1126/164/2
f 1126/164/2 1097/161/2 1060/162/2
f 1096/163/2 1126/164/2 1127/165/2
f 1125/166/2 1126/164/2 1060/162/2
f 1124/167/2 1125/166/2 1060/162/2
f 1096/163/2 1127/165/2 1128/168/2
f 1123/169/2 1124/167/2 1060/162/2
f 1096/163/2 1128/168/2 1129/170/2
f 1123/169/2 1060/162/2 1061/171/2
f 1095/172/2 1096/163/2 1129/170/2
f 1122/173/2 1123/169/2 1061/171/2
f 1095/172/2 1129/170/2 1130/174/2
f 1121/175/2 1122/173/2 1061/171/2
f 1095/172/2 1130/174/2 1131/176/2
f 1121/175/2 1061/171/2 1062/177/2
f 1094/178/2 1095/172/2 1131/176/2
f 1120/179/2 1121/175/2 1062/177/2
f 1094/178/2 1131/176/2 1132/180/2
f 1119/181/2 1120/179/2 1062/177/2
f 1094/178/2 1132/180/2 1133/182/2
f 1119/181/2 1062/177/2 1063/183/2
f 1093/184/2 1094/178/2 1133/182/2
f 1118/185/2 1119/181/2 1063/183/2
f 1093/184/2 1133/182/2 1134/186/2
f 1118/185/2 1063/183/2 1064/187/2
f 1092/188/2 1093/184/2 1134/186/2
f 1117/189/2 1118/185/2 1064/187/2
f 1092/188/2 1134/186/2 1135/190/2
f 1116/191/2 1117/189/2 1064/187/2
f 1092/188/2 1135/190/2 1136/192/2
f 1116/191/2 1064/187/2 1065/193/2
f 1091/194/2 1092/188/2 1136/192/2
f 1115/195/2 1116/191/2 1065/193/2
f 1091/194/2 1136/192/2 1137/196/2
f 1115/195/2 1065/193/2 1066/197/2
f 1090/198/2 1091/194/2 1137/196/2
f 1114/199/2 1115/195/2 1066/197/2
f 1090/198/2 1137/196/2 1138/200/2
f 1089/201/2 1090/198/2 1138/200/2
f 1089/201/2 1138/200/2 1139/202/2
f 1113/203/2 1114/199/2 1066/197/2
f 1113/203/2 1066/197/2 1067/204/2
f 1089/201/2 1139/202/2 1140/205/2
f 1112/206/2 1113/203/2 1067/204/2
f 1112/206/2 1067/204/2 1068/207/2
f 1088/208/2 1089/201/2 1140/205/2
f 1088/208/2 1140/205/2 1141/209/2
f 1111/210/2 1112/206/2 1068/207/2
f 1111/210/2 1068/207/2 1069/211/2
f 1087/212/2 1088/208/2 1141/209/2
f 1110/213/2 1111/210/2 1069/211/2
f 1087/212/2 1141/209/2 1142/214/2
f 1110/213/2 1069/211/2 1070/215/2
f 1086/216/2 1087/212/2 1142/214/2
f 1109/217/2 1110/213/2 1070/215/2
f 1086/216/2 1142/214/2 1143/218/2
f 1108/219/2 1109/217/2 1070/215/2
f 1086/216/2 1143/218/2 1144/220/2
f 1108/219/2 1070/215/2 1071/221/2
f 1085/222/2 1086/216/2 1144/220/2
f 1107/223/2 1108/219/2 1071/221/2
f 1085/222/2 1144/220/2 1145/224/2
f 1106/225/2 1107/223/2 1071/221/2
f 1085/222/2 1145/224/2 1146/226/2
f 1106/225/2 1071/221/2 1072/227/2
f 1084/228/2 1085/222/2 1146/226/2
f 1105/229/2 1106/225/2 1072/227/2
f 1084/228/2 1146/226/2 1147/230/2
f 1104/231/2 1105/229/2 1072/227/2
f 1084/228/2 1147/230/2 1148/232/2
f 1104/231/2 1072/227/2 1073/233/2
f 1083/234/2 1084/228/2 1148/232/2
f 1103/235/2 1104/231/2 1073/233/2
f 1083/234/2 1148/232/2 1149/236/2
f 1150/13/2 1103/235/2 1073/233/2
f 1083/234/2 1149/236/2 1150/13/2
f 1083/234/2 1150/13/2 1073/233/2
f 1083/234/2 1073/233/2 1074/237/2
f 1082/238/2 1083/234/2 1074/237/2
f 1082/238/2 1074/237/2 1075/239/2
f 1081/240/2 1082/238/2 1075/239/2
f 1081/240/2 1075/239/2 1076/241/2
f 1080/242/2 1081/240/2 1076/241/2
f 1080/242/2 1076/241/2 1077/243/2
f 1079/244/2 1080/242/2 1077/243/2
f 1079/244/2 1077/243/2 1078/245/2
f 1185/56/2 1186/58/2 1187/57/2
f 1185/56/2 1187/57/2 1188/59/2
f 1184/60/2 1185/56/2 1188/59/2
f 1184/60/2 1188/59/2 1189/61/2
f 1183/62/2 1184/60/2 1189/61/2
f 1183/62/2 1189/61/2 1190/63/2
f 1182/64/2 1183/62/2 1190/63/2
f 1182/64/2 1190/63/2 1191/65/2
f 1181/66/2 1182/64/2 1191/65/2
f 1181/66/2 1191/65/2 1192/67/2
f 1180/68/2 1181/66/2 1192/67/2
f 1180/68/2 1192/67/2 1193/69/2
f 1179/70/2 1180/68/2 1236/71/2
f 1236/71/2 1180/68/2 1193/69/2
f 1179/70/2 1236/71/2 1237/72/2
f 1235/73/2 1236/71/2 1193/69/2
f 1179/70/2 1237/72/2 1238/74/2
f 1234/75/2 1235/73/2 1193/69/2
f 1179/70/2 1238/74/2 1239/76/2
f 1233/77/2 1234/75/2 1193/69/2
f 1233/77/2 1193/69/2 1194/78/2
f 1179/70/2 1239/76/2 1240/79/2
f 1178/80/2 1179/70/2 1240/79/2
f 1232/81/2 1233/77/2 1194/78/2
f 1178/80/2 1240/79/2 1241/82/2
f 1231/83/2 1232/81/2 1194/78/2
f 1178/80/2 1241/82/2 1242/84/2
f 1230/85/2 1231/83/2 1194/78/2
f 1178/80/2 1242/84/2 1243/86/2
f 1229/87/2 1230/85/2 1194/78/2
f 1177/88/2 1178/80/2 1243/86/2
f 1229/87/2 1194/78/2 1195/89/2
f 1177/88/2 1243/86/2 1244/90/2
f 1228/91/2 1229/87/2 1195/89/2
f 1177/88/2 1244/90/2 1245/92/2
f 1227/93/2 1228/91/2 1195/89/2
f 1176/94/2 1177/88/2 1245/92/2
f 1227/93/2 1195/89/2 1196/95/2
f 1176/94/2 1245/92/2 1246/96/2
f 1226/97/2 1227/93/2 1196/95/2
f 1176/94/2 1246/96/2 1247/98/2
f 1225/99/2 1226/97/2 1196/95/2
f 1175/100/2 1176/94/2 1247/98/2
f 1175/100/2 1247/98/2 1248/101/2
f 1225/99/2 1196/95/2 1197/102/2
f 1249/13/2 1225/99/2 1197/102/2
f 1175/100/2 1248/101/2 1249/13/2
f 1175/100/2 1249/13/2 1197/102/2
f 1174/103/2 1175/100/2 1197/102/2
f 1174/103/2 1197/102/2 1198/104/2
f 1173/105/2 1174/103/2 1199/106/2
f 1199/106/2 1174/103/2 1198/104/2
f 1173/105/2 1199/106/2 1200/35/2
f 1172/107/2 1173/105/2 1200/35/2
f 1172/107/2 1200/35/2 1201/108/2
f 1172/107/2 1201/108/2 1202/109/2
f 1171/110/2 1172/107/2 1202/109/2
f 1171/110/2 1202/109/2 1203/111/2
f 1170/112/2 1171/110/2 1203/111/2
f 1170/112/2 1203/111/2 1204/113/2
f 1222/114/2 1223/116/2 1224/115/2
f 1170/112/2 1204/113/2 1205/117/2
f 1221/118/2 1222/114/2 1224/115/2
f 1220/119/2 1221/118/2 1224/115/2
f 1169/120/2 1170/112/2 1205/117/2
f 1169/120/2 1205/117/2 1206/121/2
f 1219/122/2 1220/119/2 1224/115/2
f 1218/123/2 1219/122/2 1224/115/2
f 1169/120/2 1206/121/2 1207/124/2
f 1217/125/2 1218/123/2 1224/115/2
f 1169/120/2 1207/124/2 1208/126/2
f 1216/127/2 1217/125/2 1224/115/2
f 1168/128/2 1169/120/2 1208/126/2
f 1215/129/2 1216/127/2 1224/115/2
f 1168/128/2 1208/126/2 1209/130/2
f 1214/131/2 1215/129/2 1224/115/2
f 1168/128/2 1209/130/2 1210/132/2
f 1213/133/2 1214/131/2 1224/115/2
f 1212/134/2 1213/133/2 1224/115/2
f 1168/128/2 1210/132/2 1211/135/2
f 1211/135/2 1212/134/2 1224/115/2
f 1168/128/2 1211/135/2 1224/115/2
f 1167/136/2 1168/128/2 1224/115/2
f 1167/136/2 1224/115/2 1151/15/2
f 1166/137/2 1167/136/2 1151/15/2
f 1166/137/2 1151/15/2 1152/138/2
f 1166/137/2 1152/138/2 1153/139/2
f 1165/140/2 1166/137/2 1153/139/2
f 1165/140/2 1153/139/2 1154/141/2
f 1165/140/2 1154/141/2 1155/142/2
f 1164/143/2 1165/140/2 1155/142/2
f 1164/143/2 1155/142/2 1156/144/2
f 1164/143/2 1156/144/2 1157/145/2
f 1163/146/2 1164/143/2 1157/145/2
f 1163/146/2 1157/145/2 1158/147/2
f 1163/146/2 1158/147/2 1159/148/2
f 1163/146/2 1159/148/2 1160/149/2
f 1162/150/2 1163/146/2 1160/149/2
f 1162/150/2 1160/149/2 1161/151/2
f 1261/246/2 1262/248/2 1263/247/2
f 1285/249/2 1286/251/2 1287/250/2
f 1260/252/2 1261/246/2 1263/247/2
f 1260/252/2 1263/247/2 1264/253/2
f 1284/254/2 1285/249/2 1287/250/2
f 1284/254/2 1287/250/2 1288/255/2
f 1259/256/2 1260/252/2 1264/253/2
f 1259/256/2 1264/253/2 1265/257/2
f 1283/258/2 1284/254/2 1288/255/2
f 1258/259/2 1259/256/2 1265/257/2
f 1258/259/2 1265/257/2 1266/260/2
f 1283/258/2 1288/255/2 1289/261/2
f 1282/262/2 1283/258/2 1289/261/2
f 1257/263/2 1258/259/2 1266/260/2
f 1354/264/2 1355/265/2 1356/13/2
f 1354/264/2 1356/13/2 1250/15/2
f 1257/263/2 1266/260/2 1267/266/2
f 1281/267/2 1282/262/2 1289/261/2
f 1256/268/2 1257/263/2 1267/266/2
f 1281/267/2 1289/261/2 1290/269/2
f 1256/268/2 1267/266/2 1268/270/2
f 1255/271/2 1256/268/2 1268/270/2
f 1280/272/2 1281/267/2 1290/269/2
f 1255/271/2 1268/270/2 1269/273/2
f 1280/272/2 1290/269/2 1291/274/2
f 1254/275/2 1255/271/2 1269/273/2
f 1279/276/2 1280/272/2 1291/274/2
f 1254/275/2 1269/273/2 1270/277/2
f 1253/278/2 1254/275/2 1270/277/2
f 1278/279/2 1279/276/2 1291/274/2
f 1278/279/2 1291/274/2 1292/280/2
f 1253/278/2 1270/277/2 1271/281/2
f 1252/282/2 1253/278/2 1271/281/2
f 1277/283/2 1278/279/2 1292/280/2
f 1252/282/2 1271/281/2 1272/284/2
f 1251/285/2 1252/282/2 1272/284/2
f 1277/283/2 1292/280/2 1293/286/2
f 1276/287/2 1277/283/2 1293/286/2
f 1251/285/2 1272/284/2 1273/288/2
f 1250/15/2 1251/285/2 1273/288/2
f 1275/289/2 1276/287/2 1293/286/2
f 1275/289/2 1293/286/2 1313/290/2
f 1313/290/2 1293/286/2 1294/291/2
f 1354/264/2 1250/15/2 1352/292/2
f 1352/292/2 1250/15/2 1351/293/2
f 1351/293/2 1250/15/2 1350/294/2
f 1350/294/2 1250/15/2 1349/295/2
f 1349/295/2 1250/15/2 1348/296/2
f 1348/296/2 1250/15/2 1347/297/2
f 1347/297/2 1250/15/2 1346/298/2
f 1346/298/2 1250/15/2 1345/299/2
f 1345/299/2 1250/15/2 1344/300/2
f 1344/300/2 1250/15/2 1343/301/2
f 1343/301/2 1250/15/2 1342/302/2
f 1342/302/2 1250/15/2 1341/303/2
f 1341/303/2 1250/15/2 1273/288/2
f 1341/303/2 1273/288/2 1340/304/2
f 1340/304/2 1273/288/2 1274/305/2
f 1274/305/2 1275/289/2 1314/306/2
f 1314/306/2 1275/289/2 1313/290/2
f 1339/307/2 1340/304/2 1274/305/2
f 1312/308/2 1313/290/2 1294/291/2
f 1274/305/2 1314/306/2 1315/309/2
f 1338/310/2 1339/307/2 1274/305/2
f 1311/311/2 1312/308/2 1294/291/2
f 1274/305/2 1315/309/2 1316/312/2
f 1337/313/2 1338/310/2 1274/305/2
f 1310/314/2 1311/311/2 1294/291/2
f 1274/305/2 1316/312/2 1317/315/2
f 1336/316/2 1337/313/2 1274/305/2
f 1336/316/2 1274/305/2 1317/315/2
f 1309/317/2 1310/314/2 1294/291/2
f 1336/316/2 1317/315/2 1318/318/2
f 1309/317/2 1294/291/2 1295/319/2
f 1335/320/2 1336/316/2 1318/318/2
f 1335/320/2 1318/318/2 1319/321/2
f 1308/322/2 1309/317/2 1295/319/2
f 1335/320/2 1319/321/2 1320/323/2
f 1334/324/2 1335/320/2 1320/323/2
f 1307/325/2 1308/322/2 1295/319/2
f 1334/324/2 1320/323/2 1321/326/2
f 1333/327/2 1334/324/2 1321/326/2
f 1306/328/2 1307/325/2 1295/319/2
f 1333/327/2 1321/326/2 1322/329/2
f 1306/328/2 1295/319/2 1296/330/2
f 1332/331/2 1333/327/2 1322/329/2
f 1332/331/2 1322/329/2 1323/332/2
f 1305/333/2 1306/328/2 1296/330/2
f 1332/331/2 1323/332/2 1324/334/2
f 1331/335/2 1332/331/2 1324/334/2
f 1304/336/2 1305/333/2 1296/330/2
f 1331/335/2 1324/334/2 1325/337/2
f 1304/336/2 1296/330/2 1297/338/2
f 1330/339/2 1331/335/2 1325/337/2
f 1354/264/2 1352/292/2 1353/340/2
f 1330/339/2 1325/337/2 1326/341/2
f 1303/35/2 1304/336/2 1297/338/2
f 1329/342/2 1330/339/2 1326/341/2
f 1302/343/2 1303/35/2 1297/338/2
f 1302/343/2 1297/338/2 1298/344/2
f 1328/345/2 1329/342/2 1326/341/2
f 1301/346/2 1302/343/2 1298/344/2
f 1301/346/2 1298/344/2 1299/347/2
f 1327/348/2 1328/345/2 1326/341/2
f 1300/349/2 1301/346/2 1299/347/2
f 1454/350/2 1455/352/2 1456/351/2
f 1453/353/2 1454/350/2 1456/351/2
f 1453/353/2 1456/351/2 1457/354/2
f 1452/355/2 1453/353/2 1457/354/2
f 1451/356/2 1452/355/2 1457/354/2
f 1451/356/2 1457/354/2 1458/357/2
f 1450/358/2 1451/356/2 1458/357/2
f 1450/358/2 1458/357/2 1459/359/2
f 1449/360/2 1450/358/2 1459/359/2
f 1448/361/2 1449/360/2 1459/359/2
f 1448/361/2 1459/359/2 1460/362/2
f 1447/363/2 1448/361/2 1460/362/2
f 1447/363/2 1460/362/2 1461/364/2
f 1446/365/2 1447/363/2 1461/364/2
f 1445/366/2 1446/365/2 1461/364/2
f 1445/366/2 1461/364/2 1462/367/2
f 1444/368/2 1445/366/2 1462/367/2
f 1444/368/2 1462/367/2 1463/369/2
f 1443/370/2 1444/368/2 1463/369/2
f 1442/371/2 1443/370/2 1441/372/2
f 1441/372/2 1443/370/2 1440/373/2
f 1440/373/2 1443/370/2 1439/374/2
f 1439/374/2 1443/370/2 1438/375/2
f 1438/375/2 1443/370/2 1437/376/2
f 1437/376/2 1443/370/2 1436/377/2
f 1436/377/2 1443/370/2 1435/378/2
f 1435/378/2 1443/370/2 1434/379/2
f 1434/379/2 1443/370/2 1433/380/2
f 1433/380/2 1443/370/2 1432/381/2
f 1432/381/2 1443/370/2 1463/369/2
f 1432/381/2 1463/369/2 1431/382/2
f 1431/382/2 1463/369/2 1430/383/2
f 1430/383/2 1463/369/2 1464/384/2
f 1430/383/2 1464/384/2 1429/385/2
f 1429/385/2 1464/384/2 1465/386/2
f 1428/387/2 1429/385/2 1465/386/2
f 1427/388/2 1428/387/2 1465/386/2
f 1426/389/2 1427/388/2 1465/386/2
f 1425/390/2 1426/389/2 1465/386/2
f 1424/391/2 1425/390/2 1465/386/2
f 1424/391/2 1465/386/2 1466/392/2
f 1423/393/2 1424/391/2 1466/392/2
f 1422/394/2 1423/393/2 1466/392/2
f 1421/395/2 1422/394/2 1466/392/2
f 1421/395/2 1466/392/2 1467/396/2
f 1420/397/2 1421/395/2 1467/396/2
f 1419/398/2 1420/397/2 1467/396/2
f 1419/398/2 1467/396/2 1468/399/2
f 1418/400/2 1419/398/2 1468/399/2
f 1417/401/2 1418/400/2 1468/399/2
f 1416/402/2 1417/401/2 1530/13/2
f 1530/13/2 1417/401/2 1468/399/2
f 1415/403/2 1416/402/2 1530/13/2
f 1414/404/2 1415/403/2 1530/13/2
f 1413/405/2 1414/404/2 1530/13/2
f 1412/406/2 1413/405/2 1530/13/2
f 1412/406/2 1530/13/2 1494/407/2
f 1529/408/2 1530/13/2 1468/399/2
f 1412/406/2 1494/407/2 1495/409/2
f 1411/410/2 1412/406/2 1495/409/2
f 1411/410/2 1495/409/2 1496/411/2
f 1410/412/2 1411/410/2 1496/411/2
f 1410/412/2 1496/411/2 1497/413/2
f 1409/414/2 1410/412/2 1497/413/2
f 1409/414/2 1497/413/2 1498/415/2
f 1409/414/2 1498/415/2 1499/416/2
f 1408/417/2 1409/414/2 1499/416/2
f 1408/417/2 1499/416/2 1500/418/2
f 1407/419/2 1408/417/2 1500/418/2
f 1407/419/2 1500/418/2 1501/420/2
f 1407/419/2 1501/420/2 1502/421/2
f 1406/422/2 1407/419/2 1502/421/2
f 1406/422/2 1502/421/2 1503/423/2
f 1406/422/2 1503/423/2 1504/424/2
f 1405/425/2 1406/422/2 1504/424/2
f 1405/425/2 1504/424/2 1505/426/2
f 1404/427/2 1405/425/2 1505/426/2
f 1404/427/2 1505/426/2 1506/428/2
f 1404/427/2 1506/428/2 1507/429/2
f 1403/430/2 1404/427/2 1507/429/2
f 1403/430/2 1507/429/2 1508/431/2
f 1403/430/2 1508/431/2 1509/432/2
f 1528/433/2 1529/408/2 1468/399/2
f 1402/434/2 1403/430/2 1509/432/2
f 1527/435/2 1528/433/2 1468/399/2
f 1402/434/2 1509/432/2 1510/436/2
f 1526/437/2 1527/435/2 1468/399/2
f 1491/438/2 1492/440/2 1493/439/2
f 1526/437/2 1468/399/2 1469/441/2
f 1402/434/2 1510/436/2 1511/442/2
f 1490/443/2 1491/438/2 1493/439/2
f 1525/444/2 1526/437/2 1469/441/2
f 1525/444/2 1469/441/2 1470/445/2
f 1489/446/2 1490/443/2 1493/439/2
f 1401/447/2 1402/434/2 1511/442/2
f 1401/447/2 1511/442/2 1512/448/2
f 1525/444/2 1470/445/2 1471/449/2
f 1524/450/2 1525/444/2 1471/449/2
f 1488/451/2 1489/446/2 1493/439/2
f 1524/450/2 1471/449/2 1472/452/2
f 1523/453/2 1524/450/2 1472/452/2
f 1487/454/2 1488/451/2 1493/439/2
f 1401/447/2 1512/448/2 1513/455/2
f 1523/453/2 1472/452/2 1473/456/2
f 1486/457/2 1487/454/2 1493/439/2
f 1522/458/2 1523/453/2 1473/456/2
f 1522/458/2 1473/456/2 1474/459/2
f 1485/460/2 1486/457/2 1493/439/2
f 1401/447/2 1513/455/2 1514/461/2
f 1522/458/2 1474/459/2 1475/462/2
f 1521/463/2 1522/458/2 1475/462/2
f 1484/464/2 1485/460/2 1493/439/2
f 1521/463/2 1475/462/2 1476/465/2
f 1400/466/2 1401/447/2 1514/461/2
f 1483/467/2 1484/464/2 1493/439/2
f 1400/466/2 1514/461/2 1515/468/2
f 1520/469/2 1521/463/2 1476/465/2
f 1520/469/2 1476/465/2 1477/470/2
f 1482/471/2 1483/467/2 1493/439/2
f 1520/469/2 1477/470/2 1478/472/2
f 1481/473/2 1482/471/2 1493/439/2
f 1519/474/2 1520/469/2 1478/472/2
f 1519/474/2 1478/472/2 1479/475/2
f 1480/476/2 1481/473/2 1493/439/2
f 1519/474/2 1479/475/2 1480/476/2
f 1400/466/2 1515/468/2 1516/477/2
f 1519/474/2 1480/476/2 1493/439/2
f 1518/478/2 1519/474/2 1493/439/2
f 1400/466/2 1516/477/2 1517/479/2
f 1517/479/2 1518/478/2 1493/439/2
f 1400/466/2 1517/479/2 1380/480/2
f 1380/480/2 1517/479/2 1493/439/2
f 1399/481/2 1400/466/2 1380/480/2
f 1399/481/2 1380/480/2 1381/482/2
f 1379/483/2 1380/480/2 1493/439/2
f 1398/484/2 1399/481/2 1381/482/2
f 1398/484/2 1381/482/2 1382/485/2
f 1378/486/2 1379/483/2 1493/439/2
f 1378/486/2 1493/439/2 1357/15/2
f 1397/487/2 1398/484/2 1382/485/2
f 1397/487/2 1382/485/2 1383/488/2
f 1377/489/2 1378/486/2 1357/15/2
f 1377/489/2 1357/15/2 1358/490/2
f 1397/487/2 1383/488/2 1384/491/2
f 1376/492/2 1377/489/2 1358/490/2
f 1396/493/2 1397/487/2 1384/491/2
f 1376/492/2 1358/490/2 1359/494/2
f 1396/493/2 1384/491/2 1385/495/2
f 1375/496/2 1376/492/2 1359/494/2
f 1375/496/2 1359/494/2 1360/497/2
f 1395/498/2 1396/493/2 1385/495/2
f 1395/498/2 1385/495/2 1386/499/2
f 1374/500/2 1375/496/2 1360/497/2
f 1374/500/2 1360/497/2 1361/501/2
f 1395/498/2 1386/499/2 1387/502/2
f 1373/503/2 1374/500/2 1361/501/2
f 1373/503/2 1361/501/2 1362/504/2
f 1394/505/2 1395/498/2 1387/502/2
f 1394/505/2 1387/502/2 1388/506/2
f 1372/507/2 1373/503/2 1362/504/2
f 1372/507/2 1362/504/2 1363/508/2
f 1394/505/2 1388/506/2 1389/509/2
f 1372/507/2 1363/508/2 1364/510/2
f 1371/511/2 1372/507/2 1364/510/2
f 1393/512/2 1394/505/2 1389/509/2
f 1371/511/2 1364/510/2 1365/513/2
f 1393/512/2 1389/509/2 1390/514/2
f 1370/515/2 1371/511/2 1365/513/2
f 1370/515/2 1365/513/2 1366/516/2
f 1393/512/2 1390/514/2 1391/517/2
f 1369/518/2 1370/515/2 1366/516/2
f 1392/519/2 1393/512/2 1391/517/2
f 1369/518/2 1366/516/2 1367/520/2
f 1368/521/2 1369/518/2 1367/520/2
f 1687/522/2 1688/524/2 1689/523/2
f 1687/522/2 1689/523/2 1690/525/2
f 1686/526/2 1687/522/2 1690/525/2
f 1685/527/2 1686/526/2 1690/525/2
f 1684/206/2 1685/527/2 1690/525/2
f 1683/528/2 1684/206/2 1690/525/2
f 1682/529/2 1683/528/2 1690/525/2
f 1681/530/2 1682/529/2 1690/525/2
f 1680/531/2 1681/530/2 1531/15/2
f 1531/15/2 1681/530/2 1690/525/2
f 1680/531/2 1531/15/2 1532/532/2
f 1679/533/2 1680/531/2 1691/534/2
f 1691/534/2 1680/531/2 1738/535/2
f 1738/535/2 1680/531/2 1532/532/2
f 1737/536/2 1738/535/2 1532/532/2
f 1737/536/2 1532/532/2 1533/537/2
f 1736/538/2 1737/536/2 1533/537/2
f 1679/533/2 1691/534/2 1692/539/2
f 1735/176/2 1736/538/2 1533/537/2
f 1679/533/2 1692/539/2 1693/540/2
f 1734/541/2 1735/176/2 1533/537/2
f 1679/533/2 1693/540/2 1694/542/2
f 1734/541/2 1533/537/2 1534/543/2
f 1733/544/2 1734/541/2 1534/543/2
f 1679/533/2 1694/542/2 1695/545/2
f 1678/546/2 1679/533/2 1695/545/2
f 1732/547/2 1733/544/2 1534/543/2
f 1732/547/2 1534/543/2 1535/548/2
f 1678/546/2 1695/545/2 1696/549/2
f 1731/550/2 1732/547/2 1535/548/2
f 1678/546/2 1696/549/2 1697/551/2
f 1731/550/2 1535/548/2 1536/552/2
f 1730/553/2 1731/550/2 1536/552/2
f 1678/546/2 1697/551/2 1698/554/2
f 1730/553/2 1536/552/2 1537/555/2
f 1677/556/2 1678/546/2 1698/554/2
f 1729/557/2 1730/553/2 1537/555/2
f 1729/557/2 1537/555/2 1538/558/2
f 1677/556/2 1698/554/2 1699/559/2
f 1729/557/2 1538/558/2 1539/560/2
f 1728/561/2 1729/557/2 1539/560/2
f 1677/556/2 1699/559/2 1700/562/2
f 1676/563/2 1677/556/2 1700/562/2
f 1728/561/2 1539/560/2 1540/564/2
f 1727/565/2 1728/561/2 1540/564/2
f 1676/563/2 1700/562/2 1701/39/2
f 1727/565/2 1540/564/2 1541/566/2
f 1726/567/2 1727/565/2 1541/566/2
f 1676/563/2 1701/39/2 1702/568/2
f 1726/567/2 1541/566/2 1542/569/2
f 1675/570/2 1676/563/2 1702/568/2
f 1725/571/2 1726/567/2 1542/569/2
f 1725/571/2 1542/569/2 1543/572/2
f 1675/570/2 1702/568/2 1703/573/2
f 1674/574/2 1675/570/2 1703/573/2
f 1725/571/2 1543/572/2 1544/575/2
f 1724/576/2 1725/571/2 1544/575/2
f 1674/574/2 1703/573/2 1704/577/2
f 1673/578/2 1674/574/2 1704/577/2
f 1724/576/2 1544/575/2 1545/579/2
f 1672/580/2 1673/578/2 1704/577/2
f 1723/581/2 1724/576/2 1545/579/2
f 1672/580/2 1704/577/2 1705/582/2
f 1723/581/2 1545/579/2 1546/583/2
f 1671/584/2 1672/580/2 1705/582/2
f 1722/585/2 1723/581/2 1546/583/2
f 1671/584/2 1705/582/2 1706/586/2
f 1670/587/2 1671/584/2 1706/586/2
f 1722/585/2 1546/583/2 1547/588/2
f 1721/589/2 1722/585/2 1547/588/2
f 1669/590/2 1670/587/2 1706/586/2
f 1669/590/2 1706/586/2 1707/591/2
f 1721/589/2 1547/588/2 1548/592/2
f 1668/593/2 1669/590/2 1707/591/2
f 1720/594/2 1721/589/2 1548/592/2
f 1668/593/2 1707/591/2 1708/595/2
f 1667/596/2 1668/593/2 1708/595/2
f 1720/594/2 1548/592/2 1549/597/2
f 1719/598/2 1720/594/2 1549/597/2
f 1667/596/2 1708/595/2 1709/599/2
f 1666/600/2 1667/596/2 1709/599/2
f 1718/601/2 1719/598/2 1549/597/2
f 1718/601/2 1549/597/2 1550/602/2
f 1666/600/2 1709/599/2 1710/603/2
f 1665/604/2 1666/600/2 1710/603/2
f 1717/605/2 1718/601/2 1550/602/2
f 1665/604/2 1710/603/2 1711/606/2
f 1717/605/2 1550/602/2 1551/607/2
f 1664/608/2 1665/604/2 1711/606/2
f 1716/609/2 1717/605/2 1551/607/2
f 1664/608/2 1711/606/2 1712/610/2
f 1715/611/2 1716/609/2 1551/607/2
f 1664/608/2 1712/610/2 1713/612/2
f 1663/613/2 1664/608/2 1713/612/2
f 1714/614/2 1715/611/2 1551/607/2
f 1663/613/2 1713/612/2 1714/614/2
f 1663/613/2 1714/614/2 1551/607/2
f 1663/613/2 1551/607/2 1552/615/2
f 1662/616/2 1663/613/2 1552/615/2
f 1662/616/2 1552/615/2 1553/617/2
f 1661/618/2 1662/616/2 1553/617/2
f 1661/618/2 1553/617/2 1554/619/2
f 1660/620/2 1661/618/2 1554/619/2
f 1659/621/2 1660/620/2 1554/619/2
f 1659/621/2 1554/619/2 1555/622/2
f 1658/623/2 1659/621/2 1555/622/2
f 1658/623/2 1555/622/2 1556/624/2
f 1657/625/2 1658/623/2 1556/624/2
f 1656/626/2 1657/625/2 1556/624/2
f 1655/627/2 1656/626/2 1556/624/2
f 1655/627/2 1556/624/2 1557/628/2
f 1654/629/2 1655/627/2 1557/628/2
f 1653/630/2 1654/629/2 1557/628/2
f 1652/631/2 1653/630/2 1557/628/2
f 1652/631/2 1557/628/2 1558/632/2
f 1651/633/2 1652/631/2 1558/632/2
f 1650/634/2 1651/633/2 1558/632/2
f 1649/635/2 1650/634/2 1558/632/2
f 1649/635/2 1558/632/2 1559/636/2
f 1648/637/2 1649/635/2 1559/636/2
f 1648/637/2 1559/636/2 1560/638/2
f 1647/639/2 1648/637/2 1560/638/2
f 1647/639/2 1560/638/2 1561/640/2
f 1646/641/2 1647/639/2 1561/640/2
f 1646/641/2 1561/640/2 1562/642/2
f 1645/643/2 1646/641/2 1562/642/2
f 1645/643/2 1562/642/2 1563/644/2
f 1645/643/2 1563/644/2 1564/645/2
f 1644/646/2 1645/643/2 1564/645/2
f 1644/646/2 1564/645/2 1565/647/2
f 1643/648/2 1644/646/2 1565/647/2
f 1643/648/2 1565/647/2 1566/649/2
f 1642/650/2 1643/648/2 1566/649/2
f 1641/651/2 1642/650/2 1566/649/2
f 1641/651/2 1566/649/2 1567/652/2
f 1640/653/2 1641/651/2 1567/652/2
f 1640/653/2 1567/652/2 1568/654/2
f 1639/655/2 1640/653/2 1568/654/2
f 1639/655/2 1568/654/2 1569/656/2
f 1638/657/2 1639/655/2 1569/656/2
f 1638/657/2 1569/656/2 1570/658/2
f 1637/659/2 1638/657/2 1570/658/2
f 1637/659/2 1570/658/2 1571/660/2
f 1636/661/2 1637/659/2 1571/660/2
f 1636/661/2 1571/660/2 1572/662/2
f 1635/663/2 1636/661/2 1572/662/2
f 1635/663/2 1572/662/2 1573/664/2
f 1634/665/2 1635/663/2 1573/664/2
f 1634/665/2 1573/664/2 1574/666/2
f 1633/184/2 1634/665/2 1574/666/2
f 1633/184/2 1574/666/2 1575/667/2
f 1632/668/2 1633/184/2 1575/667/2
f 1632/668/2 1575/667/2 1576/669/2
f 1631/670/2 1632/668/2 1576/669/2
f 1631/670/2 1576/669/2 1577/671/2
f 1630/672/2 1631/670/2 1577/671/2
f 1630/672/2 1577/671/2 1578/673/2
f 1629/674/2 1630/672/2 1578/673/2
f 1629/674/2 1578/673/2 1579/675/2
f 1628/676/2 1629/674/2 1579/675/2
f 1628/676/2 1579/675/2 1580/677/2
f 1627/678/2 1628/676/2 1580/677/2
f 1627/678/2 1580/677/2 1581/679/2
f 1626/680/2 1627/678/2 1581/679/2
f 1626/680/2 1581/679/2 1582/237/2
f 1625/681/2 1626/680/2 1582/237/2
f 1624/682/2 1625/681/2 1582/237/2
f 1624/682/2 1582/237/2 1583/683/2
f 1623/684/2 1624/682/2 1583/683/2
f 1623/684/2 1583/683/2 1584/685/2
f 1622/686/2 1623/684/2 1584/685/2
f 1622/686/2 1584/685/2 1585/687/2
f 1621/688/2 1622/686/2 1585/687/2
f 1621/688/2 1585/687/2 1586/689/2
f 1620/690/2 1621/688/2 1786/13/2
f 1786/13/2 1621/688/2 1586/689/2
f 1786/13/2 1586/689/2 1785/691/2
f 1785/691/2 1586/689/2 1587/692/2
f 1620/690/2 1786/13/2 1739/693/2
f 1784/694/2 1785/691/2 1587/692/2
f 1620/690/2 1739/693/2 1740/695/2
f 1783/696/2 1784/694/2 1587/692/2
f 1620/690/2 1740/695/2 1741/697/2
f 1619/698/2 1620/690/2 1741/697/2
f 1782/699/2 1783/696/2 1587/692/2
f 1619/698/2 1741/697/2 1742/700/2
f 1781/701/2 1782/699/2 1587/692/2
f 1619/698/2 1742/700/2 1743/702/2
f 1780/703/2 1781/701/2 1587/692/2
f 1780/703/2 1587/692/2 1588/704/2
f 1619/698/2 1743/702/2 1744/705/2
f 1779/706/2 1780/703/2 1588/704/2
f 1618/707/2 1619/698/2 1744/705/2
f 1618/707/2 1744/705/2 1745/708/2
f 1778/709/2 1779/706/2 1588/704/2
f 1778/709/2 1588/704/2 1589/710/2
f 1618/707/2 1745/708/2 1746/711/2
f 1617/712/2 1618/707/2 1746/711/2
f 1777/713/2 1778/709/2 1589/710/2
f 1617/712/2 1746/711/2 1747/714/2
f 1776/715/2 1777/713/2 1589/710/2
f 1776/715/2 1589/710/2 1590/716/2
f 1617/712/2 1747/714/2 1748/717/2
f 1616/9/2 1617/712/2 1748/717/2
f 1775/718/2 1776/715/2 1590/716/2
f 1616/9/2 1748/717/2 1749/719/2
f 1775/718/2 1590/716/2 1591/720/2
f 1615/721/2 1616/9/2 1749/719/2
f 1615/721/2 1749/719/2 1750/722/2
f 1774/723/2 1775/718/2 1591/720/2
f 1774/723/2 1591/720/2 1592/724/2
f 1615/721/2 1750/722/2 1751/725/2
f 1614/726/2 1615/721/2 1751/725/2
f 1773/727/2 1774/723/2 1592/724/2
f 1614/726/2 1751/725/2 1752/728/2
f 1772/729/2 1773/727/2 1592/724/2
f 1772/729/2 1592/724/2 1593/730/2
f 1614/726/2 1752/728/2 1753/731/2
f 1771/732/2 1772/729/2 1593/730/2
f 1613/733/2 1614/726/2 1753/731/2
f 1613/733/2 1753/731/2 1754/734/2
f 1770/735/2 1771/732/2 1593/730/2
f 1613/733/2 1754/734/2 1755/736/2
f 1770/735/2 1593/730/2 1594/737/2
f 1769/738/2 1770/735/2 1594/737/2
f 1612/739/2 1613/733/2 1755/736/2
f 1612/739/2 1755/736/2 1756/740/2
f 1768/741/2 1769/738/2 1594/737/2
f 1612/739/2 1756/740/2 1757/742/2
f 1767/743/2 1768/741/2 1594/737/2
f 1612/739/2 1757/742/2 1758/744/2
f 1767/743/2 1594/737/2 1595/745/2
f 1766/746/2 1767/743/2 1595/745/2
f 1611/747/2 1612/739/2 1758/744/2
f 1611/747/2 1758/744/2 1759/748/2
f 1765/749/2 1766/746/2 1595/745/2
f 1611/747/2 1759/748/2 1760/750/2
f 1764/751/2 1765/749/2 1595/745/2
f 1611/747/2 1760/750/2 1761/752/2
f 1763/753/2 1764/751/2 1595/745/2
f 1611/747/2 1761/752/2 1762/754/2
f 1762/754/2 1763/753/2 1595/745/2
f 1611/747/2 1762/754/2 1595/745/2
f 1611/747/2 1595/745/2 1596/755/2
f 1610/756/2 1611/747/2 1596/755/2
f 1610/756/2 1596/755/2 1597/757/2
f 1609/758/2 1610/756/2 1597/757/2
f 1608/759/2 1609/758/2 1597/757/2
f 1608/759/2 1597/757/2 1598/760/2
f 1607/761/2 1608/759/2 1598/760/2
f 1607/761/2 1598/760/2 1599/762/2
f 1606/763/2 1607/761/2 1599/762/2
f 1606/763/2 1599/762/2 1600/764/2
f 1605/765/2 1606/763/2 1600/764/2
f 1605/765/2 1600/764/2 1601/766/2
f 1604/767/2 1605/765/2 1601/766/2
f 1604/767/2 1601/766/2 1602/768/2
f 1603/769/2 1604/767/2 1602/768/2
s 1
f 1788/770/3 1790/771/4 1789/772/4 1787/15/3
f 1790/771/4 1792/773/5 1791/774/5 1789/772/4
f 1792/773/5 1794/775/6 1793/776/6 1791/774/5
f 1794/775/6 1796/777/7 1795/778/7 1793/776/6
f 1796/777/7 1798/779/8 1797/780/8 1795/778/7
f 1798/779/8 1800/781/9 1799/782/9 1797/780/8
f 1800/781/9 1802/783/10 1801/784/10 1799/782/9
f 1802/783/10 1804/785/11 1803/786/11 1801/784/10
f 1804/785/11 1806/787/12 1805/788/12 1803/786/11
f 1806/787/12 1808/789/13 1807/790/13 1805/788/12
f 1808/789/13 1810/791/14 1809/792/14 1807/790/13
f 1810/791/14 1812/793/15 1811/794/15 1809/792/14
f 1812/793/15 1814/795/16 1813/796/16 1811/794/15
f 1814/795/16 1816/797/17 1815/798/17 1813/796/16
f 1816/797/17 1818/799/18 1817/800/18 1815/798/17
f 1818/799/18 1820/801/19 1819/802/19 1817/800/18
f 1820/801/19 1822/803/20 1821/804/20 1819/802/19
f 1822/803/20 1824/805/21 1823/806/21 1821/804/20
f 1824/805/21 1826/807/22 1825/808/22 1823/806/21
f 1826/807/22 1828/809/23 1827/810/23 1825/808/22
f 1828/809/23 1830/811/24 1829/812/24 1827/810/23
f 1830/811/24 1832/813/25 1831/814/25 1829/812/24
f 1832/813/25 1834/815/26 1833/816/26 1831/814/25
f 1834/815/26 1836/817/27 1835/818/27 1833/816/26
f 1836/817/27 1838/819/28 1837/820/28 1835/818/27
f 1838/819/28 1840/821/29 1839/822/29 1837/820/28
f 1840/821/29 1842/823/30 1841/824/30 1839/822/29
f 1842/823/30 1844/825/31 1843/826/31 1841/824/30
f 1844/825/31 1846/827/32 1845/828/32 1843/826/31
f 1846/827/32 1848/829/33 1847/830/33 1845/828/32
f 1848/829/33 1850/831/34 1849/832/34 1847/830/33
f 1850/831/34 1852/833/35 1851/237/35 1849/832/34
f 1852/833/35 1854/834/36 1853/835/36 1851/237/35
f 1854/834/36 1856/836/37 1855/837/37 1853/835/36
f 1856/836/37 1858/838/38 1857/839/38 1855/837/37
f 1858/838/38 1860/840/39 1859/841/39 1857/839/38
f 1860/840/39 1862/842/40 1861/843/40 1859/841/39
f 1862/842/40 1864/844/41 1863/845/41 1861/843/40
f 1864/844/41 1866/846/42 1865/847/42 1863/845/41
f 1866/846/42 1868/848/43 1867/849/43 1865/847/42
f 1868/848/43 1870/850/44 1869/851/44 1867/849/43
f 1870/850/44 1872/852/45 1871/853/45 1869/851/44
f 1872/852/45 1874/854/46 1873/855/46 1871/853/45
f 1874/854/46 1876/856/47 1875/857/47 1873/855/46
f 1876/856/47 1878/858/48 1877/859/48 1875/857/47
f 1878/858/48 1880/860/49 1879/861/49 1877/859/48
f 1880/860/49 1882/862/50 1881/863/50 1879/861/49
f 1882/862/50 1884/864/51 1883/865/51 1881/863/50
f 1884/864/51 1886/866/52 1885/867/52 1883/865/51
f 1886/866/52 1888/868/53 1887/869/53 1885/867/52
f 1888/868/53 1890/870/54 1889/871/54 1887/869/53
f 1890/870/54 1892/872/55 1891/873/55 1889/871/54
f 1892/872/55 1894/874/56 1893/875/56 1891/873/55
f 1894/874/56 1896/876/57 1895/877/57 1893/875/56
f 1896/876/57 1898/878/58 1897/879/58 1895/877/57
f 1898/878/58 1900/880/59 1899/881/59 1897/879/58
f 1900/880/59 1902/882/60 1901/883/60 1899/881/59
f 1902/882/60 1904/884/61 1903/885/61 1901/883/60
f 1904/884/61 1906/886/62 1905/887/62 1903/885/61
f 1906/886/62 1908/888/63 1907/889/63 1905/887/62
f 1908/888/63 1910/890/64 1909/891/64 1907/889/63
f 1910/890/64 1912/892/65 1911/893/65 1909/891/64
f 1912/892/65 1914/894/66 1913/895/66 1911/893/65
f 1914/894/66 1916/896/67 1915/184/67 1913/895/66
f 1916/896/67 1918/897/68 1917/898/68 1915/184/67
f 1918/897/68 1920/899/69 1919/900/69 1917/898/68
f 1920/899/69 1922/901/70 1921/902/70 1919/900/69
f 1922/901/70 1924/903/71 1923/904/71 1921/902/70
f 1924/903/71 1926/905/72 1925/906/72 1923/904/71
f 1926/905/72 1928/907/73 1927/908/73 1925/906/72
f 1928/907/73 1930/909/74 1929/910/74 1927/908/73
f 1930/909/74 1932/911/75 1931/912/75 1929/910/74
f 1932/911/75 1934/913/76 1933/914/76 1931/912/75
f 1934/913/76 1936/915/77 1935/916/77 1933/914/76
f 1936/915/77 1938/917/78 1937/918/78 1935/916/77
f 1938/917/78 1940/919/79 1939/920/79 1937/918/78
f 1940/919/79 1942/921/80 1941/922/80 1939/920/79
f 1942/921/80 1944/923/81 1943/924/81 1941/922/80
f 1944/923/81 1946/925/82 1945/926/82 1943/924/81
f 1946/925/82 1948/927/83 1947/35/83 1945/926/82
f 1948/927/83 1950/928/84 1949/929/84 1947/35/83
f 1950/928/84 1952/930/85 1951/931/85 1949/929/84
f 1952/930/85 1954/932/86 1953/933/86 1951/931/85
f 1954/932/86 1956/934/87 1955/935/87 1953/933/86
f 1956/934/87 1958/936/88 1957/937/88 1955/935/87
f 1958/936/88 1960/938/89 1959/939/89 1957/937/88
f 1960/938/89 1962/940/90 1961/941/90 1959/939/89
f 1962/940/90 1964/942/91 1963/943/91 1961/941/90
f 1964/942/91 1966/944/92 1965/945/92 1963/943/91
f 1966/944/92 1968/946/93 1967/947/93 1965/945/92
f 1968/946/93 1970/948/94 1969/949/94 1967/947/93
f 1970/948/94 1972/950/95 1971/951/95 1969/949/94
f 1972/950/95 1974/952/96 1973/953/96 1971/951/95
f 1974/952/96 1976/954/97 1975/955/97 1973/953/96
f 1976/954/97 1978/956/98 1977/957/98 1975/955/97
f 1978/956/98 1980/958/99 1979/206/99 1977/957/98
f 1980/958/99 1982/959/100 1981/960/100 1979/206/99
f 1982/959/100 1984/961/101 1983/962/101 1981/960/100
f 1984/961/101 1986/963/102 1985/964/102 1983/962/101
f 1986/963/102 1988/965/103 1987/966/103 1985/964/102
f 1988/965/103 1990/967/104 1989/968/104 1987/966/103
f 1990/967/104 1992/969/105 1991/970/105 1989/968/104
f 1992/969/105 1994/971/106 1993/972/106 1991/970/105
f 1994/971/106 1996/973/107 1995/974/107 1993/972/106
f 1996/973/107 1998/975/108 1997/976/108 1995/974/107
f 1998/975/108 2000/977/109 1999/978/109 1997/976/108
f 2000/977/109 2002/979/110 2001/980/110 1999/978/109
f 2002/979/110 2004/981/111 2003/982/111 2001/980/110
f 2004/981/111 2006/983/112 2005/984/112 2003/982/111
f 2006/983/112 2008/985/113 2007/986/113 2005/984/112
f 2008/985/113 2010/987/114 2009/988/114 2007/986/113
f 2010/987/114 2012/989/115 2011/990/115 2009/988/114
f 2012/989/115 2014/991/116 2013/992/116 2011/990/115
f 2014/991/116 2016/993/117 2015/994/117 2013/992/116
f 2016/993/117 2018/995/118 2017/996/118 2015/994/117
f 2018/995/118 2020/997/119 2019/998/119 2017/996/118
f 2020/997/119 2022/999/120 2021/1000/120 2019/998/119
f 2022/999/120 2024/1001/121 2023/1002/121 2021/1000/120
f 2024/1001/121 2026/1003/122 2025/1004/122 2023/1002/121
f 2026/1003/122 2028/1005/123 2027/1006/123 2025/1004/122
f 2028/1005/123 2030/1007/124 2029/1008/124 2027/1006/123
f 2030/1007/124 2032/1009/125 2031/1010/125 2029/1008/124
f 2032/1009/125 2034/1011/126 2033/1012/126 2031/1010/125
f 2034/1011/126 2036/1013/127 2035/1014/127 2033/1012/126
f 2036/1013/127 2038/1015/128 2037/1016/128 2035/1014/127
f 2038/1015/128 2040/1017/129 2039/1018/129 2037/1016/128
f 2040/1017/129 2042/1019/130 2041/1020/130 2039/1018/129
f 2042/1019/130 2044/1021/131 2043/176/131 2041/1020/130
f 2044/1021/131 2046/1022/132 2045/1023/132 2043/176/131
f 2046/1022/132 2048/1024/133 2047/1025/133 2045/1023/132
f 2048/1024/133 2050/1026/134 2049/1027/134 2047/1025/133
f 2050/1026/134 2052/1028/135 2051/1029/135 2049/1027/134
f 2052/1028/135 2054/1030/136 2053/1031/136 2051/1029/135
f 2054/1030/136 2056/1032/137 2055/1033/137 2053/1031/136
f 2056/1032/137 2058/1034/138 2057/1035/138 2055/1033/137
f 2058/1034/138 2060/1036/139 2059/1037/139 2057/1035/138
f 2060/1036/139 2062/1038/140 2061/1039/140 2059/1037/139
f 2062/1038/140 2064/1040/141 2063/1041/141 2061/1039/140
f 2064/1040/141 2066/1042/142 2065/1043/142 2063/1041/141
f 2066/1042/142 2068/1044/143 2067/1045/143 2065/1043/142
f 2068/1044/143 2070/1046/144 2069/1047/144 2067/1045/143
f 2070/1046/144 2072/1048/145 2071/1049/145 2069/1047/144
f 2072/1048/145 2074/1050/146 2073/1051/146 2071/1049/145
f 2074/1050/146 2076/1052/147 2075/1053/147 2073/1051/146
f 2076/1052/147 2078/1054/148 2077/1055/148 2075/1053/147
f 2078/1054/148 2080/1056/149 2079/1057/149 2077/1055/148
f 2080/1056/149 2082/1058/150 2081/1059/150 2079/1057/149
f 2082/1058/150 2084/1060/151 2083/1061/151 2081/1059/150
f 2084/1060/151 2086/1062/152 2085/1063/152 2083/1061/151
f 2086/1062/152 2088/1064/153 2087/1065/153 2085/1063/152
f 2088/1064/153 2090/1066/154 2089/1067/154 2087/1065/153
f 2090/1066/154 2092/1068/155 2091/1069/155 2089/1067/154
f 2092/1068/155 2094/1070/156 2093/1071/156 2091/1069/155
f 2094/1070/156 2096/1072/157 2095/1073/157 2093/1071/156
f 2096/1072/157 2098/1074/158 2097/1075/158 2095/1073/157
f 2098/1074/158 2100/1076/159 2099/1077/159 2097/1075/158
f 2100/1076/159 2102/1078/160 2101/1079/160 2099/1077/159
f 2102/1078/160 2104/1080/161 2103/1081/161 2101/1079/160
f 2104/1080/161 2106/1082/162 2105/1083/162 2103/1081/161
f 2106/1082/162 1788/1084/3 1787/13/3 2105/1083/162
f 2108/770/163 2110/1085/164 2109/1086/164 2107/15/163
f 2110/1085/164 2112/1087/165 2111/1088/165 2109/1086/164
f 2112/1087/165 2114/789/166 2113/790/166 2111/1088/165
f 2114/789/166 2116/1089/167 2115/1090/167 2113/790/166
f 2116/1089/167 2118/1091/168 2117/1092/168 2115/1090/167
f 2118/1091/168 2120/809/169 2119/810/169 2117/1092/168
f 2120/809/169 2122/1093/170 2121/1094/170 2119/810/169
f 2122/1093/170 2124/1095/171 2123/10/171 2121/1094/170
f 2124/1095/171 2126/829/172 2125/830/172 2123/10/171
f 2126/829/172 2128/1096/173 2127/1097/173 2125/830/172
f 2128/1096/173 2130/1098/174 2129/1099/174 2127/1097/173
f 2130/1098/174 2132/848/175 2131/849/175 2129/1099/174
f 2132/848/175 2134/1100/176 2133/1101/176 2131/849/175
f 2134/1100/176 2136/1102/177 2135/1103/177 2133/1101/176
f 2136/1102/177 2138/868/178 2137/869/178 2135/1103/177
f 2138/868/178 2140/1104/179 2139/9/179 2137/869/178
f 2140/1104/179 2142/1105/180 2141/1106/180 2139/9/179
f 2142/1105/180 2144/888/181 2143/889/181 2141/1106/180
f 2144/888/181 2146/1107/182 2145/1108/182 2143/889/181
f 2146/1107/182 2148/1109/183 2147/1110/183 2145/1108/182
f 2148/1109/183 2150/907/184 2149/908/184 2147/1110/183
f 2150/907/184 2152/1111/185 2151/1112/185 2149/908/184
f 2152/1111/185 2154/1113/186 2153/1114/186 2151/1112/185
f 2154/1113/186 2156/927/187 2155/35/187 2153/1114/186
f 2156/927/187 2158/1115/188 2157/1116/188 2155/35/187
f 2158/1115/188 2160/1117/189 2159/1118/189 2157/1116/188
f 2160/1117/189 2162/946/190 2161/947/190 2159/1118/189
f 2162/946/190 2164/1119/191 2163/1120/191 2161/947/190
f 2164/1119/191 2166/1121/192 2165/1122/192 2163/1120/191
f 2166/1121/192 2168/965/193 2167/966/193 2165/1122/192
f 2168/965/193 2170/1123/194 2169/1124/194 2167/966/193
f 2170/1123/194 2172/1125/195 2171/39/195 2169/1124/194
f 2172/1125/195 2174/985/196 2173/986/196 2171/39/195
f 2174/985/196 2176/1126/197 2175/1127/197 2173/986/196
f 2176/1126/197 2178/1128/198 2177/1129/198 2175/1127/197
f 2178/1128/198 2180/1005/199 2179/1006/199 2177/1129/198
f 2180/1005/199 2182/1130/200 2181/1131/200 2179/1006/199
f 2182/1130/200 2184/1132/201 2183/1133/201 2181/1131/200
f 2184/1132/201 2186/1024/202 2185/1025/202 2183/1133/201
f 2186/1024/202 2188/1134/203 2187/50/203 2185/1025/202
f 2188/1134/203 2190/1135/204 2189/1136/204 2187/50/203
f 2190/1135/204 2192/1044/205 2191/1045/205 2189/1136/204
f 2192/1044/205 2194/1137/206 2193/1138/206 2191/1045/205
f 2194/1137/206 2196/1139/207 2195/1140/207 2193/1138/206
f 2196/1139/207 2198/1064/208 2197/1065/208 2195/1140/207
f 2198/1064/208 2200/1141/209 2199/1142/209 2197/1065/208
f 2200/1141/209 2202/1143/210 2201/1144/210 2199/1142/209
f 2202/1143/210 2108/1084/163 2107/13/163 2201/1144/210
f 2204/770/211 2206/1085/212 2205/1086/212 2203/15/211
f 2206/1085/212 2208/1087/213 2207/1088/213 2205/1086/212
f 2208/1087/213 2210/789/214 2209/790/214 2207/1088/213
f 2210/789/214 2212/1089/215 2211/1090/215 2209/790/214
f 2212/1089/215 2214/1091/216 2213/1092/216 2211/1090/215
f 2214/1091/216 2216/809/217 2215/810/217 2213/1092/216
f 2216/809/217 2218/1093/218 2217/1094/218 2215/810/217
f 2218/1093/218 2220/1095/219 2219/10/219 2217/1094/218
f 2220/1095/219 2222/829/220 2221/830/220 2219/10/219
f 2222/829/220 2224/1096/221 2223/1097/221 2221/830/220
f 2224/1096/221 2226/1098/222 2225/1099/222 2223/1097/221
f 2226/1098/222 2228/848/223 2227/849/223 2225/1099/222
f 2228/848/223 2230/1100/224 2229/1101/224 2227/849/223
f 2230/1100/224 2232/1102/225 2231/1103/225 2229/1101/224
f 2232/1102/225 2234/868/226 2233/869/226 2231/1103/225
f 2234/868/226 2236/1104/227 2235/9/227 2233/869/226
f 2236/1104/227 2238/1105/228 2237/1106/228 2235/9/227
f 2238/1105/228 2240/888/229 2239/889/229 2237/1106/228
f 2240/888/229 2242/1107/230 2241/1108/230 2239/889/229
f 2242/1107/230 2244/1109/231 2243/1110/231 2241/1108/230
f 2244/1109/231 2246/907/232 2245/908/232 2243/1110/231
f 2246/907/232 2248/1111/233 2247/1112/233 2245/908/232
f 2248/1111/233 2250/1113/234 2249/1114/234 2247/1112/233
f 2250/1113/234 2252/927/235 2251/35/235 2249/1114/234
f 2252/927/235 2254/1115/236 2253/1116/236 2251/35/235
f 2254/1115/236 2256/1117/237 2255/1118/237 2253/1116/236
f 2256/1117/237 2258/946/238 2257/947/238 2255/1118/237
f 2258/946/238 2260/1119/239 2259/1120/239 2257/947/238
f 2260/1119/239 2262/1121/240 2261/1122/240 2259/1120/239
f 2262/1121/240 2264/965/241 2263/966/241 2261/1122/240
f 2264/965/241 2266/1123/242 2265/1124/242 2263/966/241
f 2266/1123/242 2268/1125/243 2267/39/243 2265/1124/242
f 2268/1125/243 2270/985/244 2269/986/244 2267/39/243
f 2270/985/244 2272/1126/245 2271/1127/245 2269/986/244
f 2272/1126/245 2274/1128/246 2273/1129/246 2271/1127/245
f 2274/1128/246 2276/1005/247 2275/1006/247 2273/1129/246
f 2276/1005/247 2278/1130/248 2277/1131/248 2275/1006/247
f 2278/1130/248 2280/1132/249 2279/1133/249 2277/1131/248
f 2280/1132/249 2282/1024/250 2281/1025/250 2279/1133/249
f 2282/1024/250 2284/1134/251 2283/50/251 2281/1025/250
f 2284/1134/251 2286/1135/252 2285/1136/252 2283/50/251
f 2286/1135/252 2288/1044/253 2287/1045/253 2285/1136/252
f 2288/1044/253 2290/1137/254 2289/1138/254 2287/1045/253
f 2290/1137/254 2292/1139/255 2291/1140/255 2289/1138/254
f 2292/1139/255 2294/1064/256 2293/1065/256 2291/1140/255
f 2294/1064/256 2296/1141/257 2295/1142/257 2293/1065/256
f 2296/1141/257 2298/1143/258 2297/1144/258 2295/1142/257
f 2298/1143/258 2204/1084/211 2203/13/211 2297/1144/258
f 2300/770/259 2302/1145/260 2301/1146/260 2299/15/259
f 2302/1145/260 2304/1147/261 2303/1148/261 2301/1146/260
f 2304/1147/261 2306/1149/262 2305/1150/262 2303/1148/261
f 2306/1149/262 2308/1151/263 2307/1152/263 2305/1150/262
f 2308/1151/263 2310/1153/264 2309/1154/264 2307/1152/263
f 2310/1153/264 2312/1155/265 2311/1156/265 2309/1154/264
f 2312/1155/265 2314/1157/266 2313/1158/266 2311/1156/265
f 2314/1157/266 2316/1159/267 2315/1160/267 2313/1158/266
f 2316/1159/267 2318/1161/268 2317/1162/268 2315/1160/267
f 2318/1161/268 2320/1163/269 2319/1164/269 2317/1162/268
f 2320/1163/269 2322/1165/270 2321/1166/270 2319/1164/269
f 2322/1165/270 2324/1167/271 2323/1168/271 2321/1166/270
f 2324/1167/271 2326/1169/272 2325/1170/272 2323/1168/271
f 2326/1169/272 2328/1171/273 2327/1172/273 2325/1170/272
f 2328/1171/273 2330/1173/274 2329/1174/274 2327/1172/273
f 2330/1173/274 2332/1175/275 2331/1176/275 2329/1174/274
f 2332/1175/275 2334/1177/276 2333/1178/276 2331/1176/275
f 2334/1177/276 2336/1179/277 2335/1180/277 2333/1178/276
f 2336/1179/277 2338/1181/278 2337/1182/278 2335/1180/277
f 2338/1181/278 2340/1183/279 2339/1184/279 2337/1182/278
f 2340/1183/279 2342/1185/280 2341/1186/280 2339/1184/279
f 2342/1185/280 2344/1187/281 2343/1188/281 2341/1186/280
f 2344/1187/281 2346/1189/282 2345/1190/282 2343/1188/281
f 2346/1189/282 2348/1191/283 2347/1192/283 2345/1190/282
f 2348/1191/283 2350/1193/284 2349/1194/284 2347/1192/283
f 2350/1193/284 2352/1195/285 2351/1196/285 2349/1194/284
f 2352/1195/285 2354/1197/286 2353/1198/286 2351/1196/285
f 2354/1197/286 2356/1199/287 2355/1200/287 2353/1198/286
f 2356/1199/287 2358/1201/288 2357/1202/288 2355/1200/287
f 2358/1201/288 2360/1203/289 2359/1204/289 2357/1202/288
f 2360/1203/289 2362/1205/290 2361/1206/290 2359/1204/289
f 2362/1205/290 2364/1207/291 2363/1208/291 2361/1206/290
f 2364/1207/291 2366/1209/292 2365/1210/292 2363/1208/291
f 2366/1209/292 2368/1211/293 2367/1212/293 2365/1210/292
f 2368/1211/293 2370/1213/294 2369/1214/294 2367/1212/293
f 2370/1213/294 2372/1215/295 2371/1216/295 2369/1214/294
f 2372/1215/295 2374/1217/296 2373/1218/296 2371/1216/295
f 2374/1217/296 2376/1219/297 2375/1220/297 2373/1218/296
f 2376/1219/297 2378/1221/298 2377/1222/298 2375/1220/297
f 2378/1221/298 2380/1223/299 2379/1224/299 2377/1222/298
f 2380/1223/299 2382/1225/300 2381/1226/300 2379/1224/299
f 2382/1225/300 2384/1227/301 2383/1228/301 2381/1226/300
f 2384/1227/301 2386/1229/302 2385/1230/302 2383/1228/301
f 2386/1229/302 2388/1231/303 2387/1232/303 2385/1230/302
f 2388/1231/303 2390/1233/304 2389/1234/304 2387/1232/303
f 2390/1233/304 2392/1235/305 2391/1236/305 2389/1234/304
f 2392/1235/305 2394/1237/306 2393/1238/306 2391/1236/305
f 2394/1237/306 2396/1239/307 2395/1240/307 2393/1238/306
f 2396/1239/307 2398/1241/308 2397/1242/308 2395/1240/307
f 2398/1241/308 2400/1243/309 2399/1244/309 2397/1242/308
f 2400/1243/309 2402/1245/310 2401/1246/310 2399/1244/309
f 2402/1245/310 2404/1247/311 2403/1248/311 2401/1246/310
f 2404/1247/311 2406/1249/312 2405/1250/312 2403/1248/311
f 2406/1249/312 2408/1251/313 2407/1252/313 2405/1250/312
f 2408/1251/313 2410/1253/314 2409/1254/314 2407/1252/313
f 2410/1253/314 2412/1255/315 2411/1256/315 2409/1254/314
f 2412/1255/315 2414/1257/316 2413/1258/316 2411/1256/315
f 2414/1257/316 2416/1259/317 2415/1260/317 2413/1258/316
f 2416/1259/317 2418/1261/318 2417/1262/318 2415/1260/317
f 2418/1261/318 2420/1263/319 2419/1264/319 2417/1262/318
f 2420/1263/319 2422/1265/320 2421/1266/320 2419/1264/319
f 2422/1265/320 2424/1267/321 2423/1268/321 2421/1266/320
f 2424/1267/321 2426/1269/322 2425/1270/322 2423/1268/321
f 2426/1269/322 2428/1271/323 2427/1272/323 2425/1270/322
f 2428/1271/323 2430/1273/324 2429/1274/324 2427/1272/323
f 2430/1273/324 2432/1275/325 2431/1276/325 2429/1274/324
f 2432/1275/325 2434/1277/326 2433/1278/326 2431/1276/325
f 2434/1277/326 2436/1279/327 2435/1280/327 2433/1278/326
f 2436/1279/327 2438/1281/328 2437/1282/328 2435/1280/327
f 2438/1281/328 2440/1283/329 2439/1284/329 2437/1282/328
f 2440/1283/329 2442/1285/330 2441/1286/330 2439/1284/329
f 2442/1285/330 2444/1287/331 2443/1288/331 2441/1286/330
f 2444/1287/331 2446/1289/332 2445/1290/332 2443/1288/331
f 2446/1289/332 2448/1291/333 2447/1292/333 2445/1290/332
f 2448/1291/333 2450/1293/334 2449/1294/334 2447/1292/333
f 2450/1293/334 2452/1295/335 2451/1296/335 2449/1294/334
f 2452/1295/335 2454/1297/336 2453/1298/336 2451/1296/335
f 2454/1297/336 2456/1299/337 2455/1300/337 2453/1298/336
f 2456/1299/337 2458/1301/338 2457/1302/338 2455/1300/337
f 2458/1301/338 2460/1303/339 2459/1304/339 2457/1302/338
f 2460/1303/339 2462/1305/340 2461/1306/340 2459/1304/339
f 2462/1305/340 2464/1307/341 2463/1308/341 2461/1306/340
f 2464/1307/341 2466/1309/342 2465/1310/342 2463/1308/341
f 2466/1309/342 2468/1311/343 2467/1312/343 2465/1310/342
f 2468/1311/343 2470/1313/344 2469/1314/344 2467/1312/343
f 2470/1313/344 2472/1315/345 2471/1316/345 2469/1314/344
f 2472/1315/345 2474/1317/346 2473/1318/346 2471/1316/345
f 2474/1317/346 2476/1319/347 2475/1320/347 2473/1318/346
f 2476/1319/347 2478/1321/348 2477/1322/348 2475/1320/347
f 2478/1321/348 2480/1323/349 2479/1324/349 2477/1322/348
f 2480/1323/349 2482/1325/350 2481/1326/350 2479/1324/349
f 2482/1325/350 2484/1327/351 2483/1328/351 2481/1326/350
f 2484/1327/351 2486/1329/352 2485/1330/352 2483/1328/351
f 2486/1329/352 2488/1331/353 2487/1332/353 2485/1330/352
f 2488/1331/353 2490/1333/354 2489/1334/354 2487/1332/353
f 2490/1333/354 2492/1335/355 2491/1336/355 2489/1334/354
f 2492/1335/355 2494/1337/356 2493/1338/356 2491/1336/355
f 2494/1337/356 2496/1339/357 2495/1340/357 2493/1338/356
f 2496/1339/357 2498/1341/358 2497/1342/358 2495/1340/357
f 2498/1341/358 2500/1343/359 2499/1344/359 2497/1342/358
f 2500/1343/359 2502/1345/360 2501/1346/360 2499/1344/359
f 2502/1345/360 2504/1347/361 2503/1348/361 2501/1346/360
f 2504/1347/361 2506/1349/362 2505/1350/362 2503/1348/361
f 2506/1349/362 2508/1351/363 2507/1352/363 2505/1350/362
f 2508/1351/363 2510/1353/364 2509/1354/364 2507/1352/363
f 2510/1353/364 2512/1355/365 2511/1356/365 2509/1354/364
f 2512/1355/365 2514/1357/366 2513/1358/366 2511/1356/365
f 2514/1357/366 2516/1359/367 2515/1360/367 2513/1358/366
f 2516/1359/367 2518/1361/368 2517/1362/368 2515/1360/367
f 2518/1361/368 2520/1363/369 2519/1364/369 2517/1362/368
f 2520/1363/369 2522/1365/370 2521/1366/370 2519/1364/369
f 2522/1365/370 2524/1367/371 2523/1368/371 2521/1366/370
f 2524/1367/371 2526/1369/372 2525/1370/372 2523/1368/371
f 2526/1369/372 2528/1371/373 2527/1372/373 2525/1370/372
f 2528/1371/373 2530/1373/374 2529/1374/374 2527/1372/373
f 2530/1373/374 2532/1375/375 2531/1376/375 2529/1374/374
f 2532/1375/375 2534/1377/376 2533/1378/376 2531/1376/375
f 2534/1377/376 2536/1379/377 2535/1380/377 2533/1378/376
f 2536/1379/377 2538/1381/378 2537/1382/378 2535/1380/377
f 2538/1381/378 2540/1383/379 2539/1384/379 2537/1382/378
f 2540/1383/379 2542/1385/380 2541/1386/380 2539/1384/379
f 2542/1385/380 2544/1387/381 2543/1388/381 2541/1386/380
f 2544/1387/381 2546/1389/382 2545/1390/382 2543/1388/381
f 2546/1389/382 2548/1391/383 2547/1392/383 2545/1390/382
f 2548/1391/383 2550/1393/384 2549/1394/384 2547/1392/383
f 2550/1393/384 2552/1395/385 2551/1396/385 2549/1394/384
f 2552/1395/385 2554/1397/386 2553/1398/386 2551/1396/385
f 2554/1397/386 2556/1399/387 2555/1400/387 2553/1398/386
f 2556/1399/387 2558/1401/388 2557/1402/388 2555/1400/387
f 2558/1401/388 2560/1403/389 2559/1404/389 2557/1402/388
f 2560/1403/389 2562/1405/390 2561/1406/390 2559/1404/389
f 2562/1405/390 2564/1407/391 2563/1408/391 2561/1406/390
f 2564/1407/391 2566/1409/392 2565/1410/392 2563/1408/391
f 2566/1409/392 2568/1411/393 2567/1412/393 2565/1410/392
f 2568/1411/393 2570/1413/394 2569/1414/394 2567/1412/393
f 2570/1413/394 2572/1415/395 2571/1416/395 2569/1414/394
f 2572/1415/395 2300/1084/259 2299/13/259 2571/1416/395
f 2574/770/396 2576/1417/397 2575/1418/397 2573/15/396
f 2576/1417/397 2578/1419/398 2577/1420/398 2575/1418/397
f 2578/1419/398 2580/1421/399 2579/1422/399 2577/1420/398
f 2580/1421/399 2582/1423/400 2581/1424/400 2579/1422/399
f 2582/1423/400 2584/1425/401 2583/1426/401 2581/1424/400
f 2584/1425/401 2586/1427/402 2585/1428/402 2583/1426/401
f 2586/1427/402 2588/1429/403 2587/1430/403 2585/1428/402
f 2588/1429/403 2590/1431/404 2589/1432/404 2587/1430/403
f 2590/1431/404 2592/1433/405 2591/1434/405 2589/1432/404
f 2592/1433/405 2594/1435/406 2593/1436/406 2591/1434/405
f 2594/1435/406 2596/1437/407 2595/1438/407 2593/1436/406
f 2596/1437/407 2598/1439/408 2597/1440/408 2595/1438/407
f 2598/1439/408 2600/1441/409 2599/1442/409 2597/1440/408
f 2600/1441/409 2602/1443/410 2601/1444/410 2599/1442/409
f 2602/1443/410 2604/1445/411 2603/1446/411 2601/1444/410
f 2604/1445/411 2606/1447/412 2605/1448/412 2603/1446/411
f 2606/1447/412 2608/1449/413 2607/1450/413 2605/1448/412
f 2608/1449/413 2610/1451/414 2609/1452/414 2607/1450/413
f 2610/1451/414 2612/1453/415 2611/1454/415 2609/1452/414
f 2612/1453/415 2614/1455/416 2613/1456/416 2611/1454/415
f 2614/1455/416 2616/1457/417 2615/1458/417 2613/1456/416
f 2616/1457/417 2618/1459/418 2617/1460/418 2615/1458/417
f 2618/1459/418 2620/1461/419 2619/1462/419 2617/1460/418
f 2620/1461/419 2622/1463/420 2621/1464/420 2619/1462/419
f 2622/1463/420 2624/1465/421 2623/1466/421 2621/1464/420
f 2624/1465/421 2626/1467/422 2625/1468/422 2623/1466/421
f 2626/1467/422 2628/1469/423 2627/1470/423 2625/1468/422
f 2628/1469/423 2630/1471/424 2629/1472/424 2627/1470/423
f 2630/1471/424 2632/1473/425 2631/1474/425 2629/1472/424
f 2632/1473/425 2634/1475/426 2633/1476/426 2631/1474/425
f 2634/1475/426 2636/1477/427 2635/1478/427 2633/1476/426
f 2636/1477/427 2638/1479/428 2637/1480/428 2635/1478/427
f 2638/1479/428 2640/1481/429 2639/1482/429 2637/1480/428
f 2640/1481/429 2642/1483/430 2641/1484/430 2639/1482/429
f 2642/1483/430 2644/1485/431 2643/1486/431 2641/1484/430
f 2644/1485/431 2646/1487/432 2645/1488/432 2643/1486/431
f 2646/1487/432 2574/1084/396 2573/13/396 2645/1488/432
f 2648/770/433 2650/1489/434 2649/1490/434 2647/15/433
f 2650/1489/434 2652/1491/435 2651/1492/435 2649/1490/434
f 2652/1491/435 2654/1493/436 2653/1494/436 2651/1492/435
f 2654/1493/436 2656/1495/437 2655/1496/437 2653/1494/436
f 2656/1495/437 2658/1497/438 2657/1498/438 2655/1496/437
f 2658/1497/438 2660/1499/439 2659/1500/439 2657/1498/438
f 2660/1499/439 2662/1501/440 2661/1502/440 2659/1500/439
f 2662/1501/440 2664/1503/441 2663/1504/441 2661/1502/440
f 2664/1503/441 2666/1505/442 2665/1506/442 2663/1504/441
f 2666/1505/442 2668/1507/443 2667/1508/443 2665/1506/442
f 2668/1507/443 2670/1509/444 2669/1510/444 2667/1508/443
f 2670/1509/444 2672/1511/445 2671/1512/445 2669/1510/444
f 2672/1511/445 2674/1513/446 2673/1514/446 2671/1512/445
f 2674/1513/446 2676/1515/447 2675/1516/447 2673/1514/446
f 2676/1515/447 2678/1517/448 2677/1518/448 2675/1516/447
f 2678/1517/448 2680/1519/449 2679/1520/449 2677/1518/448
f 2680/1519/449 2682/1521/450 2681/1522/450 2679/1520/449
f 2682/1521/450 2684/1523/451 2683/1524/451 2681/1522/450
f 2684/1523/451 2686/1525/452 2685/1526/452 2683/1524/451
f 2686/1525/452 2688/1527/453 2687/1528/453 2685/1526/452
f 2688/1527/453 2690/1529/454 2689/1530/454 2687/1528/453
f 2690/1529/454 2692/1531/455 2691/1532/455 2689/1530/454
f 2692/1531/455 2694/1533/456 2693/1534/456 2691/1532/455
f 2694/1533/456 2696/1535/457 2695/1536/457 2693/1534/456
f 2696/1535/457 2698/1537/458 2697/1538/458 2695/1536/457
f 2698/1537/458 2700/1539/459 2699/1540/459 2697/1538/458
f 2700/1539/459 2702/1541/460 2701/1542/460 2699/1540/459
f 2702/1541/460 2704/1543/461 2703/1544/461 2701/1542/460
f 2704/1543/461 2706/1545/462 2705/1546/462 2703/1544/461
f 2706/1545/462 2708/1547/463 2707/1548/463 2705/1546/462
f 2708/1547/463 2710/1549/464 2709/1550/464 2707/1548/463
f 2710/1549/464 2712/1551/465 2711/1552/465 2709/1550/464
f 2712/1551/465 2714/1553/466 2713/1554/466 2711/1552/465
f 2714/1553/466 2716/1555/467 2715/1556/467 2713/1554/466
f 2716/1555/467 2718/1557/468 2717/1558/468 2715/1556/467
f 2718/1557/468 2720/1559/357 2719/1560/357 2717/1558/468
f 2720/1559/357 2722/1561/469 2721/1562/469 2719/1560/357
f 2722/1561/469 2724/1563/470 2723/1564/470 2721/1562/469
f 2724/1563/470 2726/1565/471 2725/1566/471 2723/1564/470
f 2726/1565/471 2728/1567/472 2727/1568/472 2725/1566/471
f 2728/1567/472 2730/1569/473 2729/1570/473 2727/1568/472
f 2730/1569/473 2732/1571/474 2731/1572/474 2729/1570/473
f 2732/1571/474 2734/1573/475 2733/1574/475 2731/1572/474
f 2734/1573/475 2736/1575/476 2735/1576/476 2733/1574/475
f 2736/1575/476 2738/1577/477 2737/1578/477 2735/1576/476
f 2738/1577/477 2740/1579/478 2739/1580/478 2737/1578/477
f 2740/1579/478 2742/1581/479 2741/1582/479 2739/1580/478
f 2742/1581/479 2744/1583/480 2743/1584/480 2741/1582/479
f 2744/1583/480 2746/1585/162 2745/1586/162 2743/1584/480
f 2746/1585/162 2748/1587/481 2747/1588/481 2745/1586/162
f 2748/1587/481 2750/1589/482 2749/1590/482 2747/1588/481
f 2750/1589/482 2752/1591/483 2751/1592/483 2749/1590/482
f 2752/1591/483 2754/1593/484 2753/1594/484 2751/1592/483
f 2754/1593/484 2756/1595/485 2755/1596/485 2753/1594/484
f 2756/1595/485 2758/1597/486 2757/1598/486 2755/1596/485
f 2758/1597/486 2760/1599/487 2759/1600/487 2757/1598/486
f 2760/1599/487 2762/1601/488 2761/1602/488 2759/1600/487
f 2762/1601/488 2764/1603/489 2763/1604/489 2761/1602/488
f 2764/1603/489 2766/1605/490 2765/1606/490 2763/1604/489
f 2766/1605/490 2768/1607/491 2767/1608/491 2765/1606/490
f 2768/1607/491 2770/1609/492 2769/1610/492 2767/1608/491
f 2770/1609/492 2772/1611/493 2771/1612/493 2769/1610/492
f 2772/1611/493 2774/1613/494 2773/1614/494 2771/1612/493
f 2774/1613/494 2776/1615/495 2775/1616/495 2773/1614/494
f 2776/1615/495 2778/1617/496 2777/1618/496 2775/1616/495
f 2778/1617/496 2780/1619/497 2779/1620/497 2777/1618/496
f 2780/1619/497 2782/1621/498 2781/1622/498 2779/1620/497
f 2782/1621/498 2784/1623/499 2783/1624/499 2781/1622/498
f 2784/1623/499 2786/1625/500 2785/1626/500 2783/1624/499
f 2786/1625/500 2788/1627/501 2787/1628/501 2785/1626/500
f 2788/1627/501 2790/1629/502 2789/1630/502 2787/1628/501
f 2790/1629/502 2792/1631/503 2791/1632/503 2789/1630/502
f 2792/1631/503 2794/1633/504 2793/1634/504 2791/1632/503
f 2794/1633/504 2796/1635/505 2795/1636/505 2793/1634/504
f 2796/1635/505 2798/1637/506 2797/1638/506 2795/1636/505
f 2798/1637/506 2800/1639/162 2799/1640/162 2797/1638/506
f 2800/1639/162 2802/1641/481 2801/1642/481 2799/1640/162
f 2802/1641/481 2804/1643/507 2803/1644/507 2801/1642/481
f 2804/1643/507 2806/1645/321 2805/1646/321 2803/1644/507
f 2806/1645/321 2808/1647/508 2807/1648/508 2805/1646/321
f 2808/1647/508 2810/1649/509 2809/1650/509 2807/1648/508
f 2810/1649/509 2812/1651/510 2811/1652/510 2809/1650/509
f 2812/1651/510 2814/1653/511 2813/1654/511 2811/1652/510
f 2814/1653/511 2816/1655/512 2815/1656/512 2813/1654/511
f 2816/1655/512 2818/1657/513 2817/1658/513 2815/1656/512
f 2818/1657/513 2820/1659/514 2819/1660/514 2817/1658/513
f 2820/1659/514 2822/1661/515 2821/1662/515 2819/1660/514
f 2822/1661/515 2824/1663/516 2823/1664/516 2821/1662/515
f 2824/1663/516 2826/1665/517 2825/1666/517 2823/1664/516
f 2826/1665/517 2828/1667/518 2827/1668/518 2825/1666/517
f 2828/1667/518 2830/1669/519 2829/1670/519 2827/1668/518
f 2830/1669/519 2832/1671/520 2831/1672/520 2829/1670/519
f 2832/1671/520 2834/1673/521 2833/1674/521 2831/1672/520
f 2834/1673/521 2836/1675/522 2835/1676/522 2833/1674/521
f 2836/1675/522 2838/1677/523 2837/1678/523 2835/1676/522
f 2838/1677/523 2840/1679/524 2839/1680/524 2837/1678/523
f 2840/1679/524 2842/1681/525 2841/1682/525 2839/1680/524
f 2842/1681/525 2844/1683/526 2843/1684/526 2841/1682/525
f 2844/1683/526 2846/1685/527 2845/1686/527 2843/1684/526
f 2846/1685/527 2848/1687/528 2847/1688/528 2845/1686/527
f 2848/1687/528 2850/1689/529 2849/1690/529 2847/1688/528
f 2850/1689/529 2852/1691/530 2851/1692/530 2849/1690/529
f 2852/1691/530 2854/1693/162 2853/1694/162 2851/1692/530
f 2854/1693/162 2856/1695/481 2855/1696/481 2853/1694/162
f 2856/1695/481 2858/1697/531 2857/1698/531 2855/1696/481
f 2858/1697/531 2860/1699/161 2859/1700/161 2857/1698/531
f 2860/1699/161 2648/1084/433 2647/13/433 2859/1700/161
f 2862/770/532 2864/1701/533 2863/1702/533 2861/15/532
f 2864/1701/533 2866/1417/534 2865/1418/534 2863/1702/533
f 2866/1417/534 2868/1703/535 2867/1704/535 2865/1418/534
f 2868/1703/535 2870/1419/536 2869/1420/536 2867/1704/535
f 2870/1419/536 2872/1705/537 2871/1706/537 2869/1420/536
f 2872/1705/537 2874/1421/538 2873/1422/538 2871/1706/537
f 2874/1421/538 2876/1707/539 2875/1708/539 2873/1422/538
f 2876/1707/539 2878/1423/540 2877/1424/540 2875/1708/539
f 2878/1423/540 2880/1709/541 2879/1710/541 2877/1424/540
f 2880/1709/541 2882/1425/542 2881/1426/542 2879/1710/541
f 2882/1425/542 2884/1711/543 2883/1712/543 2881/1426/542
f 2884/1711/543 2886/1427/544 2885/1428/544 2883/1712/543
f 2886/1427/544 2888/1713/545 2887/1714/545 2885/1428/544
f 2888/1713/545 2890/1429/546 2889/1430/546 2887/1714/545
f 2890/1429/546 2892/1715/547 2891/1716/547 2889/1430/546
f 2892/1715/547 2894/1431/548 2893/1432/548 2891/1716/547
f 2894/1431/548 2896/1717/549 2895/1718/549 2893/1432/548
f 2896/1717/549 2898/1433/550 2897/1434/550 2895/1718/549
f 2898/1433/550 2900/1719/551 2899/1720/551 2897/1434/550
f 2900/1719/551 2902/1435/552 2901/1436/552 2899/1720/551
f 2902/1435/552 2904/1721/553 2903/1722/553 2901/1436/552
f 2904/1721/553 2906/1437/554 2905/1438/554 2903/1722/553
f 2906/1437/554 2908/1723/555 2907/1724/555 2905/1438/554
f 2908/1723/555 2910/1439/556 2909/1440/556 2907/1724/555
f 2910/1439/556 2912/1725/557 2911/1726/557 2909/1440/556
f 2912/1725/557 2914/1441/558 2913/1442/558 2911/1726/557
f 2914/1441/558 2916/1727/559 2915/1728/559 2913/1442/558
f 2916/1727/559 2918/1443/560 2917/1444/560 2915/1728/559
f 2918/1443/560 2920/1729/561 2919/1730/561 2917/1444/560
f 2920/1729/561 2922/1445/562 2921/1446/562 2919/1730/561
f 2922/1445/562 2924/1731/438 2923/1732/438 2921/1446/562
f 2924/1731/438 2926/1447/563 2925/1448/563 2923/1732/438
f 2926/1447/563 2928/1733/564 2927/1734/564 2925/1448/563
f 2928/1733/564 2930/1449/565 2929/1450/565 2927/1734/564
f 2930/1449/565 2932/1735/566 2931/1736/566 2929/1450/565
f 2932/1735/566 2934/1451/567 2933/1452/567 2931/1736/566
f 2934/1451/567 2936/927/568 2935/35/568 2933/1452/567
f 2936/927/568 2938/1453/569 2937/1454/569 2935/35/568
f 2938/1453/569 2940/1737/570 2939/1738/570 2937/1454/569
f 2940/1737/570 2942/1455/571 2941/1456/571 2939/1738/570
f 2942/1455/571 2944/1739/572 2943/1740/572 2941/1456/571
f 2944/1739/572 2946/1457/573 2945/1458/573 2943/1740/572
f 2946/1457/573 2948/1741/574 2947/1742/574 2945/1458/573
f 2948/1741/574 2950/1459/575 2949/1460/575 2947/1742/574
f 2950/1459/575 2952/1743/576 2951/1744/576 2949/1460/575
f 2952/1743/576 2954/1461/577 2953/1462/577 2951/1744/576
f 2954/1461/577 2956/1745/578 2955/1746/578 2953/1462/577
f 2956/1745/578 2958/1463/579 2957/1464/579 2955/1746/578
f 2958/1463/579 2960/1747/580 2959/1748/580 2957/1464/579
f 2960/1747/580 2962/1465/581 2961/1466/581 2959/1748/580
f 2962/1465/581 2964/1749/582 2963/1750/582 2961/1466/581
f 2964/1749/582 2966/1467/583 2965/1468/583 2963/1750/582
f 2966/1467/583 2968/1751/584 2967/1752/584 2965/1468/583
f 2968/1751/584 2970/1469/585 2969/1470/585 2967/1752/584
f 2970/1469/585 2972/1753/586 2971/1754/586 2969/1470/585
f 2972/1753/586 2974/1471/587 2973/1472/587 2971/1754/586
f 2974/1471/587 2976/1755/588 2975/1756/588 2973/1472/587
f 2976/1755/588 2978/1473/589 2977/1474/589 2975/1756/588
f 2978/1473/589 2980/1757/590 2979/1758/590 2977/1474/589
f 2980/1757/590 2982/1475/591 2981/1476/591 2979/1758/590
f 2982/1475/591 2984/1759/592 2983/1760/592 2981/1476/591
f 2984/1759/592 2986/1477/593 2985/1478/593 2983/1760/592
f 2986/1477/593 2988/1761/594 2987/1762/594 2985/1478/593
f 2988/1761/594 2990/1479/595 2989/1480/595 2987/1762/594
f 2990/1479/595 2992/1763/596 2991/1764/596 2989/1480/595
f 2992/1763/596 2994/1481/597 2993/1482/597 2991/1764/596
f 2994/1481/597 2996/1765/598 2995/1766/598 2993/1482/597
f 2996/1765/598 2998/1483/599 2997/1484/599 2995/1766/598
f 2998/1483/599 3000/1767/600 2999/1768/600 2997/1484/599
f 3000/1767/600 3002/1485/601 3001/1486/601 2999/1768/600
f 3002/1485/601 3004/1769/602 3003/1770/602 3001/1486/601
f 3004/1769/602 3006/1487/603 3005/1488/603 3003/1770/602
f 3006/1487/603 3008/1771/604 3007/1772/604 3005/1488/603
f 3008/1771/604 2862/1084/532 2861/13/532 3007/1772/604
f 3010/770/605 3012/1773/606 3011/1774/606 3009/15/605
f 3012/1773/606 3014/1775/108 3013/1776/108 3011/1774/606
f 3014/1775/108 3016/1777/607 3015/1778/607 3013/1776/108
f 3016/1777/607 3018/1779/608 3017/1780/608 3015/1778/607
f 3018/1779/608 3020/833/609 3019/237/609 3017/1780/608
f 3020/833/609 3022/1781/610 3021/1782/610 3019/237/609
f 3022/1781/610 3024/1783/611 3023/1784/611 3021/1782/610
f 3024/1783/611 3026/1785/612 3025/1786/612 3023/1784/611
f 3026/1785/612 3028/1787/613 3027/1788/613 3025/1786/612
f 3028/1787/613 3030/896/614 3029/184/614 3027/1788/613
f 3030/896/614 3032/1789/615 3031/1790/615 3029/184/614
f 3032/1789/615 3034/1791/616 3033/1792/616 3031/1790/615
f 3034/1791/616 3036/1793/617 3035/1794/617 3033/1792/616
f 3036/1793/617 3038/1795/618 3037/1796/618 3035/1794/617
f 3038/1795/618 3040/958/619 3039/206/619 3037/1796/618
f 3040/958/619 3042/1797/620 3041/1798/620 3039/206/619
f 3042/1797/620 3044/1799/621 3043/1800/621 3041/1798/620
f 3044/1799/621 3046/1801/622 3045/1802/622 3043/1800/621
f 3046/1801/622 3048/1803/623 3047/1804/623 3045/1802/622
f 3048/1803/623 3050/1021/624 3049/176/624 3047/1804/623
f 3050/1021/624 3052/1805/625 3051/1806/625 3049/176/624
f 3052/1805/625 3054/1807/626 3053/1808/626 3051/1806/625
f 3054/1807/626 3056/1809/627 3055/1810/627 3053/1808/626
f 3056/1809/627 3058/1811/628 3057/1812/628 3055/1810/627
f 3058/1811/628 3010/1084/605 3009/13/605 3057/1812/628
f 3060/770/629 3062/1085/630 3061/1086/630 3059/15/629
f 3062/1085/630 3064/1087/631 3063/1088/631 3061/1086/630
f 3064/1087/631 3066/789/632 3065/790/632 3063/1088/631
f 3066/789/632 3068/1089/633 3067/1090/633 3065/790/632
f 3068/1089/633 3070/1091/634 3069/1092/634 3067/1090/633
f 3070/1091/634 3072/809/635 3071/810/635 3069/1092/634
f 3072/809/635 3074/1093/636 3073/1094/636 3071/810/635
f 3074/1093/636 3076/1095/637 3075/10/637 3073/1094/636
f 3076/1095/637 3078/829/409 3077/830/409 3075/10/637
f 3078/829/409 3080/1096/638 3079/1097/638 3077/830/409
f 3080/1096/638 3082/1098/639 3081/1099/639 3079/1097/638
f 3082/1098/639 3084/848/640 3083/849/640 3081/1099/639
f 3084/848/640 3086/1100/641 3085/1101/641 3083/849/640
f 3086/1100/641 3088/1102/642 3087/1103/642 3085/1101/641
f 3088/1102/642 3090/868/643 3089/869/643 3087/1103/642
f 3090/868/643 3092/1104/644 3091/9/644 3089/869/643
f 3092/1104/644 3094/1105/645 3093/1106/645 3091/9/644
f 3094/1105/645 3096/888/646 3095/889/646 3093/1106/645
f 3096/888/646 3098/1107/647 3097/1108/647 3095/889/646
f 3098/1107/647 3100/1109/648 3099/1110/648 3097/1108/647
f 3100/1109/648 3102/907/649 3101/908/649 3099/1110/648
f 3102/907/649 3104/1111/650 3103/1112/650 3101/908/649
f 3104/1111/650 3106/1113/651 3105/1114/651 3103/1112/650
f 3106/1113/651 3108/927/652 3107/35/652 3105/1114/651
f 3108/927/652 3110/1115/653 3109/1116/653 3107/35/652
f 3110/1115/653 3112/1117/654 3111/1118/654 3109/1116/653
f 3112/1117/654 3114/946/655 3113/947/655 3111/1118/654
f 3114/946/655 3116/1119/656 3115/1120/656 3113/947/655
f 3116/1119/656 3118/1121/657 3117/1122/657 3115/1120/656
f 3118/1121/657 3120/965/658 3119/966/658 3117/1122/657
f 3120/965/658 3122/1123/659 3121/1124/659 3119/966/658
f 3122/1123/659 3124/1125/660 3123/39/660 3121/1124/659
f 3124/1125/660 3126/985/661 3125/986/661 3123/39/660
f 3126/985/661 3128/1126/662 3127/1127/662 3125/986/661
f 3128/1126/662 3130/1128/663 3129/1129/663 3127/1127/662
f 3130/1128/663 3132/1005/664 3131/1006/664 3129/1129/663
f 3132/1005/664 3134/1130/665 3133/1131/665 3131/1006/664
f 3134/1130/665 3136/1132/666 3135/1133/666 3133/1131/665
f 3136/1132/666 3138/1024/667 3137/1025/667 3135/1133/666
f 3138/1024/667 3140/1134/668 3139/50/668 3137/1025/667
f 3140/1134/668 3142/1135/669 3141/1136/669 3139/50/668
f 3142/1135/669 3144/1044/670 3143/1045/670 3141/1136/669
f 3144/1044/670 3146/1137/671 3145/1138/671 3143/1045/670
f 3146/1137/671 3148/1139/672 3147/1140/672 3145/1138/671
f 3148/1139/672 3150/1064/673 3149/1065/673 3147/1140/672
f 3150/1064/673 3152/1141/674 3151/1142/674 3149/1065/673
f 3152/1141/674 3154/1143/675 3153/1144/675 3151/1142/674
f 3154/1143/675 3060/1084/629 3059/13/629 3153/1144/675
f 3156/770/676 3158/1085/677 3157/1086/677 3155/15/676
f 3158/1085/677 3160/1087/678 3159/1088/678 3157/1086/677
f 3160/1087/678 3162/789/679 3161/790/679 3159/1088/678
f 3162/789/679 3164/1089/680 3163/1090/680 3161/790/679
f 3164/1089/680 3166/1091/681 3165/1092/681 3163/1090/680
f 3166/1091/681 3168/809/682 3167/810/682 3165/1092/681
f 3168/809/682 3170/1093/683 3169/1094/683 3167/810/682
f 3170/1093/683 3172/1095/684 3171/10/684 3169/1094/683
f 3172/1095/684 3174/829/685 3173/830/685 3171/10/684
f 3174/829/685 3176/1096/686 3175/1097/686 3173/830/685
f 3176/1096/686 3178/1098/687 3177/1099/687 3175/1097/686
f 3178/1098/687 3180/848/688 3179/849/688 3177/1099/687
f 3180/848/688 3182/1100/689 3181/1101/689 3179/849/688
f 3182/1100/689 3184/1102/690 3183/1103/690 3181/1101/689
f 3184/1102/690 3186/868/691 3185/869/691 3183/1103/690
f 3186/868/691 3188/1104/692 3187/9/692 3185/869/691
f 3188/1104/692 3190/1105/693 3189/1106/693 3187/9/692
f 3190/1105/693 3192/888/694 3191/889/694 3189/1106/693
f 3192/888/694 3194/1107/695 3193/1108/695 3191/889/694
f 3194/1107/695 3196/1109/696 3195/1110/696 3193/1108/695
f 3196/1109/696 3198/907/697 3197/908/697 3195/1110/696
f 3198/907/697 3200/1111/698 3199/1112/698 3197/908/697
f 3200/1111/698 3202/1113/699 3201/1114/699 3199/1112/698
f 3202/1113/699 3204/927/700 3203/35/700 3201/1114/699
f 3204/927/700 3206/1115/701 3205/1116/701 3203/35/700
f 3206/1115/701 3208/1117/702 3207/1118/702 3205/1116/701
f 3208/1117/702 3210/946/703 3209/947/703 3207/1118/702
f 3210/946/703 3212/1119/704 3211/1120/704 3209/947/703
f 3212/1119/704 3214/1121/705 3213/1122/705 3211/1120/704
f 3214/1121/705 3216/965/706 3215/966/706 3213/1122/705
f 3216/965/706 3218/1123/707 3217/1124/707 3215/966/706
f 3218/1123/707 3220/1125/708 3219/39/708 3217/1124/707
f 3220/1125/708 3222/985/709 3221/986/709 3219/39/708
f 3222/985/709 3224/1126/710 3223/1127/710 3221/986/709
f 3224/1126/710 3226/1128/711 3225/1129/711 3223/1127/710
f 3226/1128/711 3228/1005/712 3227/1006/712 3225/1129/711
f 3228/1005/712 3230/1130/713 3229/1131/713 3227/1006/712
f 3230/1130/713 3232/1132/714 3231/1133/714 3229/1131/713
f 3232/1132/714 3234/1024/715 3233/1025/715 3231/1133/714
f 3234/1024/715 3236/1134/716 3235/50/716 3233/1025/715
f 3236/1134/716 3238/1135/717 3237/1136/717 3235/50/716
f 3238/1135/717 3240/1044/718 3239/1045/718 3237/1136/717
f 3240/1044/718 3242/1137/719 3241/1138/719 3239/1045/718
f 3242/1137/719 3244/1139/720 3243/1140/720 3241/1138/719
f 3244/1139/720 3246/1064/721 3245/1065/721 3243/1140/720
f 3246/1064/721 3248/1141/722 3247/1142/722 3245/1065/721
f 3248/1141/722 3250/1143/723 3249/1144/723 3247/1142/722
f 3250/1143/723 3156/1084/676 3155/13/676 3249/1144/723
f 3252/770/724 3254/1813/725 3253/140/725 3251/15/724
f 3254/1813/725 3256/1814/726 3255/70/726 3253/140/725
f 3256/1814/726 3258/1815/727 3257/69/727 3255/70/726
f 3258/1815/727 3260/1816/728 3259/124/728 3257/69/727
f 3260/1816/728 3262/1817/729 3261/118/729 3259/124/728
f 3262/1817/729 3264/1818/730 3263/73/730 3261/118/729
f 3264/1818/730 3252/1084/724 3251/13/724 3263/73/730
f 3266/770/532 3268/1701/533 3267/1702/533 3265/15/532
f 3268/1701/533 3270/1417/534 3269/1418/534 3267/1702/533
f 3270/1417/534 3272/1703/535 3271/1704/535 3269/1418/534
f 3272/1703/535 3274/1419/536 3273/1420/536 3271/1704/535
f 3274/1419/536 3276/1705/537 3275/1706/537 3273/1420/536
f 3276/1705/537 3278/1421/538 3277/1422/538 3275/1706/537
f 3278/1421/538 3280/1707/539 3279/1708/539 3277/1422/538
f 3280/1707/539 3282/1423/540 3281/1424/540 3279/1708/539
f 3282/1423/540 3284/1709/541 3283/1710/541 3281/1424/540
f 3284/1709/541 3286/1425/542 3285/1426/542 3283/1710/541
f 3286/1425/542 3288/1711/543 3287/1712/543 3285/1426/542
f 3288/1711/543 3290/1427/544 3289/1428/544 3287/1712/543
f 3290/1427/544 3292/1713/545 3291/1714/545 3289/1428/544
f 3292/1713/545 3294/1429/546 3293/1430/546 3291/1714/545
f 3294/1429/546 3296/1715/547 3295/1716/547 3293/1430/546
f 3296/1715/547 3298/1431/548 3297/1432/548 3295/1716/547
f 3298/1431/548 3300/1717/549 3299/1718/549 3297/1432/548
f 3300/1717/549 3302/1433/550 3301/1434/550 3299/1718/549
f 3302/1433/550 3304/1719/551 3303/1720/551 3301/1434/550
f 3304/1719/551 3306/1435/552 3305/1436/552 3303/1720/551
f 3306/1435/552 3308/1721/553 3307/1722/553 3305/1436/552
f 3308/1721/553 3310/1437/554 3309/1438/554 3307/1722/553
f 3310/1437/554 3312/1723/555 3311/1724/555 3309/1438/554
f 3312/1723/555 3314/1439/556 3313/1440/556 3311/1724/555
f 3314/1439/556 3316/1725/557 3315/1726/557 3313/1440/556
f 3316/1725/557 3318/1441/558 3317/1442/558 3315/1726/557
f 3318/1441/558 3320/1727/559 3319/1728/559 3317/1442/558
f 3320/1727/559 3322/1443/560 3321/1444/560 3319/1728/559
f 3322/1443/560 3324/1729/561 3323/1730/561 3321/1444/560
f 3324/1729/561 3326/1445/562 3325/1446/562 3323/1730/561
f 3326/1445/562 3328/1731/438 3327/1732/438 3325/1446/562
f 3328/1731/438 3330/1447/563 3329/1448/563 3327/1732/438
f 3330/1447/563 3332/1733/564 3331/1734/564 3329/1448/563
f 3332/1733/564 3334/1449/565 3333/1450/565 3331/1734/564
f 3334/1449/565 3336/1735/566 3335/1736/566 3333/1450/565
f 3336/1735/566 3338/1451/567 3337/1452/567 3335/1736/566
f 3338/1451/567 3340/927/568 3339/35/568 3337/1452/567
f 3340/927/568 3342/1453/569 3341/1454/569 3339/35/568
f 3342/1453/569 3344/1737/570 3343/1738/570 3341/1454/569
f 3344/1737/570 3346/1455/571 3345/1456/571 3343/1738/570
f 3346/1455/571 3348/1739/572 3347/1740/572 3345/1456/571
f 3348/1739/572 3350/1457/573 3349/1458/573 3347/1740/572
f 3350/1457/573 3352/1741/574 3351/1742/574 3349/1458/573
f 3352/1741/574 3354/1459/575 3353/1460/575 3351/1742/574
f 3354/1459/575 3356/1743/576 3355/1744/576 3353/1460/575
f 3356/1743/576 3358/1461/577 3357/1462/577 3355/1744/576
f 3358/1461/577 3360/1745/578 3359/1746/578 3357/1462/577
f 3360/1745/578 3362/1463/579 3361/1464/579 3359/1746/578
f 3362/1463/579 3364/1747/580 3363/1748/580 3361/1464/579
f 3364/1747/580 3366/1465/581 3365/1466/581 3363/1748/580
f 3366/1465/581 3368/1749/582 3367/1750/582 3365/1466/581
f 3368/1749/582 3370/1467/583 3369/1468/583 3367/1750/582
f 3370/1467/583 3372/1751/584 3371/1752/584 3369/1468/583
f 3372/1751/584 3374/1469/585 3373/1470/585 3371/1752/584
f 3374/1469/585 3376/1753/586 3375/1754/586 3373/1470/585
f 3376/1753/586 3378/1471/587 3377/1472/587 3375/1754/586
f 3378/1471/587 3380/1755/588 3379/1756/588 3377/1472/587
f 3380/1755/588 3382/1473/589 3381/1474/589 3379/1756/588
f 3382/1473/589 3384/1757/590 3383/1758/590 3381/1474/589
f 3384/1757/590 3386/1475/591 3385/1476/591 3383/1758/590
f 3386/1475/591 3388/1759/592 3387/1760/592 3385/1476/591
f 3388/1759/592 3390/1477/593 3389/1478/593 3387/1760/592
f 3390/1477/593 3392/1761/594 3391/1762/594 3389/1478/593
f 3392/1761/594 3394/1479/595 3393/1480/595 3391/1762/594
f 3394/1479/595 3396/1763/596 3395/1764/596 3393/1480/595
f 3396/1763/596 3398/1481/597 3397/1482/597 3395/1764/596
f 3398/1481/597 3400/1765/598 3399/1766/598 3397/1482/597
f 3400/1765/598 3402/1483/599 3401/1484/599 3399/1766/598
f 3402/1483/599 3404/1767/600 3403/1768/600 3401/1484/599
f 3404/1767/600 3406/1485/601 3405/1486/601 3403/1768/600
f 3406/1485/601 3408/1769/602 3407/1770/602 3405/1486/601
f 3408/1769/602 3410/1487/603 3409/1488/603 3407/1770/602
f 3410/1487/603 3412/1771/604 3411/1772/604 3409/1488/603
f 3412/1771/604 3266/1084/532 3265/13/532 3411/1772/604
f 3414/770/605 3416/1773/606 3415/1774/606 3413/15/605
f 3416/1773/606 3418/1775/108 3417/1776/108 3415/1774/606
f 3418/1775/108 3420/1777/607 3419/1778/607 3417/1776/108
f 3420/1777/607 3422/1779/608 3421/1780/608 3419/1778/607
f 3422/1779/608 3424/833/609 3423/237/609 3421/1780/608
f 3424/833/609 3426/1781/610 3425/1782/610 3423/237/609
f 3426/1781/610 3428/1783/731 3427/1784/731 3425/1782/610
f 3428/1783/731 3430/1785/612 3429/1786/612 3427/1784/731
f 3430/1785/612 3432/1787/613 3431/1788/613 3429/1786/612
f 3432/1787/613 3434/896/614 3433/184/614 3431/1788/613
f 3434/896/614 3436/1789/615 3435/1790/615 3433/184/614
f 3436/1789/615 3438/1791/616 3437/1792/616 3435/1790/615
f 3438/1791/616 3440/1793/617 3439/1794/617 3437/1792/616
f 3440/1793/617 3442/1795/618 3441/1796/618 3439/1794/617
f 3442/1795/618 3444/958/619 3443/206/619 3441/1796/618
f 3444/958/619 3446/1797/620 3445/1798/620 3443/206/619
f 3446/1797/620 3448/1799/621 3447/1800/621 3445/1798/620
f 3448/1799/621 3450/1801/732 3449/1802/732 3447/1800/621
f 3450/1801/732 3452/1803/623 3451/1804/623 3449/1802/732
f 3452/1803/623 3454/1021/624 3453/176/624 3451/1804/623
f 3454/1021/624 3456/1805/625 3455/1806/625 3453/176/624
f 3456/1805/625 3458/1807/626 3457/1808/626 3455/1806/625
f 3458/1807/626 3460/1809/627 3459/1810/627 3457/1808/626
f 3460/1809/627 3462/1811/628 3461/1812/628 3459/1810/627
f 3462/1811/628 3414/1084/605 3413/13/605 3461/1812/628
f 3464/770/161 3466/1819/733 3465/1820/733 3463/15/161
f 3466/1819/733 3468/1821/734 3467/1822/734 3465/1820/733
f 3468/1821/734 3470/1823/735 3469/1824/735 3467/1822/734
f 3470/1823/735 3472/1825/193 3471/1826/193 3469/1824/735
f 3472/1825/193 3474/1827/736 3473/1828/736 3471/1826/193
f 3474/1827/736 3476/1829/737 3475/1830/737 3473/1828/736
f 3476/1829/737 3478/1831/738 3477/1832/738 3475/1830/737
f 3478/1831/738 3480/1833/739 3479/1834/739 3477/1832/738
f 3480/1833/739 3482/1835/740 3481/1836/740 3479/1834/739
f 3482/1835/740 3484/1837/741 3483/1838/741 3481/1836/740
f 3484/1837/741 3486/833/742 3485/237/742 3483/1838/741
f 3486/833/742 3488/1839/743 3487/1840/743 3485/237/742
f 3488/1839/743 3490/1841/744 3489/1842/744 3487/1840/743
f 3490/1841/744 3492/1843/745 3491/1844/745 3489/1842/744
f 3492/1843/745 3494/1845/746 3493/1846/746 3491/1844/745
f 3494/1845/746 3496/1847/747 3495/1848/747 3493/1846/746
f 3496/1847/747 3498/1849/748 3497/1850/748 3495/1848/747
f 3498/1849/748 3500/1851/749 3499/1852/749 3497/1850/748
f 3500/1851/749 3502/1853/750 3501/1854/750 3499/1852/749
f 3502/1853/750 3504/1855/751 3503/1856/751 3501/1854/750
f 3504/1855/751 3506/1857/43 3505/1858/43 3503/1856/751
f 3506/1857/43 3508/896/752 3507/184/752 3505/1858/43
f 3508/896/752 3510/1859/753 3509/1860/753 3507/184/752
f 3510/1859/753 3512/1861/754 3511/1862/754 3509/1860/753
f 3512/1861/754 3514/1863/755 3513/1864/755 3511/1862/754
f 3514/1863/755 3516/1865/756 3515/1866/756 3513/1864/755
f 3516/1865/756 3518/1867/757 3517/1868/757 3515/1866/756
f 3518/1867/757 3520/1869/758 3519/1870/758 3517/1868/757
f 3520/1869/758 3522/1871/759 3521/1872/759 3519/1870/758
f 3522/1871/759 3524/1873/760 3523/1874/760 3521/1872/759
f 3524/1873/760 3526/1875/761 3525/1876/761 3523/1874/760
f 3526/1875/761 3528/1877/762 3527/1878/762 3525/1876/761
f 3528/1877/762 3530/958/763 3529/206/763 3527/1878/762
f 3530/958/763 3532/1879/764 3531/1880/764 3529/206/763
f 3532/1879/764 3534/1881/765 3533/1882/765 3531/1880/764
f 3534/1881/765 3536/1883/766 3535/1884/766 3533/1882/765
f 3536/1883/766 3538/1885/767 3537/1886/767 3535/1884/766
f 3538/1885/767 3540/1887/768 3539/1888/768 3537/1886/767
f 3540/1887/768 3542/1889/212 3541/1890/212 3539/1888/768
f 3542/1889/212 3544/1891/769 3543/1892/769 3541/1890/212
f 3544/1891/769 3546/1893/770 3545/1894/770 3543/1892/769
f 3546/1893/770 3548/1895/771 3547/1896/771 3545/1894/770
f 3548/1895/771 3550/1897/27 3549/1898/27 3547/1896/771
f 3550/1897/27 3552/1021/772 3551/176/772 3549/1898/27
f 3552/1021/772 3554/1899/773 3553/1900/773 3551/176/772
f 3554/1899/773 3556/1901/774 3555/1902/774 3553/1900/773
f 3556/1901/774 3558/1903/775 3557/1904/775 3555/1902/774
f 3558/1903/775 3560/1905/776 3559/1906/776 3557/1904/775
f 3560/1905/776 3562/1907/777 3561/1908/777 3559/1906/776
f 3562/1907/777 3564/1909/778 3563/1910/778 3561/1908/777
f 3564/1909/778 3566/1911/162 3565/1912/162 3563/1910/778
f 3566/1911/162 3568/1913/481 3567/1914/481 3565/1912/162
f 3568/1913/481 3570/1915/531 3569/1916/531 3567/1914/481
f 3570/1915/531 3572/1917/161 3571/1918/161 3569/1916/531
f 3572/1917/161 3464/1084/161 3463/13/161 3571/1918/161
